[{"model": "admin.logentry", "pk": 1, "fields": {"action_time": "2021-08-20T09:47:37.396Z", "user": 1, "content_type": 58, "object_id": "1", "object_repr": "Case object (1)", "action_flag": 1, "change_message": "[{\"added\": {}}]"}}, {"model": "admin.logentry", "pk": 2, "fields": {"action_time": "2021-08-20T14:17:16.901Z", "user": 1, "content_type": 4, "object_id": "2", "object_repr": "Baha", "action_flag": 1, "change_message": "[{\"added\": {}}, {\"added\": {\"name\": \"\\u041f\\u043e\\u0437\\u0438\\u0446\\u0438\\u044f\", \"object\": \"Monitor\"}}]"}}, {"model": "admin.logentry", "pk": 3, "fields": {"action_time": "2021-08-20T14:26:16.000Z", "user": 1, "content_type": 4, "object_id": "2", "object_repr": "Baha", "action_flag": 2, "change_message": "[]"}}, {"model": "admin.logentry", "pk": 4, "fields": {"action_time": "2021-08-20T14:31:57.226Z", "user": 1, "content_type": 4, "object_id": "2", "object_repr": "Baha", "action_flag": 2, "change_message": "[{\"added\": {\"name\": \"\\u0421\\u0442\\u0440\\u0430\\u043d\\u0430\", \"object\": \"\\u0422\\u0443\\u0440\\u043a\\u043c\\u0435\\u043d\\u0438\\u0441\\u0442\\u0430\\u043d\"}}]"}}, {"model": "admin.logentry", "pk": 5, "fields": {"action_time": "2021-08-20T14:39:28.287Z", "user": 1, "content_type": 4, "object_id": "3", "object_repr": "Test", "action_flag": 1, "change_message": "[{\"added\": {}}]"}}, {"model": "admin.logentry", "pk": 6, "fields": {"action_time": "2021-09-06T08:24:14.895Z", "user": 1, "content_type": 4, "object_id": "4", "object_repr": "erubtsova@solidaritycenter.org", "action_flag": 1, "change_message": "[{\"added\": {}}, {\"added\": {\"name\": \"\\u0421\\u0442\\u0440\\u0430\\u043d\\u0430\", \"object\": \"\\u041a\\u044b\\u0440\\u0433\\u044b\\u0437\\u0441\\u0442\\u0430\\u043d\"}}, {\"added\": {\"name\": \"\\u041f\\u043e\\u0437\\u0438\\u0446\\u0438\\u044f\", \"object\": \"Admin\"}}]"}}, {"model": "admin.logentry", "pk": 7, "fields": {"action_time": "2021-09-06T08:25:05.175Z", "user": 1, "content_type": 4, "object_id": "4", "object_repr": "erubtsova@solidaritycenter.org", "action_flag": 2, "change_message": "[{\"changed\": {\"fields\": [\"Superuser status\"]}}]"}}, {"model": "admin.logentry", "pk": 8, "fields": {"action_time": "2021-09-06T08:48:08.127Z", "user": 1, "content_type": 4, "object_id": "4", "object_repr": "erubtsova@solidaritycenter.org", "action_flag": 2, "change_message": "[{\"changed\": {\"fields\": [\"First name\"]}}]"}}, {"model": "admin.logentry", "pk": 9, "fields": {"action_time": "2021-09-13T09:16:04.527Z", "user": 1, "content_type": 4, "object_id": "4", "object_repr": "erubtsova@solidaritycenter.org", "action_flag": 3, "change_message": ""}}, {"model": "admin.logentry", "pk": 10, "fields": {"action_time": "2021-09-13T09:17:47.401Z", "user": 1, "content_type": 4, "object_id": "4", "object_repr": "erubtsova@solidaritycenter.org", "action_flag": 2, "change_message": "[{\"changed\": {\"fields\": [\"Email address\"]}}]"}}, {"model": "admin.logentry", "pk": 11, "fields": {"action_time": "2021-09-13T09:18:16.041Z", "user": 1, "content_type": 4, "object_id": "5", "object_repr": "l.chub1986@gmail.com", "action_flag": 1, "change_message": "[{\"added\": {}}, {\"added\": {\"name\": \"\\u0421\\u0442\\u0440\\u0430\\u043d\\u0430\", \"object\": \"\\u041a\\u044b\\u0440\\u0433\\u044b\\u0437\\u0441\\u0442\\u0430\\u043d\"}}, {\"added\": {\"name\": \"\\u041f\\u043e\\u0437\\u0438\\u0446\\u0438\\u044f\", \"object\": \"Monitor\"}}]"}}, {"model": "admin.logentry", "pk": 12, "fields": {"action_time": "2021-09-13T09:43:48.199Z", "user": 1, "content_type": 4, "object_id": "5", "object_repr": "l.chub1986@gmail.com", "action_flag": 3, "change_message": ""}}, {"model": "admin.logentry", "pk": 13, "fields": {"action_time": "2021-09-13T09:44:37.255Z", "user": 1, "content_type": 4, "object_id": "5", "object_repr": "l.chub1986@gmail.com", "action_flag": 2, "change_message": "[]"}}, {"model": "admin.logentry", "pk": 14, "fields": {"action_time": "2021-09-13T13:49:43.135Z", "user": 1, "content_type": 4, "object_id": "4", "object_repr": "erubtsova@solidaritycenter.org", "action_flag": 2, "change_message": "[{\"changed\": {\"fields\": [\"password\"]}}]"}}, {"model": "admin.logentry", "pk": 15, "fields": {"action_time": "2021-09-14T11:09:42.748Z", "user": 1, "content_type": 4, "object_id": "5", "object_repr": "l.chub1986@gmail.com", "action_flag": 3, "change_message": ""}}, {"model": "admin.logentry", "pk": 16, "fields": {"action_time": "2021-09-14T11:10:39.198Z", "user": 1, "content_type": 4, "object_id": "5", "object_repr": "l.chub1986@gmail.com", "action_flag": 3, "change_message": ""}}, {"model": "admin.logentry", "pk": 17, "fields": {"action_time": "2021-09-15T07:18:54.713Z", "user": 1, "content_type": 4, "object_id": "4", "object_repr": "chubalena@mail.ru", "action_flag": 2, "change_message": "[{\"changed\": {\"fields\": [\"Username\", \"Email address\"]}}]"}}, {"model": "admin.logentry", "pk": 18, "fields": {"action_time": "2021-09-15T07:38:31.193Z", "user": 1, "content_type": 4, "object_id": "6", "object_repr": "monitorKR1", "action_flag": 1, "change_message": "[{\"added\": {}}, {\"added\": {\"name\": \"\\u0421\\u0442\\u0440\\u0430\\u043d\\u0430\", \"object\": \"\\u041a\\u044b\\u0440\\u0433\\u044b\\u0437\\u0441\\u0442\\u0430\\u043d\"}}, {\"added\": {\"name\": \"\\u041f\\u043e\\u0437\\u0438\\u0446\\u0438\\u044f\", \"object\": \"Monitor\"}}]"}}, {"model": "admin.logentry", "pk": 19, "fields": {"action_time": "2021-09-15T07:40:22.113Z", "user": 1, "content_type": 4, "object_id": "6", "object_repr": "monitorKR1", "action_flag": 2, "change_message": "[]"}}, {"model": "admin.logentry", "pk": 20, "fields": {"action_time": "2021-09-15T07:43:29.308Z", "user": 1, "content_type": 4, "object_id": "6", "object_repr": "monitorKR1", "action_flag": 2, "change_message": "[{\"changed\": {\"fields\": [\"Email address\"]}}]"}}, {"model": "admin.logentry", "pk": 21, "fields": {"action_time": "2021-09-24T05:01:09.747Z", "user": 1, "content_type": 4, "object_id": "6", "object_repr": "monitorKR1", "action_flag": 2, "change_message": "[{\"changed\": {\"fields\": [\"password\"]}}]"}}, {"model": "admin.logentry", "pk": 22, "fields": {"action_time": "2021-09-28T05:42:13.702Z", "user": 1, "content_type": 4, "object_id": "6", "object_repr": "monitorKR1", "action_flag": 2, "change_message": "[{\"changed\": {\"fields\": [\"password\"]}}]"}}, {"model": "admin.logentry", "pk": 23, "fields": {"action_time": "2021-09-30T06:47:04.312Z", "user": 1, "content_type": 4, "object_id": "3", "object_repr": "Test", "action_flag": 3, "change_message": ""}}, {"model": "admin.logentry", "pk": 24, "fields": {"action_time": "2021-09-30T06:47:14.211Z", "user": 1, "content_type": 4, "object_id": "4", "object_repr": "chubalena@mail.ru", "action_flag": 3, "change_message": ""}}, {"model": "admin.logentry", "pk": 25, "fields": {"action_time": "2021-09-30T06:47:24.941Z", "user": 1, "content_type": 4, "object_id": "4", "object_repr": "chubalena@mail.ru", "action_flag": 3, "change_message": ""}}, {"model": "admin.logentry", "pk": 26, "fields": {"action_time": "2021-09-30T06:50:49.193Z", "user": 1, "content_type": 4, "object_id": "1", "object_repr": "admin", "action_flag": 2, "change_message": "[{\"changed\": {\"fields\": [\"password\"]}}]"}}, {"model": "admin.logentry", "pk": 27, "fields": {"action_time": "2021-09-30T06:51:08.507Z", "user": 1, "content_type": 4, "object_id": "1", "object_repr": "admin", "action_flag": 2, "change_message": "[{\"changed\": {\"fields\": [\"Email address\"]}}]"}}, {"model": "admin.logentry", "pk": 28, "fields": {"action_time": "2021-09-30T06:52:01.396Z", "user": 1, "content_type": 4, "object_id": "4", "object_repr": "chubalena@mail.ru", "action_flag": 3, "change_message": ""}}, {"model": "admin.logentry", "pk": 29, "fields": {"action_time": "2021-09-30T06:52:20.062Z", "user": 1, "content_type": 4, "object_id": "5", "object_repr": "l.chub1986@gmail.com", "action_flag": 3, "change_message": ""}}, {"model": "admin.logentry", "pk": 30, "fields": {"action_time": "2021-09-30T06:53:21.948Z", "user": 1, "content_type": 4, "object_id": "4", "object_repr": "chubalena@mail.ru", "action_flag": 2, "change_message": "[{\"changed\": {\"fields\": [\"First name\"]}}, {\"changed\": {\"name\": \"\\u041f\\u043e\\u0437\\u0438\\u0446\\u0438\\u044f\", \"object\": \"Monitor\", \"fields\": [\"\\u041f\\u043e\\u0437\\u0438\\u0446\\u0438\\u044f\"]}}]"}}, {"model": "admin.logentry", "pk": 31, "fields": {"action_time": "2021-09-30T06:53:35.197Z", "user": 1, "content_type": 4, "object_id": "5", "object_repr": "l.chub1986@gmail.com", "action_flag": 3, "change_message": ""}}, {"model": "admin.logentry", "pk": 32, "fields": {"action_time": "2021-09-30T06:53:44.241Z", "user": 1, "content_type": 4, "object_id": "4", "object_repr": "chubalena@mail.ru", "action_flag": 3, "change_message": ""}}, {"model": "admin.logentry", "pk": 33, "fields": {"action_time": "2021-09-30T06:57:34.685Z", "user": 1, "content_type": 4, "object_id": "6", "object_repr": "monitorKR", "action_flag": 2, "change_message": "[{\"changed\": {\"fields\": [\"Username\"]}}]"}}, {"model": "admin.logentry", "pk": 34, "fields": {"action_time": "2021-09-30T07:01:05.710Z", "user": 1, "content_type": 4, "object_id": "7", "object_repr": "monitorKR1", "action_flag": 1, "change_message": "[{\"added\": {}}, {\"added\": {\"name\": \"\\u0421\\u0442\\u0440\\u0430\\u043d\\u0430\", \"object\": \"\\u041a\\u044b\\u0440\\u0433\\u044b\\u0437\\u0441\\u0442\\u0430\\u043d\"}}, {\"added\": {\"name\": \"\\u041f\\u043e\\u0437\\u0438\\u0446\\u0438\\u044f\", \"object\": \"Monitor\"}}]"}}, {"model": "admin.logentry", "pk": 35, "fields": {"action_time": "2021-09-30T07:01:28.002Z", "user": 1, "content_type": 4, "object_id": "7", "object_repr": "monitorKR1", "action_flag": 2, "change_message": "[{\"changed\": {\"fields\": [\"Email address\"]}}]"}}, {"model": "admin.logentry", "pk": 36, "fields": {"action_time": "2021-09-30T07:03:22.323Z", "user": 1, "content_type": 4, "object_id": "8", "object_repr": "monitorKR2", "action_flag": 1, "change_message": "[{\"added\": {}}, {\"added\": {\"name\": \"\\u0421\\u0442\\u0440\\u0430\\u043d\\u0430\", \"object\": \"\\u041a\\u044b\\u0440\\u0433\\u044b\\u0437\\u0441\\u0442\\u0430\\u043d\"}}, {\"added\": {\"name\": \"\\u041f\\u043e\\u0437\\u0438\\u0446\\u0438\\u044f\", \"object\": \"Monitor\"}}]"}}, {"model": "admin.logentry", "pk": 37, "fields": {"action_time": "2021-09-30T07:03:47.171Z", "user": 1, "content_type": 4, "object_id": "8", "object_repr": "monitorKR2", "action_flag": 2, "change_message": "[{\"changed\": {\"fields\": [\"Email address\"]}}]"}}, {"model": "admin.logentry", "pk": 38, "fields": {"action_time": "2021-09-30T07:06:07.922Z", "user": 1, "content_type": 4, "object_id": "9", "object_repr": "monitorKR3", "action_flag": 1, "change_message": "[{\"added\": {}}, {\"added\": {\"name\": \"\\u0421\\u0442\\u0440\\u0430\\u043d\\u0430\", \"object\": \"\\u041a\\u044b\\u0440\\u0433\\u044b\\u0437\\u0441\\u0442\\u0430\\u043d\"}}, {\"added\": {\"name\": \"\\u041f\\u043e\\u0437\\u0438\\u0446\\u0438\\u044f\", \"object\": \"Monitor\"}}]"}}, {"model": "admin.logentry", "pk": 39, "fields": {"action_time": "2021-09-30T07:06:46.070Z", "user": 1, "content_type": 4, "object_id": "9", "object_repr": "monitorKR3", "action_flag": 2, "change_message": "[{\"changed\": {\"fields\": [\"Email address\"]}}]"}}, {"model": "admin.logentry", "pk": 40, "fields": {"action_time": "2021-09-30T07:07:51.424Z", "user": 1, "content_type": 4, "object_id": "10", "object_repr": "monitorKR4", "action_flag": 1, "change_message": "[{\"added\": {}}, {\"added\": {\"name\": \"\\u0421\\u0442\\u0440\\u0430\\u043d\\u0430\", \"object\": \"\\u041a\\u044b\\u0440\\u0433\\u044b\\u0437\\u0441\\u0442\\u0430\\u043d\"}}, {\"added\": {\"name\": \"\\u041f\\u043e\\u0437\\u0438\\u0446\\u0438\\u044f\", \"object\": \"Monitor\"}}]"}}, {"model": "admin.logentry", "pk": 41, "fields": {"action_time": "2021-09-30T07:08:11.860Z", "user": 1, "content_type": 4, "object_id": "10", "object_repr": "monitorKR4", "action_flag": 2, "change_message": "[{\"changed\": {\"fields\": [\"Email address\"]}}]"}}, {"model": "admin.logentry", "pk": 42, "fields": {"action_time": "2021-09-30T07:09:41.369Z", "user": 1, "content_type": 4, "object_id": "11", "object_repr": "monitorKR5", "action_flag": 1, "change_message": "[{\"added\": {}}, {\"added\": {\"name\": \"\\u0421\\u0442\\u0440\\u0430\\u043d\\u0430\", \"object\": \"\\u041a\\u044b\\u0440\\u0433\\u044b\\u0437\\u0441\\u0442\\u0430\\u043d\"}}, {\"added\": {\"name\": \"\\u041f\\u043e\\u0437\\u0438\\u0446\\u0438\\u044f\", \"object\": \"Monitor\"}}]"}}, {"model": "admin.logentry", "pk": 43, "fields": {"action_time": "2021-09-30T07:10:00.608Z", "user": 1, "content_type": 4, "object_id": "11", "object_repr": "monitorKR5", "action_flag": 2, "change_message": "[{\"changed\": {\"fields\": [\"Email address\"]}}]"}}, {"model": "admin.logentry", "pk": 44, "fields": {"action_time": "2021-09-30T07:10:36.366Z", "user": 1, "content_type": 4, "object_id": "12", "object_repr": "monitorKR6", "action_flag": 1, "change_message": "[{\"added\": {}}, {\"added\": {\"name\": \"\\u0421\\u0442\\u0440\\u0430\\u043d\\u0430\", \"object\": \"\\u041a\\u044b\\u0440\\u0433\\u044b\\u0437\\u0441\\u0442\\u0430\\u043d\"}}, {\"added\": {\"name\": \"\\u041f\\u043e\\u0437\\u0438\\u0446\\u0438\\u044f\", \"object\": \"Monitor\"}}]"}}, {"model": "admin.logentry", "pk": 45, "fields": {"action_time": "2021-09-30T07:10:59.444Z", "user": 1, "content_type": 4, "object_id": "12", "object_repr": "monitorKR6", "action_flag": 2, "change_message": "[{\"changed\": {\"fields\": [\"Email address\"]}}]"}}, {"model": "admin.logentry", "pk": 46, "fields": {"action_time": "2021-09-30T07:11:37.914Z", "user": 1, "content_type": 4, "object_id": "13", "object_repr": "monitorKR7", "action_flag": 1, "change_message": "[{\"added\": {}}, {\"added\": {\"name\": \"\\u0421\\u0442\\u0440\\u0430\\u043d\\u0430\", \"object\": \"\\u041a\\u044b\\u0440\\u0433\\u044b\\u0437\\u0441\\u0442\\u0430\\u043d\"}}, {\"added\": {\"name\": \"\\u041f\\u043e\\u0437\\u0438\\u0446\\u0438\\u044f\", \"object\": \"Monitor\"}}]"}}, {"model": "admin.logentry", "pk": 47, "fields": {"action_time": "2021-09-30T07:11:54.302Z", "user": 1, "content_type": 4, "object_id": "13", "object_repr": "monitorKR7", "action_flag": 2, "change_message": "[{\"changed\": {\"fields\": [\"Email address\"]}}]"}}, {"model": "admin.logentry", "pk": 48, "fields": {"action_time": "2021-09-30T07:13:24.660Z", "user": 1, "content_type": 4, "object_id": "14", "object_repr": "monitorKR8", "action_flag": 1, "change_message": "[{\"added\": {}}, {\"added\": {\"name\": \"\\u0421\\u0442\\u0440\\u0430\\u043d\\u0430\", \"object\": \"\\u041a\\u044b\\u0440\\u0433\\u044b\\u0437\\u0441\\u0442\\u0430\\u043d\"}}, {\"added\": {\"name\": \"\\u041f\\u043e\\u0437\\u0438\\u0446\\u0438\\u044f\", \"object\": \"Monitor\"}}]"}}, {"model": "admin.logentry", "pk": 49, "fields": {"action_time": "2021-09-30T07:13:32.823Z", "user": 1, "content_type": 4, "object_id": "14", "object_repr": "monitorKR8", "action_flag": 2, "change_message": "[{\"changed\": {\"fields\": [\"Email address\"]}}]"}}, {"model": "admin.logentry", "pk": 50, "fields": {"action_time": "2021-09-30T07:14:14.736Z", "user": 1, "content_type": 4, "object_id": "15", "object_repr": "monitorUZ1", "action_flag": 1, "change_message": "[{\"added\": {}}, {\"added\": {\"name\": \"\\u0421\\u0442\\u0440\\u0430\\u043d\\u0430\", \"object\": \"\\u0423\\u0437\\u0431\\u0435\\u043a\\u0438\\u0441\\u0442\\u0430\\u043d\"}}, {\"added\": {\"name\": \"\\u041f\\u043e\\u0437\\u0438\\u0446\\u0438\\u044f\", \"object\": \"Monitor\"}}]"}}, {"model": "admin.logentry", "pk": 51, "fields": {"action_time": "2021-09-30T07:14:35.634Z", "user": 1, "content_type": 4, "object_id": "15", "object_repr": "monitorUZ1", "action_flag": 2, "change_message": "[{\"changed\": {\"fields\": [\"Email address\"]}}]"}}, {"model": "admin.logentry", "pk": 52, "fields": {"action_time": "2021-09-30T07:15:24.766Z", "user": 1, "content_type": 4, "object_id": "16", "object_repr": "Admin1", "action_flag": 1, "change_message": "[{\"added\": {}}, {\"added\": {\"name\": \"\\u041f\\u043e\\u0437\\u0438\\u0446\\u0438\\u044f\", \"object\": \"Admin\"}}]"}}, {"model": "admin.logentry", "pk": 53, "fields": {"action_time": "2021-09-30T07:15:42.301Z", "user": 1, "content_type": 4, "object_id": "16", "object_repr": "Admin1", "action_flag": 2, "change_message": "[{\"changed\": {\"fields\": [\"Email address\"]}}]"}}, {"model": "admin.logentry", "pk": 54, "fields": {"action_time": "2021-09-30T07:19:28.489Z", "user": 1, "content_type": 4, "object_id": "12", "object_repr": "monitorKR6", "action_flag": 2, "change_message": "[{\"changed\": {\"fields\": [\"password\"]}}]"}}, {"model": "admin.logentry", "pk": 55, "fields": {"action_time": "2021-09-30T07:19:48.010Z", "user": 1, "content_type": 4, "object_id": "12", "object_repr": "monitorKR6", "action_flag": 2, "change_message": "[]"}}, {"model": "admin.logentry", "pk": 56, "fields": {"action_time": "2021-10-04T04:53:49.055Z", "user": 1, "content_type": 4, "object_id": "17", "object_repr": "adminRK", "action_flag": 1, "change_message": "[{\"added\": {}}, {\"added\": {\"name\": \"\\u0421\\u0442\\u0440\\u0430\\u043d\\u0430\", \"object\": \"\\u041a\\u0430\\u0437\\u0430\\u0445\\u0441\\u0442\\u0430\\u043d\"}}, {\"added\": {\"name\": \"\\u041f\\u043e\\u0437\\u0438\\u0446\\u0438\\u044f\", \"object\": \"Country Admin\"}}]"}}, {"model": "admin.logentry", "pk": 57, "fields": {"action_time": "2021-10-04T04:54:11.098Z", "user": 1, "content_type": 4, "object_id": "17", "object_repr": "adminRK", "action_flag": 2, "change_message": "[{\"changed\": {\"fields\": [\"Email address\"]}}]"}}, {"model": "admin.logentry", "pk": 58, "fields": {"action_time": "2021-10-04T05:15:29.863Z", "user": 1, "content_type": 4, "object_id": "18", "object_repr": "adminRK1", "action_flag": 1, "change_message": "[{\"added\": {}}, {\"added\": {\"name\": \"\\u0421\\u0442\\u0440\\u0430\\u043d\\u0430\", \"object\": \"\\u041a\\u0430\\u0437\\u0430\\u0445\\u0441\\u0442\\u0430\\u043d\"}}, {\"added\": {\"name\": \"\\u041f\\u043e\\u0437\\u0438\\u0446\\u0438\\u044f\", \"object\": \"Country Admin\"}}]"}}, {"model": "admin.logentry", "pk": 59, "fields": {"action_time": "2021-10-04T05:15:50.602Z", "user": 1, "content_type": 4, "object_id": "18", "object_repr": "adminRK1", "action_flag": 2, "change_message": "[{\"changed\": {\"fields\": [\"Email address\"]}}]"}}, {"model": "admin.logentry", "pk": 60, "fields": {"action_time": "2021-10-04T05:16:12.871Z", "user": 1, "content_type": 4, "object_id": "2", "object_repr": "Baha", "action_flag": 3, "change_message": ""}}, {"model": "admin.logentry", "pk": 61, "fields": {"action_time": "2021-10-04T05:17:24.428Z", "user": 1, "content_type": 4, "object_id": "2", "object_repr": "Baha", "action_flag": 2, "change_message": "[{\"changed\": {\"fields\": [\"password\"]}}]"}}, {"model": "admin.logentry", "pk": 62, "fields": {"action_time": "2021-10-04T05:18:04.371Z", "user": 1, "content_type": 4, "object_id": "2", "object_repr": "monitorRK1", "action_flag": 2, "change_message": "[{\"changed\": {\"fields\": [\"Username\", \"Email address\"]}}, {\"changed\": {\"name\": \"\\u0421\\u0442\\u0440\\u0430\\u043d\\u0430\", \"object\": \"\\u041a\\u0430\\u0437\\u0430\\u0445\\u0441\\u0442\\u0430\\u043d\", \"fields\": [\"\\u0421\\u0442\\u0440\\u0430\\u043d\\u0430\"]}}]"}}, {"model": "admin.logentry", "pk": 63, "fields": {"action_time": "2021-10-04T05:19:15.434Z", "user": 1, "content_type": 4, "object_id": "5", "object_repr": "l.chub1986@gmail.com", "action_flag": 2, "change_message": "[{\"changed\": {\"fields\": [\"password\"]}}]"}}, {"model": "admin.logentry", "pk": 64, "fields": {"action_time": "2021-10-04T05:19:45.920Z", "user": 1, "content_type": 4, "object_id": "5", "object_repr": "monitorRK2", "action_flag": 2, "change_message": "[{\"changed\": {\"fields\": [\"Username\", \"Email address\"]}}, {\"changed\": {\"name\": \"\\u0421\\u0442\\u0440\\u0430\\u043d\\u0430\", \"object\": \"\\u041a\\u0430\\u0437\\u0430\\u0445\\u0441\\u0442\\u0430\\u043d\", \"fields\": [\"\\u0421\\u0442\\u0440\\u0430\\u043d\\u0430\"]}}]"}}, {"model": "admin.logentry", "pk": 65, "fields": {"action_time": "2021-10-04T05:20:33.265Z", "user": 1, "content_type": 4, "object_id": "19", "object_repr": "monitorRK3", "action_flag": 1, "change_message": "[{\"added\": {}}, {\"added\": {\"name\": \"\\u0421\\u0442\\u0440\\u0430\\u043d\\u0430\", \"object\": \"\\u041a\\u0430\\u0437\\u0430\\u0445\\u0441\\u0442\\u0430\\u043d\"}}, {\"added\": {\"name\": \"\\u041f\\u043e\\u0437\\u0438\\u0446\\u0438\\u044f\", \"object\": \"Monitor\"}}]"}}, {"model": "admin.logentry", "pk": 66, "fields": {"action_time": "2021-10-04T05:20:48.051Z", "user": 1, "content_type": 4, "object_id": "19", "object_repr": "monitorRK3", "action_flag": 2, "change_message": "[{\"changed\": {\"fields\": [\"Email address\"]}}]"}}, {"model": "admin.logentry", "pk": 67, "fields": {"action_time": "2021-10-04T05:32:37.784Z", "user": 1, "content_type": 4, "object_id": "20", "object_repr": "monitorRK4", "action_flag": 1, "change_message": "[{\"added\": {}}, {\"added\": {\"name\": \"\\u0421\\u0442\\u0440\\u0430\\u043d\\u0430\", \"object\": \"\\u041a\\u0430\\u0437\\u0430\\u0445\\u0441\\u0442\\u0430\\u043d\"}}, {\"added\": {\"name\": \"\\u041f\\u043e\\u0437\\u0438\\u0446\\u0438\\u044f\", \"object\": \"Monitor\"}}]"}}, {"model": "admin.logentry", "pk": 68, "fields": {"action_time": "2021-10-04T05:32:52.074Z", "user": 1, "content_type": 4, "object_id": "20", "object_repr": "monitorRK4", "action_flag": 2, "change_message": "[{\"changed\": {\"fields\": [\"Email address\"]}}]"}}, {"model": "admin.logentry", "pk": 69, "fields": {"action_time": "2021-10-04T05:35:15.370Z", "user": 1, "content_type": 4, "object_id": "21", "object_repr": "monitorRK5", "action_flag": 1, "change_message": "[{\"added\": {}}, {\"added\": {\"name\": \"\\u0421\\u0442\\u0440\\u0430\\u043d\\u0430\", \"object\": \"\\u041a\\u0430\\u0437\\u0430\\u0445\\u0441\\u0442\\u0430\\u043d\"}}, {\"added\": {\"name\": \"\\u041f\\u043e\\u0437\\u0438\\u0446\\u0438\\u044f\", \"object\": \"Monitor\"}}]"}}, {"model": "admin.logentry", "pk": 70, "fields": {"action_time": "2021-10-04T05:35:30.793Z", "user": 1, "content_type": 4, "object_id": "21", "object_repr": "monitorRK5", "action_flag": 2, "change_message": "[{\"changed\": {\"fields\": [\"Email address\"]}}]"}}, {"model": "admin.logentry", "pk": 71, "fields": {"action_time": "2021-10-04T05:36:32.501Z", "user": 1, "content_type": 4, "object_id": "22", "object_repr": "monitorRK6", "action_flag": 1, "change_message": "[{\"added\": {}}, {\"added\": {\"name\": \"\\u0421\\u0442\\u0440\\u0430\\u043d\\u0430\", \"object\": \"\\u041a\\u0430\\u0437\\u0430\\u0445\\u0441\\u0442\\u0430\\u043d\"}}, {\"added\": {\"name\": \"\\u041f\\u043e\\u0437\\u0438\\u0446\\u0438\\u044f\", \"object\": \"Monitor\"}}]"}}, {"model": "admin.logentry", "pk": 72, "fields": {"action_time": "2021-10-04T05:36:47.169Z", "user": 1, "content_type": 4, "object_id": "22", "object_repr": "monitorRK6", "action_flag": 2, "change_message": "[{\"changed\": {\"fields\": [\"Email address\"]}}]"}}, {"model": "admin.logentry", "pk": 73, "fields": {"action_time": "2021-10-04T05:37:37.716Z", "user": 1, "content_type": 4, "object_id": "23", "object_repr": "monitorRK7", "action_flag": 1, "change_message": "[{\"added\": {}}, {\"added\": {\"name\": \"\\u0421\\u0442\\u0440\\u0430\\u043d\\u0430\", \"object\": \"\\u041a\\u0430\\u0437\\u0430\\u0445\\u0441\\u0442\\u0430\\u043d\"}}, {\"added\": {\"name\": \"\\u041f\\u043e\\u0437\\u0438\\u0446\\u0438\\u044f\", \"object\": \"Monitor\"}}]"}}, {"model": "admin.logentry", "pk": 74, "fields": {"action_time": "2021-10-04T05:37:55.726Z", "user": 1, "content_type": 4, "object_id": "23", "object_repr": "monitorRK7", "action_flag": 2, "change_message": "[{\"changed\": {\"fields\": [\"Email address\"]}}]"}}, {"model": "admin.logentry", "pk": 75, "fields": {"action_time": "2021-10-04T05:38:57.331Z", "user": 1, "content_type": 4, "object_id": "24", "object_repr": "monitorRK8", "action_flag": 1, "change_message": "[{\"added\": {}}, {\"added\": {\"name\": \"\\u0421\\u0442\\u0440\\u0430\\u043d\\u0430\", \"object\": \"\\u041a\\u0430\\u0437\\u0430\\u0445\\u0441\\u0442\\u0430\\u043d\"}}, {\"added\": {\"name\": \"\\u041f\\u043e\\u0437\\u0438\\u0446\\u0438\\u044f\", \"object\": \"Monitor\"}}]"}}, {"model": "admin.logentry", "pk": 76, "fields": {"action_time": "2021-10-04T05:39:11.245Z", "user": 1, "content_type": 4, "object_id": "24", "object_repr": "monitorRK8", "action_flag": 2, "change_message": "[{\"changed\": {\"fields\": [\"Email address\"]}}]"}}, {"model": "admin.logentry", "pk": 77, "fields": {"action_time": "2021-10-04T05:40:04.001Z", "user": 1, "content_type": 4, "object_id": "25", "object_repr": "monitorRK9", "action_flag": 1, "change_message": "[{\"added\": {}}, {\"added\": {\"name\": \"\\u0421\\u0442\\u0440\\u0430\\u043d\\u0430\", \"object\": \"\\u041a\\u0430\\u0437\\u0430\\u0445\\u0441\\u0442\\u0430\\u043d\"}}, {\"added\": {\"name\": \"\\u041f\\u043e\\u0437\\u0438\\u0446\\u0438\\u044f\", \"object\": \"Monitor\"}}]"}}, {"model": "admin.logentry", "pk": 78, "fields": {"action_time": "2021-10-04T05:40:19.782Z", "user": 1, "content_type": 4, "object_id": "25", "object_repr": "monitorRK9", "action_flag": 2, "change_message": "[{\"changed\": {\"fields\": [\"Email address\"]}}]"}}, {"model": "admin.logentry", "pk": 79, "fields": {"action_time": "2021-10-04T05:41:15.985Z", "user": 1, "content_type": 4, "object_id": "26", "object_repr": "monitorRK10", "action_flag": 1, "change_message": "[{\"added\": {}}, {\"added\": {\"name\": \"\\u0421\\u0442\\u0440\\u0430\\u043d\\u0430\", \"object\": \"\\u041a\\u0430\\u0437\\u0430\\u0445\\u0441\\u0442\\u0430\\u043d\"}}, {\"added\": {\"name\": \"\\u041f\\u043e\\u0437\\u0438\\u0446\\u0438\\u044f\", \"object\": \"Monitor\"}}]"}}, {"model": "admin.logentry", "pk": 80, "fields": {"action_time": "2021-10-04T05:41:28.905Z", "user": 1, "content_type": 4, "object_id": "26", "object_repr": "monitorRK10", "action_flag": 2, "change_message": "[{\"changed\": {\"fields\": [\"Email address\"]}}]"}}, {"model": "admin.logentry", "pk": 81, "fields": {"action_time": "2021-10-04T05:42:14.586Z", "user": 1, "content_type": 4, "object_id": "27", "object_repr": "monitorRK11", "action_flag": 1, "change_message": "[{\"added\": {}}, {\"added\": {\"name\": \"\\u0421\\u0442\\u0440\\u0430\\u043d\\u0430\", \"object\": \"\\u041a\\u0430\\u0437\\u0430\\u0445\\u0441\\u0442\\u0430\\u043d\"}}, {\"added\": {\"name\": \"\\u041f\\u043e\\u0437\\u0438\\u0446\\u0438\\u044f\", \"object\": \"Monitor\"}}]"}}, {"model": "admin.logentry", "pk": 82, "fields": {"action_time": "2021-10-04T05:42:29.491Z", "user": 1, "content_type": 4, "object_id": "27", "object_repr": "monitorRK11", "action_flag": 2, "change_message": "[{\"changed\": {\"fields\": [\"Email address\"]}}]"}}, {"model": "admin.logentry", "pk": 83, "fields": {"action_time": "2021-10-04T05:43:02.485Z", "user": 1, "content_type": 4, "object_id": "28", "object_repr": "monitorRK12", "action_flag": 1, "change_message": "[{\"added\": {}}, {\"added\": {\"name\": \"\\u0421\\u0442\\u0440\\u0430\\u043d\\u0430\", \"object\": \"\\u041a\\u0430\\u0437\\u0430\\u0445\\u0441\\u0442\\u0430\\u043d\"}}, {\"added\": {\"name\": \"\\u041f\\u043e\\u0437\\u0438\\u0446\\u0438\\u044f\", \"object\": \"Monitor\"}}]"}}, {"model": "admin.logentry", "pk": 84, "fields": {"action_time": "2021-10-04T05:43:20.870Z", "user": 1, "content_type": 4, "object_id": "28", "object_repr": "monitorRK12", "action_flag": 2, "change_message": "[{\"changed\": {\"fields\": [\"Email address\"]}}]"}}, {"model": "admin.logentry", "pk": 85, "fields": {"action_time": "2021-10-04T05:43:59.568Z", "user": 1, "content_type": 4, "object_id": "29", "object_repr": "monitorRK13", "action_flag": 1, "change_message": "[{\"added\": {}}, {\"added\": {\"name\": \"\\u0421\\u0442\\u0440\\u0430\\u043d\\u0430\", \"object\": \"\\u041a\\u0430\\u0437\\u0430\\u0445\\u0441\\u0442\\u0430\\u043d\"}}, {\"added\": {\"name\": \"\\u041f\\u043e\\u0437\\u0438\\u0446\\u0438\\u044f\", \"object\": \"Monitor\"}}]"}}, {"model": "admin.logentry", "pk": 86, "fields": {"action_time": "2021-10-04T05:44:12.723Z", "user": 1, "content_type": 4, "object_id": "29", "object_repr": "monitorRK13", "action_flag": 2, "change_message": "[{\"changed\": {\"fields\": [\"Email address\"]}}]"}}, {"model": "admin.logentry", "pk": 87, "fields": {"action_time": "2021-10-04T05:44:51.898Z", "user": 1, "content_type": 4, "object_id": "30", "object_repr": "monitorRK14", "action_flag": 1, "change_message": "[{\"added\": {}}, {\"added\": {\"name\": \"\\u0421\\u0442\\u0440\\u0430\\u043d\\u0430\", \"object\": \"\\u041a\\u0430\\u0437\\u0430\\u0445\\u0441\\u0442\\u0430\\u043d\"}}, {\"added\": {\"name\": \"\\u041f\\u043e\\u0437\\u0438\\u0446\\u0438\\u044f\", \"object\": \"Monitor\"}}]"}}, {"model": "admin.logentry", "pk": 88, "fields": {"action_time": "2021-10-04T05:45:10.697Z", "user": 1, "content_type": 4, "object_id": "30", "object_repr": "monitorRK14", "action_flag": 2, "change_message": "[{\"changed\": {\"fields\": [\"Email address\"]}}]"}}, {"model": "admin.logentry", "pk": 89, "fields": {"action_time": "2021-10-04T05:45:44.237Z", "user": 1, "content_type": 4, "object_id": "31", "object_repr": "monitorRK15", "action_flag": 1, "change_message": "[{\"added\": {}}, {\"added\": {\"name\": \"\\u0421\\u0442\\u0440\\u0430\\u043d\\u0430\", \"object\": \"\\u041a\\u0430\\u0437\\u0430\\u0445\\u0441\\u0442\\u0430\\u043d\"}}, {\"added\": {\"name\": \"\\u041f\\u043e\\u0437\\u0438\\u0446\\u0438\\u044f\", \"object\": \"Monitor\"}}]"}}, {"model": "admin.logentry", "pk": 90, "fields": {"action_time": "2021-10-04T05:46:00.701Z", "user": 1, "content_type": 4, "object_id": "31", "object_repr": "monitorRK15", "action_flag": 2, "change_message": "[{\"changed\": {\"fields\": [\"Email address\"]}}]"}}, {"model": "admin.logentry", "pk": 91, "fields": {"action_time": "2021-10-13T07:58:57.409Z", "user": 32, "content_type": 4, "object_id": "32", "object_repr": "dolon", "action_flag": 2, "change_message": "[{\"added\": {\"name\": \"\\u041f\\u043e\\u0437\\u0438\\u0446\\u0438\\u044f\", \"object\": \"Admin\"}}]"}}, {"model": "auth.permission", "pk": 1, "fields": {"name": "Can add log entry", "content_type": 1, "codename": "add_logentry"}}, {"model": "auth.permission", "pk": 2, "fields": {"name": "Can change log entry", "content_type": 1, "codename": "change_logentry"}}, {"model": "auth.permission", "pk": 3, "fields": {"name": "Can delete log entry", "content_type": 1, "codename": "delete_logentry"}}, {"model": "auth.permission", "pk": 4, "fields": {"name": "Can view log entry", "content_type": 1, "codename": "view_logentry"}}, {"model": "auth.permission", "pk": 5, "fields": {"name": "Can add permission", "content_type": 2, "codename": "add_permission"}}, {"model": "auth.permission", "pk": 6, "fields": {"name": "Can change permission", "content_type": 2, "codename": "change_permission"}}, {"model": "auth.permission", "pk": 7, "fields": {"name": "Can delete permission", "content_type": 2, "codename": "delete_permission"}}, {"model": "auth.permission", "pk": 8, "fields": {"name": "Can view permission", "content_type": 2, "codename": "view_permission"}}, {"model": "auth.permission", "pk": 9, "fields": {"name": "Can add group", "content_type": 3, "codename": "add_group"}}, {"model": "auth.permission", "pk": 10, "fields": {"name": "Can change group", "content_type": 3, "codename": "change_group"}}, {"model": "auth.permission", "pk": 11, "fields": {"name": "Can delete group", "content_type": 3, "codename": "delete_group"}}, {"model": "auth.permission", "pk": 12, "fields": {"name": "Can view group", "content_type": 3, "codename": "view_group"}}, {"model": "auth.permission", "pk": 13, "fields": {"name": "Can add user", "content_type": 4, "codename": "add_user"}}, {"model": "auth.permission", "pk": 14, "fields": {"name": "Can change user", "content_type": 4, "codename": "change_user"}}, {"model": "auth.permission", "pk": 15, "fields": {"name": "Can delete user", "content_type": 4, "codename": "delete_user"}}, {"model": "auth.permission", "pk": 16, "fields": {"name": "Can view user", "content_type": 4, "codename": "view_user"}}, {"model": "auth.permission", "pk": 17, "fields": {"name": "Can add content type", "content_type": 5, "codename": "add_contenttype"}}, {"model": "auth.permission", "pk": 18, "fields": {"name": "Can change content type", "content_type": 5, "codename": "change_contenttype"}}, {"model": "auth.permission", "pk": 19, "fields": {"name": "Can delete content type", "content_type": 5, "codename": "delete_contenttype"}}, {"model": "auth.permission", "pk": 20, "fields": {"name": "Can view content type", "content_type": 5, "codename": "view_contenttype"}}, {"model": "auth.permission", "pk": 21, "fields": {"name": "Can add session", "content_type": 6, "codename": "add_session"}}, {"model": "auth.permission", "pk": 22, "fields": {"name": "Can change session", "content_type": 6, "codename": "change_session"}}, {"model": "auth.permission", "pk": 23, "fields": {"name": "Can delete session", "content_type": 6, "codename": "delete_session"}}, {"model": "auth.permission", "pk": 24, "fields": {"name": "Can view session", "content_type": 6, "codename": "view_session"}}, {"model": "auth.permission", "pk": 25, "fields": {"name": "Can add Token", "content_type": 7, "codename": "add_token"}}, {"model": "auth.permission", "pk": 26, "fields": {"name": "Can change Token", "content_type": 7, "codename": "change_token"}}, {"model": "auth.permission", "pk": 27, "fields": {"name": "Can delete Token", "content_type": 7, "codename": "delete_token"}}, {"model": "auth.permission", "pk": 28, "fields": {"name": "Can view Token", "content_type": 7, "codename": "view_token"}}, {"model": "auth.permission", "pk": 29, "fields": {"name": "Can add token", "content_type": 8, "codename": "add_tokenproxy"}}, {"model": "auth.permission", "pk": 30, "fields": {"name": "Can change token", "content_type": 8, "codename": "change_tokenproxy"}}, {"model": "auth.permission", "pk": 31, "fields": {"name": "Can delete token", "content_type": 8, "codename": "delete_tokenproxy"}}, {"model": "auth.permission", "pk": 32, "fields": {"name": "Can view token", "content_type": 8, "codename": "view_tokenproxy"}}, {"model": "auth.permission", "pk": 33, "fields": {"name": "Can add Уточнение, если договора нет", "content_type": 9, "codename": "add_agreementdetailno"}}, {"model": "auth.permission", "pk": 34, "fields": {"name": "Can change Уточнение, если договора нет", "content_type": 9, "codename": "change_agreementdetailno"}}, {"model": "auth.permission", "pk": 35, "fields": {"name": "Can delete Уточнение, если договора нет", "content_type": 9, "codename": "delete_agreementdetailno"}}, {"model": "auth.permission", "pk": 36, "fields": {"name": "Can view Уточнение, если договора нет", "content_type": 9, "codename": "view_agreementdetailno"}}, {"model": "auth.permission", "pk": 37, "fields": {"name": "Can add Уточнение, если договор есть", "content_type": 10, "codename": "add_agreementdetailyes"}}, {"model": "auth.permission", "pk": 38, "fields": {"name": "Can change Уточнение, если договор есть", "content_type": 10, "codename": "change_agreementdetailyes"}}, {"model": "auth.permission", "pk": 39, "fields": {"name": "Can delete Уточнение, если договор есть", "content_type": 10, "codename": "delete_agreementdetailyes"}}, {"model": "auth.permission", "pk": 40, "fields": {"name": "Can view Уточнение, если договор есть", "content_type": 10, "codename": "view_agreementdetailyes"}}, {"model": "auth.permission", "pk": 41, "fields": {"name": "Can add Запрет на въезд", "content_type": 11, "codename": "add_banonentry"}}, {"model": "auth.permission", "pk": 42, "fields": {"name": "Can change Запрет на въезд", "content_type": 11, "codename": "change_banonentry"}}, {"model": "auth.permission", "pk": 43, "fields": {"name": "Can delete Запрет на въезд", "content_type": 11, "codename": "delete_banonentry"}}, {"model": "auth.permission", "pk": 44, "fields": {"name": "Can view Запрет на въезд", "content_type": 11, "codename": "view_banonentry"}}, {"model": "auth.permission", "pk": 45, "fields": {"name": "Can add Кейс мигрант", "content_type": 12, "codename": "add_case"}}, {"model": "auth.permission", "pk": 46, "fields": {"name": "Can change Кейс мигрант", "content_type": 12, "codename": "change_case"}}, {"model": "auth.permission", "pk": 47, "fields": {"name": "Can delete Кейс мигрант", "content_type": 12, "codename": "delete_case"}}, {"model": "auth.permission", "pk": 48, "fields": {"name": "Can view Кейс мигрант", "content_type": 12, "codename": "view_case"}}, {"model": "auth.permission", "pk": 49, "fields": {"name": "Can add Изменение в зарплате", "content_type": 13, "codename": "add_changesinsalary"}}, {"model": "auth.permission", "pk": 50, "fields": {"name": "Can change Изменение в зарплате", "content_type": 13, "codename": "change_changesinsalary"}}, {"model": "auth.permission", "pk": 51, "fields": {"name": "Can delete Изменение в зарплате", "content_type": 13, "codename": "delete_changesinsalary"}}, {"model": "auth.permission", "pk": 52, "fields": {"name": "Can view Изменение в зарплате", "content_type": 13, "codename": "view_changesinsalary"}}, {"model": "auth.permission", "pk": 53, "fields": {"name": "Can add Страна", "content_type": 14, "codename": "add_country"}}, {"model": "auth.permission", "pk": 54, "fields": {"name": "Can change Страна", "content_type": 14, "codename": "change_country"}}, {"model": "auth.permission", "pk": 55, "fields": {"name": "Can delete Страна", "content_type": 14, "codename": "delete_country"}}, {"model": "auth.permission", "pk": 56, "fields": {"name": "Can view Страна", "content_type": 14, "codename": "view_country"}}, {"model": "auth.permission", "pk": 57, "fields": {"name": "Can add Страна", "content_type": 15, "codename": "add_countryfrom"}}, {"model": "auth.permission", "pk": 58, "fields": {"name": "Can change Страна", "content_type": 15, "codename": "change_countryfrom"}}, {"model": "auth.permission", "pk": 59, "fields": {"name": "Can delete Страна", "content_type": 15, "codename": "delete_countryfrom"}}, {"model": "auth.permission", "pk": 60, "fields": {"name": "Can view Страна", "content_type": 15, "codename": "view_countryfrom"}}, {"model": "auth.permission", "pk": 61, "fields": {"name": "Can add Образование", "content_type": 16, "codename": "add_education"}}, {"model": "auth.permission", "pk": 62, "fields": {"name": "Can change Образование", "content_type": 16, "codename": "change_education"}}, {"model": "auth.permission", "pk": 63, "fields": {"name": "Can delete Образование", "content_type": 16, "codename": "delete_education"}}, {"model": "auth.permission", "pk": 64, "fields": {"name": "Can view Образование", "content_type": 16, "codename": "view_education"}}, {"model": "auth.permission", "pk": 65, "fields": {"name": "Can add Количество сотрудников предприятия", "content_type": 17, "codename": "add_employeescount"}}, {"model": "auth.permission", "pk": 66, "fields": {"name": "Can change Количество сотрудников предприятия", "content_type": 17, "codename": "change_employeescount"}}, {"model": "auth.permission", "pk": 67, "fields": {"name": "Can delete Количество сотрудников предприятия", "content_type": 17, "codename": "delete_employeescount"}}, {"model": "auth.permission", "pk": 68, "fields": {"name": "Can view Количество сотрудников предприятия", "content_type": 17, "codename": "view_employeescount"}}, {"model": "auth.permission", "pk": 69, "fields": {"name": "Can add Количество сотрудников", "content_type": 18, "codename": "add_entrepreneuremployeescount"}}, {"model": "auth.permission", "pk": 70, "fields": {"name": "Can change Количество сотрудников", "content_type": 18, "codename": "change_entrepreneuremployeescount"}}, {"model": "auth.permission", "pk": 71, "fields": {"name": "Can delete Количество сотрудников", "content_type": 18, "codename": "delete_entrepreneuremployeescount"}}, {"model": "auth.permission", "pk": 72, "fields": {"name": "Can view Количество сотрудников", "content_type": 18, "codename": "view_entrepreneuremployeescount"}}, {"model": "auth.permission", "pk": 73, "fields": {"name": "Can add Пол", "content_type": 19, "codename": "add_gender"}}, {"model": "auth.permission", "pk": 74, "fields": {"name": "Can change Пол", "content_type": 19, "codename": "change_gender"}}, {"model": "auth.permission", "pk": 75, "fields": {"name": "Can delete Пол", "content_type": 19, "codename": "delete_gender"}}, {"model": "auth.permission", "pk": 76, "fields": {"name": "Can view Пол", "content_type": 19, "codename": "view_gender"}}, {"model": "auth.permission", "pk": 77, "fields": {"name": "Can add Характеристика группы", "content_type": 20, "codename": "add_grouptype"}}, {"model": "auth.permission", "pk": 78, "fields": {"name": "Can change Характеристика группы", "content_type": 20, "codename": "change_grouptype"}}, {"model": "auth.permission", "pk": 79, "fields": {"name": "Can delete Характеристика группы", "content_type": 20, "codename": "delete_grouptype"}}, {"model": "auth.permission", "pk": 80, "fields": {"name": "Can view Характеристика группы", "content_type": 20, "codename": "view_grouptype"}}, {"model": "auth.permission", "pk": 81, "fields": {"name": "Can add Способ нанятия на работу", "content_type": 21, "codename": "add_hireway"}}, {"model": "auth.permission", "pk": 82, "fields": {"name": "Can change Способ нанятия на работу", "content_type": 21, "codename": "change_hireway"}}, {"model": "auth.permission", "pk": 83, "fields": {"name": "Can delete Способ нанятия на работу", "content_type": 21, "codename": "delete_hireway"}}, {"model": "auth.permission", "pk": 84, "fields": {"name": "Can view Способ нанятия на работу", "content_type": 21, "codename": "view_hireway"}}, {"model": "auth.permission", "pk": 85, "fields": {"name": "Can add Страна", "content_type": 22, "codename": "add_individualcountry"}}, {"model": "auth.permission", "pk": 86, "fields": {"name": "Can change Страна", "content_type": 22, "codename": "change_individualcountry"}}, {"model": "auth.permission", "pk": 87, "fields": {"name": "Can delete Страна", "content_type": 22, "codename": "delete_individualcountry"}}, {"model": "auth.permission", "pk": 88, "fields": {"name": "Can view Страна", "content_type": 22, "codename": "view_individualcountry"}}, {"model": "auth.permission", "pk": 89, "fields": {"name": "Can add Источник информации", "content_type": 23, "codename": "add_infosource"}}, {"model": "auth.permission", "pk": 90, "fields": {"name": "Can change Источник информации", "content_type": 23, "codename": "change_infosource"}}, {"model": "auth.permission", "pk": 91, "fields": {"name": "Can delete Источник информации", "content_type": 23, "codename": "delete_infosource"}}, {"model": "auth.permission", "pk": 92, "fields": {"name": "Can view Источник информации", "content_type": 23, "codename": "view_infosource"}}, {"model": "auth.permission", "pk": 93, "fields": {"name": "Can add Нарушитель", "content_type": 24, "codename": "add_intruder"}}, {"model": "auth.permission", "pk": 94, "fields": {"name": "Can change Нарушитель", "content_type": 24, "codename": "change_intruder"}}, {"model": "auth.permission", "pk": 95, "fields": {"name": "Can delete Нарушитель", "content_type": 24, "codename": "delete_intruder"}}, {"model": "auth.permission", "pk": 96, "fields": {"name": "Can view Нарушитель", "content_type": 24, "codename": "view_intruder"}}, {"model": "auth.permission", "pk": 97, "fields": {"name": "Can add Членство в профсоюзе участников группы", "content_type": 25, "codename": "add_membershipofgrouppersons"}}, {"model": "auth.permission", "pk": 98, "fields": {"name": "Can change Членство в профсоюзе участников группы", "content_type": 25, "codename": "change_membershipofgrouppersons"}}, {"model": "auth.permission", "pk": 99, "fields": {"name": "Can delete Членство в профсоюзе участников группы", "content_type": 25, "codename": "delete_membershipofgrouppersons"}}, {"model": "auth.permission", "pk": 100, "fields": {"name": "Can view Членство в профсоюзе участников группы", "content_type": 25, "codename": "view_membershipofgrouppersons"}}, {"model": "auth.permission", "pk": 101, "fields": {"name": "Can add Характер нарушения", "content_type": 26, "codename": "add_natureviolation"}}, {"model": "auth.permission", "pk": 102, "fields": {"name": "Can change Характер нарушения", "content_type": 26, "codename": "change_natureviolation"}}, {"model": "auth.permission", "pk": 103, "fields": {"name": "Can delete Характер нарушения", "content_type": 26, "codename": "delete_natureviolation"}}, {"model": "auth.permission", "pk": 104, "fields": {"name": "Can view Характер нарушения", "content_type": 26, "codename": "view_natureviolation"}}, {"model": "auth.permission", "pk": 105, "fields": {"name": "Can add Форма собственности", "content_type": 27, "codename": "add_ownershiptype"}}, {"model": "auth.permission", "pk": 106, "fields": {"name": "Can change Форма собственности", "content_type": 27, "codename": "change_ownershiptype"}}, {"model": "auth.permission", "pk": 107, "fields": {"name": "Can delete Форма собственности", "content_type": 27, "codename": "delete_ownershiptype"}}, {"model": "auth.permission", "pk": 108, "fields": {"name": "Can view Форма собственности", "content_type": 27, "codename": "view_ownershiptype"}}, {"model": "auth.permission", "pk": 109, "fields": {"name": "Can add Способ выдачи", "content_type": 28, "codename": "add_payway"}}, {"model": "auth.permission", "pk": 110, "fields": {"name": "Can change Способ выдачи", "content_type": 28, "codename": "change_payway"}}, {"model": "auth.permission", "pk": 111, "fields": {"name": "Can delete Способ выдачи", "content_type": 28, "codename": "delete_payway"}}, {"model": "auth.permission", "pk": 112, "fields": {"name": "Can view Способ выдачи", "content_type": 28, "codename": "view_payway"}}, {"model": "auth.permission", "pk": 113, "fields": {"name": "Can add Нарушенное право", "content_type": 29, "codename": "add_right"}}, {"model": "auth.permission", "pk": 114, "fields": {"name": "Can change Нарушенное право", "content_type": 29, "codename": "change_right"}}, {"model": "auth.permission", "pk": 115, "fields": {"name": "Can delete Нарушенное право", "content_type": 29, "codename": "delete_right"}}, {"model": "auth.permission", "pk": 116, "fields": {"name": "Can view Нарушенное право", "content_type": 29, "codename": "view_right"}}, {"model": "auth.permission", "pk": 117, "fields": {"name": "Can add Ситуация с правами", "content_type": 30, "codename": "add_rightsstate"}}, {"model": "auth.permission", "pk": 118, "fields": {"name": "Can change Ситуация с правами", "content_type": 30, "codename": "change_rightsstate"}}, {"model": "auth.permission", "pk": 119, "fields": {"name": "Can delete Ситуация с правами", "content_type": 30, "codename": "delete_rightsstate"}}, {"model": "auth.permission", "pk": 120, "fields": {"name": "Can view Ситуация с правами", "content_type": 30, "codename": "view_rightsstate"}}, {"model": "auth.permission", "pk": 121, "fields": {"name": "Can add Численность профсоюза после произошедшего", "content_type": 31, "codename": "add_tradeunioncount"}}, {"model": "auth.permission", "pk": 122, "fields": {"name": "Can change Численность профсоюза после произошедшего", "content_type": 31, "codename": "change_tradeunioncount"}}, {"model": "auth.permission", "pk": 123, "fields": {"name": "Can delete Численность профсоюза после произошедшего", "content_type": 31, "codename": "delete_tradeunioncount"}}, {"model": "auth.permission", "pk": 124, "fields": {"name": "Can view Численность профсоюза после произошедшего", "content_type": 31, "codename": "view_tradeunioncount"}}, {"model": "auth.permission", "pk": 125, "fields": {"name": "Can add Членство в профсоюзе", "content_type": 32, "codename": "add_tradeunionmembership"}}, {"model": "auth.permission", "pk": 126, "fields": {"name": "Can change Членство в профсоюзе", "content_type": 32, "codename": "change_tradeunionmembership"}}, {"model": "auth.permission", "pk": 127, "fields": {"name": "Can delete Членство в профсоюзе", "content_type": 32, "codename": "delete_tradeunionmembership"}}, {"model": "auth.permission", "pk": 128, "fields": {"name": "Can view Членство в профсоюзе", "content_type": 32, "codename": "view_tradeunionmembership"}}, {"model": "auth.permission", "pk": 129, "fields": {"name": "Can add Профсоюз на месте работы после произошедшего", "content_type": 33, "codename": "add_tradeunionsituation"}}, {"model": "auth.permission", "pk": 130, "fields": {"name": "Can change Профсоюз на месте работы после произошедшего", "content_type": 33, "codename": "change_tradeunionsituation"}}, {"model": "auth.permission", "pk": 131, "fields": {"name": "Can delete Профсоюз на месте работы после произошедшего", "content_type": 33, "codename": "delete_tradeunionsituation"}}, {"model": "auth.permission", "pk": 132, "fields": {"name": "Can view Профсоюз на месте работы после произошедшего", "content_type": 33, "codename": "view_tradeunionsituation"}}, {"model": "auth.permission", "pk": 133, "fields": {"name": "Can add Тип жертвы нарушения", "content_type": 34, "codename": "add_victim"}}, {"model": "auth.permission", "pk": 134, "fields": {"name": "Can change Тип жертвы нарушения", "content_type": 34, "codename": "change_victim"}}, {"model": "auth.permission", "pk": 135, "fields": {"name": "Can delete Тип жертвы нарушения", "content_type": 34, "codename": "delete_victim"}}, {"model": "auth.permission", "pk": 136, "fields": {"name": "Can view Тип жертвы нарушения", "content_type": 34, "codename": "view_victim"}}, {"model": "auth.permission", "pk": 137, "fields": {"name": "Can add Ситуация с потерпевшим(и)", "content_type": 35, "codename": "add_victimsituation"}}, {"model": "auth.permission", "pk": 138, "fields": {"name": "Can change Ситуация с потерпевшим(и)", "content_type": 35, "codename": "change_victimsituation"}}, {"model": "auth.permission", "pk": 139, "fields": {"name": "Can delete Ситуация с потерпевшим(и)", "content_type": 35, "codename": "delete_victimsituation"}}, {"model": "auth.permission", "pk": 140, "fields": {"name": "Can view Ситуация с потерпевшим(и)", "content_type": 35, "codename": "view_victimsituation"}}, {"model": "auth.permission", "pk": 141, "fields": {"name": "Can add Статус пострадавшего/ей", "content_type": 36, "codename": "add_victimstatus"}}, {"model": "auth.permission", "pk": 142, "fields": {"name": "Can change Статус пострадавшего/ей", "content_type": 36, "codename": "change_victimstatus"}}, {"model": "auth.permission", "pk": 143, "fields": {"name": "Can delete Статус пострадавшего/ей", "content_type": 36, "codename": "delete_victimstatus"}}, {"model": "auth.permission", "pk": 144, "fields": {"name": "Can view Статус пострадавшего/ей", "content_type": 36, "codename": "view_victimstatus"}}, {"model": "auth.permission", "pk": 145, "fields": {"name": "Can add Тип нарушений трудовых прав", "content_type": 37, "codename": "add_violationtype"}}, {"model": "auth.permission", "pk": 146, "fields": {"name": "Can change Тип нарушений трудовых прав", "content_type": 37, "codename": "change_violationtype"}}, {"model": "auth.permission", "pk": 147, "fields": {"name": "Can delete Тип нарушений трудовых прав", "content_type": 37, "codename": "delete_violationtype"}}, {"model": "auth.permission", "pk": 148, "fields": {"name": "Can view Тип нарушений трудовых прав", "content_type": 37, "codename": "view_violationtype"}}, {"model": "auth.permission", "pk": 149, "fields": {"name": "Can add Способ прибытия", "content_type": 38, "codename": "add_wayofarrival"}}, {"model": "auth.permission", "pk": 150, "fields": {"name": "Can change Способ прибытия", "content_type": 38, "codename": "change_wayofarrival"}}, {"model": "auth.permission", "pk": 151, "fields": {"name": "Can delete Способ прибытия", "content_type": 38, "codename": "delete_wayofarrival"}}, {"model": "auth.permission", "pk": 152, "fields": {"name": "Can view Способ прибытия", "content_type": 38, "codename": "view_wayofarrival"}}, {"model": "auth.permission", "pk": 153, "fields": {"name": "Can add Способ найти работу", "content_type": 39, "codename": "add_wayoffindingwork"}}, {"model": "auth.permission", "pk": 154, "fields": {"name": "Can change Способ найти работу", "content_type": 39, "codename": "change_wayoffindingwork"}}, {"model": "auth.permission", "pk": 155, "fields": {"name": "Can delete Способ найти работу", "content_type": 39, "codename": "delete_wayoffindingwork"}}, {"model": "auth.permission", "pk": 156, "fields": {"name": "Can view Способ найти работу", "content_type": 39, "codename": "view_wayoffindingwork"}}, {"model": "auth.permission", "pk": 157, "fields": {"name": "Can add Способ получения зарплаты", "content_type": 40, "codename": "add_wayofgettingsalary"}}, {"model": "auth.permission", "pk": 158, "fields": {"name": "Can change Способ получения зарплаты", "content_type": 40, "codename": "change_wayofgettingsalary"}}, {"model": "auth.permission", "pk": 159, "fields": {"name": "Can delete Способ получения зарплаты", "content_type": 40, "codename": "delete_wayofgettingsalary"}}, {"model": "auth.permission", "pk": 160, "fields": {"name": "Can view Способ получения зарплаты", "content_type": 40, "codename": "view_wayofgettingsalary"}}, {"model": "auth.permission", "pk": 161, "fields": {"name": "Can add Есть ли у Вас трудовая книжка?", "content_type": 41, "codename": "add_workbookstatus"}}, {"model": "auth.permission", "pk": 162, "fields": {"name": "Can change Есть ли у Вас трудовая книжка?", "content_type": 41, "codename": "change_workbookstatus"}}, {"model": "auth.permission", "pk": 163, "fields": {"name": "Can delete Есть ли у Вас трудовая книжка?", "content_type": 41, "codename": "delete_workbookstatus"}}, {"model": "auth.permission", "pk": 164, "fields": {"name": "Can view Есть ли у Вас трудовая книжка?", "content_type": 41, "codename": "view_workbookstatus"}}, {"model": "auth.permission", "pk": 165, "fields": {"name": "Can add Длительность рабочего дня", "content_type": 42, "codename": "add_workingdayduration"}}, {"model": "auth.permission", "pk": 166, "fields": {"name": "Can change Длительность рабочего дня", "content_type": 42, "codename": "change_workingdayduration"}}, {"model": "auth.permission", "pk": 167, "fields": {"name": "Can delete Длительность рабочего дня", "content_type": 42, "codename": "delete_workingdayduration"}}, {"model": "auth.permission", "pk": 168, "fields": {"name": "Can view Длительность рабочего дня", "content_type": 42, "codename": "view_workingdayduration"}}, {"model": "auth.permission", "pk": 169, "fields": {"name": "Can add Цель работы ", "content_type": 43, "codename": "add_workpurpose"}}, {"model": "auth.permission", "pk": 170, "fields": {"name": "Can change Цель работы ", "content_type": 43, "codename": "change_workpurpose"}}, {"model": "auth.permission", "pk": 171, "fields": {"name": "Can delete Цель работы ", "content_type": 43, "codename": "delete_workpurpose"}}, {"model": "auth.permission", "pk": 172, "fields": {"name": "Can view Цель работы ", "content_type": 43, "codename": "view_workpurpose"}}, {"model": "auth.permission", "pk": 173, "fields": {"name": "Can add Регион", "content_type": 44, "codename": "add_region"}}, {"model": "auth.permission", "pk": 174, "fields": {"name": "Can change Регион", "content_type": 44, "codename": "change_region"}}, {"model": "auth.permission", "pk": 175, "fields": {"name": "Can delete Регион", "content_type": 44, "codename": "delete_region"}}, {"model": "auth.permission", "pk": 176, "fields": {"name": "Can view Регион", "content_type": 44, "codename": "view_region"}}, {"model": "auth.permission", "pk": 177, "fields": {"name": "Can add Группа лиц", "content_type": 45, "codename": "add_persongroup"}}, {"model": "auth.permission", "pk": 178, "fields": {"name": "Can change Группа лиц", "content_type": 45, "codename": "change_persongroup"}}, {"model": "auth.permission", "pk": 179, "fields": {"name": "Can delete Группа лиц", "content_type": 45, "codename": "delete_persongroup"}}, {"model": "auth.permission", "pk": 180, "fields": {"name": "Can view Группа лиц", "content_type": 45, "codename": "view_persongroup"}}, {"model": "auth.permission", "pk": 181, "fields": {"name": "Can add Физическое лицо", "content_type": 46, "codename": "add_individualinfo"}}, {"model": "auth.permission", "pk": 182, "fields": {"name": "Can change Физическое лицо", "content_type": 46, "codename": "change_individualinfo"}}, {"model": "auth.permission", "pk": 183, "fields": {"name": "Can delete Физическое лицо", "content_type": 46, "codename": "delete_individualinfo"}}, {"model": "auth.permission", "pk": 184, "fields": {"name": "Can view Физическое лицо", "content_type": 46, "codename": "view_individualinfo"}}, {"model": "auth.permission", "pk": 185, "fields": {"name": "Can add Работодатель (частное лицо)", "content_type": 47, "codename": "add_entrepreneur"}}, {"model": "auth.permission", "pk": 186, "fields": {"name": "Can change Работодатель (частное лицо)", "content_type": 47, "codename": "change_entrepreneur"}}, {"model": "auth.permission", "pk": 187, "fields": {"name": "Can delete Работодатель (частное лицо)", "content_type": 47, "codename": "delete_entrepreneur"}}, {"model": "auth.permission", "pk": 188, "fields": {"name": "Can view Работодатель (частное лицо)", "content_type": 47, "codename": "view_entrepreneur"}}, {"model": "auth.permission", "pk": 189, "fields": {"name": "Can add Пользователь", "content_type": 48, "codename": "add_employee"}}, {"model": "auth.permission", "pk": 190, "fields": {"name": "Can change Пользователь", "content_type": 48, "codename": "change_employee"}}, {"model": "auth.permission", "pk": 191, "fields": {"name": "Can delete Пользователь", "content_type": 48, "codename": "delete_employee"}}, {"model": "auth.permission", "pk": 192, "fields": {"name": "Can view Пользователь", "content_type": 48, "codename": "view_employee"}}, {"model": "auth.permission", "pk": 193, "fields": {"name": "Can add Работодатель (компания)", "content_type": 49, "codename": "add_company"}}, {"model": "auth.permission", "pk": 194, "fields": {"name": "Can change Работодатель (компания)", "content_type": 49, "codename": "change_company"}}, {"model": "auth.permission", "pk": 195, "fields": {"name": "Can delete Работодатель (компания)", "content_type": 49, "codename": "delete_company"}}, {"model": "auth.permission", "pk": 196, "fields": {"name": "Can view Работодатель (компания)", "content_type": 49, "codename": "view_company"}}, {"model": "auth.permission", "pk": 197, "fields": {"name": "Can add Фото/видео/документы ", "content_type": 50, "codename": "add_casephoto"}}, {"model": "auth.permission", "pk": 198, "fields": {"name": "Can change Фото/видео/документы ", "content_type": 50, "codename": "change_casephoto"}}, {"model": "auth.permission", "pk": 199, "fields": {"name": "Can delete Фото/видео/документы ", "content_type": 50, "codename": "delete_casephoto"}}, {"model": "auth.permission", "pk": 200, "fields": {"name": "Can view Фото/видео/документы ", "content_type": 50, "codename": "view_casephoto"}}, {"model": "auth.permission", "pk": 201, "fields": {"name": "Can add Кейсы, связанные с забастовкой", "content_type": 51, "codename": "add_casefile"}}, {"model": "auth.permission", "pk": 202, "fields": {"name": "Can change Кейсы, связанные с забастовкой", "content_type": 51, "codename": "change_casefile"}}, {"model": "auth.permission", "pk": 203, "fields": {"name": "Can delete Кейсы, связанные с забастовкой", "content_type": 51, "codename": "delete_casefile"}}, {"model": "auth.permission", "pk": 204, "fields": {"name": "Can view Кейсы, связанные с забастовкой", "content_type": 51, "codename": "view_casefile"}}, {"model": "auth.permission", "pk": 205, "fields": {"name": "Can add Комментарий к мигранту", "content_type": 52, "codename": "add_casecomment"}}, {"model": "auth.permission", "pk": 206, "fields": {"name": "Can change Комментарий к мигранту", "content_type": 52, "codename": "change_casecomment"}}, {"model": "auth.permission", "pk": 207, "fields": {"name": "Can delete Комментарий к мигранту", "content_type": 52, "codename": "delete_casecomment"}}, {"model": "auth.permission", "pk": 208, "fields": {"name": "Can view Комментарий к мигранту", "content_type": 52, "codename": "view_casecomment"}}, {"model": "auth.permission", "pk": 209, "fields": {"name": "Can add Роль", "content_type": 53, "codename": "add_role"}}, {"model": "auth.permission", "pk": 210, "fields": {"name": "Can change Роль", "content_type": 53, "codename": "change_role"}}, {"model": "auth.permission", "pk": 211, "fields": {"name": "Can delete Роль", "content_type": 53, "codename": "delete_role"}}, {"model": "auth.permission", "pk": 212, "fields": {"name": "Can view Роль", "content_type": 53, "codename": "view_role"}}, {"model": "auth.permission", "pk": 213, "fields": {"name": "Can add Позиция", "content_type": 54, "codename": "add_position"}}, {"model": "auth.permission", "pk": 214, "fields": {"name": "Can change Позиция", "content_type": 54, "codename": "change_position"}}, {"model": "auth.permission", "pk": 215, "fields": {"name": "Can delete Позиция", "content_type": 54, "codename": "delete_position"}}, {"model": "auth.permission", "pk": 216, "fields": {"name": "Can view Позиция", "content_type": 54, "codename": "view_position"}}, {"model": "auth.permission", "pk": 217, "fields": {"name": "Can add Страна", "content_type": 55, "codename": "add_country"}}, {"model": "auth.permission", "pk": 218, "fields": {"name": "Can change Страна", "content_type": 55, "codename": "change_country"}}, {"model": "auth.permission", "pk": 219, "fields": {"name": "Can delete Страна", "content_type": 55, "codename": "delete_country"}}, {"model": "auth.permission", "pk": 220, "fields": {"name": "Can view Страна", "content_type": 55, "codename": "view_country"}}, {"model": "auth.permission", "pk": 221, "fields": {"name": "Can add Детали договора", "content_type": 56, "codename": "add_agreementdetail"}}, {"model": "auth.permission", "pk": 222, "fields": {"name": "Can change Детали договора", "content_type": 56, "codename": "change_agreementdetail"}}, {"model": "auth.permission", "pk": 223, "fields": {"name": "Can delete Детали договора", "content_type": 56, "codename": "delete_agreementdetail"}}, {"model": "auth.permission", "pk": 224, "fields": {"name": "Can view Детали договора", "content_type": 56, "codename": "view_agreementdetail"}}, {"model": "auth.permission", "pk": 225, "fields": {"name": "Can add anti trade union discrimination", "content_type": 57, "codename": "add_antitradeuniondiscrimination"}}, {"model": "auth.permission", "pk": 226, "fields": {"name": "Can change anti trade union discrimination", "content_type": 57, "codename": "change_antitradeuniondiscrimination"}}, {"model": "auth.permission", "pk": 227, "fields": {"name": "Can delete anti trade union discrimination", "content_type": 57, "codename": "delete_antitradeuniondiscrimination"}}, {"model": "auth.permission", "pk": 228, "fields": {"name": "Can view anti trade union discrimination", "content_type": 57, "codename": "view_antitradeuniondiscrimination"}}, {"model": "auth.permission", "pk": 229, "fields": {"name": "Can add Кейс трудовые нарушения", "content_type": 58, "codename": "add_case"}}, {"model": "auth.permission", "pk": 230, "fields": {"name": "Can change Кейс трудовые нарушения", "content_type": 58, "codename": "change_case"}}, {"model": "auth.permission", "pk": 231, "fields": {"name": "Can delete Кейс трудовые нарушения", "content_type": 58, "codename": "delete_case"}}, {"model": "auth.permission", "pk": 232, "fields": {"name": "Can view Кейс трудовые нарушения", "content_type": 58, "codename": "view_case"}}, {"model": "auth.permission", "pk": 233, "fields": {"name": "Can add child labor", "content_type": 59, "codename": "add_childlabor"}}, {"model": "auth.permission", "pk": 234, "fields": {"name": "Can change child labor", "content_type": 59, "codename": "change_childlabor"}}, {"model": "auth.permission", "pk": 235, "fields": {"name": "Can delete child labor", "content_type": 59, "codename": "delete_childlabor"}}, {"model": "auth.permission", "pk": 236, "fields": {"name": "Can view child labor", "content_type": 59, "codename": "view_childlabor"}}, {"model": "auth.permission", "pk": 237, "fields": {"name": "Can add consultation right", "content_type": 60, "codename": "add_consultationright"}}, {"model": "auth.permission", "pk": 238, "fields": {"name": "Can change consultation right", "content_type": 60, "codename": "change_consultationright"}}, {"model": "auth.permission", "pk": 239, "fields": {"name": "Can delete consultation right", "content_type": 60, "codename": "delete_consultationright"}}, {"model": "auth.permission", "pk": 240, "fields": {"name": "Can view consultation right", "content_type": 60, "codename": "view_consultationright"}}, {"model": "auth.permission", "pk": 241, "fields": {"name": "Can add Страна", "content_type": 61, "codename": "add_country"}}, {"model": "auth.permission", "pk": 242, "fields": {"name": "Can change Страна", "content_type": 61, "codename": "change_country"}}, {"model": "auth.permission", "pk": 243, "fields": {"name": "Can delete Страна", "content_type": 61, "codename": "delete_country"}}, {"model": "auth.permission", "pk": 244, "fields": {"name": "Can view Страна", "content_type": 61, "codename": "view_country"}}, {"model": "auth.permission", "pk": 245, "fields": {"name": "Can add Создание организации без предварительного разрешения", "content_type": 62, "codename": "add_createorganizationright"}}, {"model": "auth.permission", "pk": 246, "fields": {"name": "Can change Создание организации без предварительного разрешения", "content_type": 62, "codename": "change_createorganizationright"}}, {"model": "auth.permission", "pk": 247, "fields": {"name": "Can delete Создание организации без предварительного разрешения", "content_type": 62, "codename": "delete_createorganizationright"}}, {"model": "auth.permission", "pk": 248, "fields": {"name": "Can view Создание организации без предварительного разрешения", "content_type": 62, "codename": "view_createorganizationright"}}, {"model": "auth.permission", "pk": 249, "fields": {"name": "Can add Нарушение права на забастовку", "content_type": 63, "codename": "add_createstrikeright"}}, {"model": "auth.permission", "pk": 250, "fields": {"name": "Can change Нарушение права на забастовку", "content_type": 63, "codename": "change_createstrikeright"}}, {"model": "auth.permission", "pk": 251, "fields": {"name": "Can delete Нарушение права на забастовку", "content_type": 63, "codename": "delete_createstrikeright"}}, {"model": "auth.permission", "pk": 252, "fields": {"name": "Can view Нарушение права на забастовку", "content_type": 63, "codename": "view_createstrikeright"}}, {"model": "auth.permission", "pk": 253, "fields": {"name": "Can add Создание профсоюзов без предварительного разрешения", "content_type": 64, "codename": "add_createtradeunionright"}}, {"model": "auth.permission", "pk": 254, "fields": {"name": "Can change Создание профсоюзов без предварительного разрешения", "content_type": 64, "codename": "change_createtradeunionright"}}, {"model": "auth.permission", "pk": 255, "fields": {"name": "Can delete Создание профсоюзов без предварительного разрешения", "content_type": 64, "codename": "delete_createtradeunionright"}}, {"model": "auth.permission", "pk": 256, "fields": {"name": "Can view Создание профсоюзов без предварительного разрешения", "content_type": 64, "codename": "view_createtradeunionright"}}, {"model": "auth.permission", "pk": 257, "fields": {"name": "Can add discrimination in various areas", "content_type": 65, "codename": "add_discriminationinvariousareas"}}, {"model": "auth.permission", "pk": 258, "fields": {"name": "Can change discrimination in various areas", "content_type": 65, "codename": "change_discriminationinvariousareas"}}, {"model": "auth.permission", "pk": 259, "fields": {"name": "Can delete discrimination in various areas", "content_type": 65, "codename": "delete_discriminationinvariousareas"}}, {"model": "auth.permission", "pk": 260, "fields": {"name": "Can view discrimination in various areas", "content_type": 65, "codename": "view_discriminationinvariousareas"}}, {"model": "auth.permission", "pk": 261, "fields": {"name": "Can add discriminati on various grounds", "content_type": 66, "codename": "add_discriminationvariousgrounds"}}, {"model": "auth.permission", "pk": 262, "fields": {"name": "Can change discriminati on various grounds", "content_type": 66, "codename": "change_discriminationvariousgrounds"}}, {"model": "auth.permission", "pk": 263, "fields": {"name": "Can delete discriminati on various grounds", "content_type": 66, "codename": "delete_discriminationvariousgrounds"}}, {"model": "auth.permission", "pk": 264, "fields": {"name": "Can view discriminati on various grounds", "content_type": 66, "codename": "view_discriminationvariousgrounds"}}, {"model": "auth.permission", "pk": 265, "fields": {"name": "Can add Образование", "content_type": 67, "codename": "add_education"}}, {"model": "auth.permission", "pk": 266, "fields": {"name": "Can change Образование", "content_type": 67, "codename": "change_education"}}, {"model": "auth.permission", "pk": 267, "fields": {"name": "Can delete Образование", "content_type": 67, "codename": "delete_education"}}, {"model": "auth.permission", "pk": 268, "fields": {"name": "Can view Образование", "content_type": 67, "codename": "view_education"}}, {"model": "auth.permission", "pk": 269, "fields": {"name": "Can add Нарушение права свободно выбирать своих представителей", "content_type": 68, "codename": "add_electionsright"}}, {"model": "auth.permission", "pk": 270, "fields": {"name": "Can change Нарушение права свободно выбирать своих представителей", "content_type": 68, "codename": "change_electionsright"}}, {"model": "auth.permission", "pk": 271, "fields": {"name": "Can delete Нарушение права свободно выбирать своих представителей", "content_type": 68, "codename": "delete_electionsright"}}, {"model": "auth.permission", "pk": 272, "fields": {"name": "Can view Нарушение права свободно выбирать своих представителей", "content_type": 68, "codename": "view_electionsright"}}, {"model": "auth.permission", "pk": 273, "fields": {"name": "Can add Количество сотрудников предприятия", "content_type": 69, "codename": "add_employeescount"}}, {"model": "auth.permission", "pk": 274, "fields": {"name": "Can change Количество сотрудников предприятия", "content_type": 69, "codename": "change_employeescount"}}, {"model": "auth.permission", "pk": 275, "fields": {"name": "Can delete Количество сотрудников предприятия", "content_type": 69, "codename": "delete_employeescount"}}, {"model": "auth.permission", "pk": 276, "fields": {"name": "Can view Количество сотрудников предприятия", "content_type": 69, "codename": "view_employeescount"}}, {"model": "auth.permission", "pk": 277, "fields": {"name": "Can add failure systemic measures", "content_type": 70, "codename": "add_failuresystemicmeasures"}}, {"model": "auth.permission", "pk": 278, "fields": {"name": "Can change failure systemic measures", "content_type": 70, "codename": "change_failuresystemicmeasures"}}, {"model": "auth.permission", "pk": 279, "fields": {"name": "Can delete failure systemic measures", "content_type": 70, "codename": "delete_failuresystemicmeasures"}}, {"model": "auth.permission", "pk": 280, "fields": {"name": "Can view failure systemic measures", "content_type": 70, "codename": "view_failuresystemicmeasures"}}, {"model": "auth.permission", "pk": 281, "fields": {"name": "Can add Пол", "content_type": 71, "codename": "add_gender"}}, {"model": "auth.permission", "pk": 282, "fields": {"name": "Can change Пол", "content_type": 71, "codename": "change_gender"}}, {"model": "auth.permission", "pk": 283, "fields": {"name": "Can delete Пол", "content_type": 71, "codename": "delete_gender"}}, {"model": "auth.permission", "pk": 284, "fields": {"name": "Can view Пол", "content_type": 71, "codename": "view_gender"}}, {"model": "auth.permission", "pk": 285, "fields": {"name": "Can add government coercion", "content_type": 72, "codename": "add_governmentcoercion"}}, {"model": "auth.permission", "pk": 286, "fields": {"name": "Can change government coercion", "content_type": 72, "codename": "change_governmentcoercion"}}, {"model": "auth.permission", "pk": 287, "fields": {"name": "Can delete government coercion", "content_type": 72, "codename": "delete_governmentcoercion"}}, {"model": "auth.permission", "pk": 288, "fields": {"name": "Can view government coercion", "content_type": 72, "codename": "view_governmentcoercion"}}, {"model": "auth.permission", "pk": 289, "fields": {"name": "Can add Группа прав", "content_type": 73, "codename": "add_groupofrights"}}, {"model": "auth.permission", "pk": 290, "fields": {"name": "Can change Группа прав", "content_type": 73, "codename": "change_groupofrights"}}, {"model": "auth.permission", "pk": 291, "fields": {"name": "Can delete Группа прав", "content_type": 73, "codename": "delete_groupofrights"}}, {"model": "auth.permission", "pk": 292, "fields": {"name": "Can view Группа прав", "content_type": 73, "codename": "view_groupofrights"}}, {"model": "auth.permission", "pk": 293, "fields": {"name": "Can add Характеристика группы", "content_type": 74, "codename": "add_grouptype"}}, {"model": "auth.permission", "pk": 294, "fields": {"name": "Can change Характеристика группы", "content_type": 74, "codename": "change_grouptype"}}, {"model": "auth.permission", "pk": 295, "fields": {"name": "Can delete Характеристика группы", "content_type": 74, "codename": "delete_grouptype"}}, {"model": "auth.permission", "pk": 296, "fields": {"name": "Can view Характеристика группы", "content_type": 74, "codename": "view_grouptype"}}, {"model": "auth.permission", "pk": 297, "fields": {"name": "Can add Нарушитель", "content_type": 75, "codename": "add_intruder"}}, {"model": "auth.permission", "pk": 298, "fields": {"name": "Can change Нарушитель", "content_type": 75, "codename": "change_intruder"}}, {"model": "auth.permission", "pk": 299, "fields": {"name": "Can delete Нарушитель", "content_type": 75, "codename": "delete_intruder"}}, {"model": "auth.permission", "pk": 300, "fields": {"name": "Can view Нарушитель", "content_type": 75, "codename": "view_intruder"}}, {"model": "auth.permission", "pk": 301, "fields": {"name": "Can add Состояние в браке", "content_type": 76, "codename": "add_maritalstatus"}}, {"model": "auth.permission", "pk": 302, "fields": {"name": "Can change Состояние в браке", "content_type": 76, "codename": "change_maritalstatus"}}, {"model": "auth.permission", "pk": 303, "fields": {"name": "Can delete Состояние в браке", "content_type": 76, "codename": "delete_maritalstatus"}}, {"model": "auth.permission", "pk": 304, "fields": {"name": "Can view Состояние в браке", "content_type": 76, "codename": "view_maritalstatus"}}, {"model": "auth.permission", "pk": 305, "fields": {"name": "Can add Нарушение права на проведение собраний и демонстраций", "content_type": 77, "codename": "add_meetingsright"}}, {"model": "auth.permission", "pk": 306, "fields": {"name": "Can change Нарушение права на проведение собраний и демонстраций", "content_type": 77, "codename": "change_meetingsright"}}, {"model": "auth.permission", "pk": 307, "fields": {"name": "Can delete Нарушение права на проведение собраний и демонстраций", "content_type": 77, "codename": "delete_meetingsright"}}, {"model": "auth.permission", "pk": 308, "fields": {"name": "Can view Нарушение права на проведение собраний и демонстраций", "content_type": 77, "codename": "view_meetingsright"}}, {"model": "auth.permission", "pk": 309, "fields": {"name": "Can add Членство в профсоюзе участников группы", "content_type": 78, "codename": "add_membershipofgrouppersons"}}, {"model": "auth.permission", "pk": 310, "fields": {"name": "Can change Членство в профсоюзе участников группы", "content_type": 78, "codename": "change_membershipofgrouppersons"}}, {"model": "auth.permission", "pk": 311, "fields": {"name": "Can delete Членство в профсоюзе участников группы", "content_type": 78, "codename": "delete_membershipofgrouppersons"}}, {"model": "auth.permission", "pk": 312, "fields": {"name": "Can view Членство в профсоюзе участников группы", "content_type": 78, "codename": "view_membershipofgrouppersons"}}, {"model": "auth.permission", "pk": 313, "fields": {"name": "Can add Характер нарушения", "content_type": 79, "codename": "add_natureviolation"}}, {"model": "auth.permission", "pk": 314, "fields": {"name": "Can change Характер нарушения", "content_type": 79, "codename": "change_natureviolation"}}, {"model": "auth.permission", "pk": 315, "fields": {"name": "Can delete Характер нарушения", "content_type": 79, "codename": "delete_natureviolation"}}, {"model": "auth.permission", "pk": 316, "fields": {"name": "Can view Характер нарушения", "content_type": 79, "codename": "view_natureviolation"}}, {"model": "auth.permission", "pk": 317, "fields": {"name": "Can add Форма собственности", "content_type": 80, "codename": "add_ownershiptype"}}, {"model": "auth.permission", "pk": 318, "fields": {"name": "Can change Форма собственности", "content_type": 80, "codename": "change_ownershiptype"}}, {"model": "auth.permission", "pk": 319, "fields": {"name": "Can delete Форма собственности", "content_type": 80, "codename": "delete_ownershiptype"}}, {"model": "auth.permission", "pk": 320, "fields": {"name": "Can view Форма собственности", "content_type": 80, "codename": "view_ownershiptype"}}, {"model": "auth.permission", "pk": 321, "fields": {"name": "Can add principle of non discrimination", "content_type": 81, "codename": "add_principleofnondiscrimination"}}, {"model": "auth.permission", "pk": 322, "fields": {"name": "Can change principle of non discrimination", "content_type": 81, "codename": "change_principleofnondiscrimination"}}, {"model": "auth.permission", "pk": 323, "fields": {"name": "Can delete principle of non discrimination", "content_type": 81, "codename": "delete_principleofnondiscrimination"}}, {"model": "auth.permission", "pk": 324, "fields": {"name": "Can view principle of non discrimination", "content_type": 81, "codename": "view_principleofnondiscrimination"}}, {"model": "auth.permission", "pk": 325, "fields": {"name": "Can add prohibition of forced labor", "content_type": 82, "codename": "add_prohibitionofforcedlabor"}}, {"model": "auth.permission", "pk": 326, "fields": {"name": "Can change prohibition of forced labor", "content_type": 82, "codename": "change_prohibitionofforcedlabor"}}, {"model": "auth.permission", "pk": 327, "fields": {"name": "Can delete prohibition of forced labor", "content_type": 82, "codename": "delete_prohibitionofforcedlabor"}}, {"model": "auth.permission", "pk": 328, "fields": {"name": "Can view prohibition of forced labor", "content_type": 82, "codename": "view_prohibitionofforcedlabor"}}, {"model": "auth.permission", "pk": 329, "fields": {"name": "Can add public policy discrimination", "content_type": 83, "codename": "add_publicpolicydiscrimination"}}, {"model": "auth.permission", "pk": 330, "fields": {"name": "Can change public policy discrimination", "content_type": 83, "codename": "change_publicpolicydiscrimination"}}, {"model": "auth.permission", "pk": 331, "fields": {"name": "Can delete public policy discrimination", "content_type": 83, "codename": "delete_publicpolicydiscrimination"}}, {"model": "auth.permission", "pk": 332, "fields": {"name": "Can view public policy discrimination", "content_type": 83, "codename": "view_publicpolicydiscrimination"}}, {"model": "auth.permission", "pk": 333, "fields": {"name": "Can add Ситуация с правами", "content_type": 84, "codename": "add_rightsstate"}}, {"model": "auth.permission", "pk": 334, "fields": {"name": "Can change Ситуация с правами", "content_type": 84, "codename": "change_rightsstate"}}, {"model": "auth.permission", "pk": 335, "fields": {"name": "Can delete Ситуация с правами", "content_type": 84, "codename": "delete_rightsstate"}}, {"model": "auth.permission", "pk": 336, "fields": {"name": "Can view Ситуация с правами", "content_type": 84, "codename": "view_rightsstate"}}, {"model": "auth.permission", "pk": 337, "fields": {"name": "Can add Нарушение прав", "content_type": 85, "codename": "add_rightsviolation"}}, {"model": "auth.permission", "pk": 338, "fields": {"name": "Can change Нарушение прав", "content_type": 85, "codename": "change_rightsviolation"}}, {"model": "auth.permission", "pk": 339, "fields": {"name": "Can delete Нарушение прав", "content_type": 85, "codename": "delete_rightsviolation"}}, {"model": "auth.permission", "pk": 340, "fields": {"name": "Can view Нарушение прав", "content_type": 85, "codename": "view_rightsviolation"}}, {"model": "auth.permission", "pk": 341, "fields": {"name": "Can add Источник информации", "content_type": 86, "codename": "add_source"}}, {"model": "auth.permission", "pk": 342, "fields": {"name": "Can change Источник информации", "content_type": 86, "codename": "change_source"}}, {"model": "auth.permission", "pk": 343, "fields": {"name": "Can delete Источник информации", "content_type": 86, "codename": "delete_source"}}, {"model": "auth.permission", "pk": 344, "fields": {"name": "Can view Источник информации", "content_type": 86, "codename": "view_source"}}, {"model": "auth.permission", "pk": 345, "fields": {"name": "Can add Отрасль деятельности профсоюза", "content_type": 87, "codename": "add_tradeunionactivities"}}, {"model": "auth.permission", "pk": 346, "fields": {"name": "Can change Отрасль деятельности профсоюза", "content_type": 87, "codename": "change_tradeunionactivities"}}, {"model": "auth.permission", "pk": 347, "fields": {"name": "Can delete Отрасль деятельности профсоюза", "content_type": 87, "codename": "delete_tradeunionactivities"}}, {"model": "auth.permission", "pk": 348, "fields": {"name": "Can view Отрасль деятельности профсоюза", "content_type": 87, "codename": "view_tradeunionactivities"}}, {"model": "auth.permission", "pk": 349, "fields": {"name": "Can add Нарушение права профсоюза организовывать деятельность своего аппарата", "content_type": 88, "codename": "add_tradeunionactivityright"}}, {"model": "auth.permission", "pk": 350, "fields": {"name": "Can change Нарушение права профсоюза организовывать деятельность своего аппарата", "content_type": 88, "codename": "change_tradeunionactivityright"}}, {"model": "auth.permission", "pk": 351, "fields": {"name": "Can delete Нарушение права профсоюза организовывать деятельность своего аппарата", "content_type": 88, "codename": "delete_tradeunionactivityright"}}, {"model": "auth.permission", "pk": 352, "fields": {"name": "Can view Нарушение права профсоюза организовывать деятельность своего аппарата", "content_type": 88, "codename": "view_tradeunionactivityright"}}, {"model": "auth.permission", "pk": 353, "fields": {"name": "Can add Защита профсоюзных помещений и имущества профсоюзов", "content_type": 89, "codename": "add_tradeunionbuildingsright"}}, {"model": "auth.permission", "pk": 354, "fields": {"name": "Can change Защита профсоюзных помещений и имущества профсоюзов", "content_type": 89, "codename": "change_tradeunionbuildingsright"}}, {"model": "auth.permission", "pk": 355, "fields": {"name": "Can delete Защита профсоюзных помещений и имущества профсоюзов", "content_type": 89, "codename": "delete_tradeunionbuildingsright"}}, {"model": "auth.permission", "pk": 356, "fields": {"name": "Can view Защита профсоюзных помещений и имущества профсоюзов", "content_type": 89, "codename": "view_tradeunionbuildingsright"}}, {"model": "auth.permission", "pk": 357, "fields": {"name": "Can add Численность профсоюза после произошедшего", "content_type": 90, "codename": "add_tradeunioncount"}}, {"model": "auth.permission", "pk": 358, "fields": {"name": "Can change Численность профсоюза после произошедшего", "content_type": 90, "codename": "change_tradeunioncount"}}, {"model": "auth.permission", "pk": 359, "fields": {"name": "Can delete Численность профсоюза после произошедшего", "content_type": 90, "codename": "delete_tradeunioncount"}}, {"model": "auth.permission", "pk": 360, "fields": {"name": "Can view Численность профсоюза после произошедшего", "content_type": 90, "codename": "view_tradeunioncount"}}, {"model": "auth.permission", "pk": 361, "fields": {"name": "Can add Обвинения в преступном поведении в связи с профсоюзной деятельностью", "content_type": 91, "codename": "add_tradeunioncrime"}}, {"model": "auth.permission", "pk": 362, "fields": {"name": "Can change Обвинения в преступном поведении в связи с профсоюзной деятельностью", "content_type": 91, "codename": "change_tradeunioncrime"}}, {"model": "auth.permission", "pk": 363, "fields": {"name": "Can delete Обвинения в преступном поведении в связи с профсоюзной деятельностью", "content_type": 91, "codename": "delete_tradeunioncrime"}}, {"model": "auth.permission", "pk": 364, "fields": {"name": "Can view Обвинения в преступном поведении в связи с профсоюзной деятельностью", "content_type": 91, "codename": "view_tradeunioncrime"}}, {"model": "auth.permission", "pk": 365, "fields": {"name": "Can add Профсоюзная организация", "content_type": 92, "codename": "add_tradeunioninfo"}}, {"model": "auth.permission", "pk": 366, "fields": {"name": "Can change Профсоюзная организация", "content_type": 92, "codename": "change_tradeunioninfo"}}, {"model": "auth.permission", "pk": 367, "fields": {"name": "Can delete Профсоюзная организация", "content_type": 92, "codename": "delete_tradeunioninfo"}}, {"model": "auth.permission", "pk": 368, "fields": {"name": "Can view Профсоюзная организация", "content_type": 92, "codename": "view_tradeunioninfo"}}, {"model": "auth.permission", "pk": 369, "fields": {"name": "Can add Нарушение в сфере профсоюзных прав и гражданских свобод", "content_type": 93, "codename": "add_tradeunionright"}}, {"model": "auth.permission", "pk": 370, "fields": {"name": "Can change Нарушение в сфере профсоюзных прав и гражданских свобод", "content_type": 93, "codename": "change_tradeunionright"}}, {"model": "auth.permission", "pk": 371, "fields": {"name": "Can delete Нарушение в сфере профсоюзных прав и гражданских свобод", "content_type": 93, "codename": "delete_tradeunionright"}}, {"model": "auth.permission", "pk": 372, "fields": {"name": "Can view Нарушение в сфере профсоюзных прав и гражданских свобод", "content_type": 93, "codename": "view_tradeunionright"}}, {"model": "auth.permission", "pk": 373, "fields": {"name": "Can add Профсоюз на месте работы после произошедшего", "content_type": 94, "codename": "add_tradeunionsituation"}}, {"model": "auth.permission", "pk": 374, "fields": {"name": "Can change Профсоюз на месте работы после произошедшего", "content_type": 94, "codename": "change_tradeunionsituation"}}, {"model": "auth.permission", "pk": 375, "fields": {"name": "Can delete Профсоюз на месте работы после произошедшего", "content_type": 94, "codename": "delete_tradeunionsituation"}}, {"model": "auth.permission", "pk": 376, "fields": {"name": "Can view Профсоюз на месте работы после произошедшего", "content_type": 94, "codename": "view_tradeunionsituation"}}, {"model": "auth.permission", "pk": 377, "fields": {"name": "Can add use of forced labor", "content_type": 95, "codename": "add_useofforcedlabor"}}, {"model": "auth.permission", "pk": 378, "fields": {"name": "Can change use of forced labor", "content_type": 95, "codename": "change_useofforcedlabor"}}, {"model": "auth.permission", "pk": 379, "fields": {"name": "Can delete use of forced labor", "content_type": 95, "codename": "delete_useofforcedlabor"}}, {"model": "auth.permission", "pk": 380, "fields": {"name": "Can view use of forced labor", "content_type": 95, "codename": "view_useofforcedlabor"}}, {"model": "auth.permission", "pk": 381, "fields": {"name": "Can add Лицо или организация", "content_type": 96, "codename": "add_victim"}}, {"model": "auth.permission", "pk": 382, "fields": {"name": "Can change Лицо или организация", "content_type": 96, "codename": "change_victim"}}, {"model": "auth.permission", "pk": 383, "fields": {"name": "Can delete Лицо или организация", "content_type": 96, "codename": "delete_victim"}}, {"model": "auth.permission", "pk": 384, "fields": {"name": "Can view Лицо или организация", "content_type": 96, "codename": "view_victim"}}, {"model": "auth.permission", "pk": 385, "fields": {"name": "Can add Ситуация с потерпевшим(и)", "content_type": 97, "codename": "add_victimsituation"}}, {"model": "auth.permission", "pk": 386, "fields": {"name": "Can change Ситуация с потерпевшим(и)", "content_type": 97, "codename": "change_victimsituation"}}, {"model": "auth.permission", "pk": 387, "fields": {"name": "Can delete Ситуация с потерпевшим(и)", "content_type": 97, "codename": "delete_victimsituation"}}, {"model": "auth.permission", "pk": 388, "fields": {"name": "Can view Ситуация с потерпевшим(и)", "content_type": 97, "codename": "view_victimsituation"}}, {"model": "auth.permission", "pk": 389, "fields": {"name": "Can add violations using compulsory labor", "content_type": 98, "codename": "add_violationsusingcompulsorylabor"}}, {"model": "auth.permission", "pk": 390, "fields": {"name": "Can change violations using compulsory labor", "content_type": 98, "codename": "change_violationsusingcompulsorylabor"}}, {"model": "auth.permission", "pk": 391, "fields": {"name": "Can delete violations using compulsory labor", "content_type": 98, "codename": "delete_violationsusingcompulsorylabor"}}, {"model": "auth.permission", "pk": 392, "fields": {"name": "Can view violations using compulsory labor", "content_type": 98, "codename": "view_violationsusingcompulsorylabor"}}, {"model": "auth.permission", "pk": 393, "fields": {"name": "Can add сonvention135", "content_type": 99, "codename": "add_сonvention135"}}, {"model": "auth.permission", "pk": 394, "fields": {"name": "Can change сonvention135", "content_type": 99, "codename": "change_сonvention135"}}, {"model": "auth.permission", "pk": 395, "fields": {"name": "Can delete сonvention135", "content_type": 99, "codename": "delete_сonvention135"}}, {"model": "auth.permission", "pk": 396, "fields": {"name": "Can view сonvention135", "content_type": 99, "codename": "view_сonvention135"}}, {"model": "auth.permission", "pk": 397, "fields": {"name": "Can add сonvention138", "content_type": 100, "codename": "add_сonvention138"}}, {"model": "auth.permission", "pk": 398, "fields": {"name": "Can change сonvention138", "content_type": 100, "codename": "change_сonvention138"}}, {"model": "auth.permission", "pk": 399, "fields": {"name": "Can delete сonvention138", "content_type": 100, "codename": "delete_сonvention138"}}, {"model": "auth.permission", "pk": 400, "fields": {"name": "Can view сonvention138", "content_type": 100, "codename": "view_сonvention138"}}, {"model": "auth.permission", "pk": 401, "fields": {"name": "Can add сonvention182", "content_type": 101, "codename": "add_сonvention182"}}, {"model": "auth.permission", "pk": 402, "fields": {"name": "Can change сonvention182", "content_type": 101, "codename": "change_сonvention182"}}, {"model": "auth.permission", "pk": 403, "fields": {"name": "Can delete сonvention182", "content_type": 101, "codename": "delete_сonvention182"}}, {"model": "auth.permission", "pk": 404, "fields": {"name": "Can view сonvention182", "content_type": 101, "codename": "view_сonvention182"}}, {"model": "auth.permission", "pk": 405, "fields": {"name": "Can add сonvention87", "content_type": 102, "codename": "add_сonvention87"}}, {"model": "auth.permission", "pk": 406, "fields": {"name": "Can change сonvention87", "content_type": 102, "codename": "change_сonvention87"}}, {"model": "auth.permission", "pk": 407, "fields": {"name": "Can delete сonvention87", "content_type": 102, "codename": "delete_сonvention87"}}, {"model": "auth.permission", "pk": 408, "fields": {"name": "Can view сonvention87", "content_type": 102, "codename": "view_сonvention87"}}, {"model": "auth.permission", "pk": 409, "fields": {"name": "Can add сonvention98", "content_type": 103, "codename": "add_сonvention98"}}, {"model": "auth.permission", "pk": 410, "fields": {"name": "Can change сonvention98", "content_type": 103, "codename": "change_сonvention98"}}, {"model": "auth.permission", "pk": 411, "fields": {"name": "Can delete сonvention98", "content_type": 103, "codename": "delete_сonvention98"}}, {"model": "auth.permission", "pk": 412, "fields": {"name": "Can view сonvention98", "content_type": 103, "codename": "view_сonvention98"}}, {"model": "auth.permission", "pk": 413, "fields": {"name": "Can add сonversation right", "content_type": 104, "codename": "add_сonversationright"}}, {"model": "auth.permission", "pk": 414, "fields": {"name": "Can change сonversation right", "content_type": 104, "codename": "change_сonversationright"}}, {"model": "auth.permission", "pk": 415, "fields": {"name": "Can delete сonversation right", "content_type": 104, "codename": "delete_сonversationright"}}, {"model": "auth.permission", "pk": 416, "fields": {"name": "Can view сonversation right", "content_type": 104, "codename": "view_сonversationright"}}, {"model": "auth.permission", "pk": 417, "fields": {"name": "Can add Тип нарушения права", "content_type": 105, "codename": "add_rightsviolationcase"}}, {"model": "auth.permission", "pk": 418, "fields": {"name": "Can change Тип нарушения права", "content_type": 105, "codename": "change_rightsviolationcase"}}, {"model": "auth.permission", "pk": 419, "fields": {"name": "Can delete Тип нарушения права", "content_type": 105, "codename": "delete_rightsviolationcase"}}, {"model": "auth.permission", "pk": 420, "fields": {"name": "Can view Тип нарушения права", "content_type": 105, "codename": "view_rightsviolationcase"}}, {"model": "auth.permission", "pk": 421, "fields": {"name": "Can add Регион", "content_type": 106, "codename": "add_region"}}, {"model": "auth.permission", "pk": 422, "fields": {"name": "Can change Регион", "content_type": 106, "codename": "change_region"}}, {"model": "auth.permission", "pk": 423, "fields": {"name": "Can delete Регион", "content_type": 106, "codename": "delete_region"}}, {"model": "auth.permission", "pk": 424, "fields": {"name": "Can view Регион", "content_type": 106, "codename": "view_region"}}, {"model": "auth.permission", "pk": 425, "fields": {"name": "Can add Физическое лицо", "content_type": 107, "codename": "add_individualinfo"}}, {"model": "auth.permission", "pk": 426, "fields": {"name": "Can change Физическое лицо", "content_type": 107, "codename": "change_individualinfo"}}, {"model": "auth.permission", "pk": 427, "fields": {"name": "Can delete Физическое лицо", "content_type": 107, "codename": "delete_individualinfo"}}, {"model": "auth.permission", "pk": 428, "fields": {"name": "Can view Физическое лицо", "content_type": 107, "codename": "view_individualinfo"}}, {"model": "auth.permission", "pk": 429, "fields": {"name": "Can add Группа лиц", "content_type": 108, "codename": "add_groupofpersons"}}, {"model": "auth.permission", "pk": 430, "fields": {"name": "Can change Группа лиц", "content_type": 108, "codename": "change_groupofpersons"}}, {"model": "auth.permission", "pk": 431, "fields": {"name": "Can delete Группа лиц", "content_type": 108, "codename": "delete_groupofpersons"}}, {"model": "auth.permission", "pk": 432, "fields": {"name": "Can view Группа лиц", "content_type": 108, "codename": "view_groupofpersons"}}, {"model": "auth.permission", "pk": 433, "fields": {"name": "Can add Работодатель (компания)", "content_type": 109, "codename": "add_company"}}, {"model": "auth.permission", "pk": 434, "fields": {"name": "Can change Работодатель (компания)", "content_type": 109, "codename": "change_company"}}, {"model": "auth.permission", "pk": 435, "fields": {"name": "Can delete Работодатель (компания)", "content_type": 109, "codename": "delete_company"}}, {"model": "auth.permission", "pk": 436, "fields": {"name": "Can view Работодатель (компания)", "content_type": 109, "codename": "view_company"}}, {"model": "auth.permission", "pk": 437, "fields": {"name": "Can add Фото/видео/документы ", "content_type": 110, "codename": "add_casephoto"}}, {"model": "auth.permission", "pk": 438, "fields": {"name": "Can change Фото/видео/документы ", "content_type": 110, "codename": "change_casephoto"}}, {"model": "auth.permission", "pk": 439, "fields": {"name": "Can delete Фото/видео/документы ", "content_type": 110, "codename": "delete_casephoto"}}, {"model": "auth.permission", "pk": 440, "fields": {"name": "Can view Фото/видео/документы ", "content_type": 110, "codename": "view_casephoto"}}, {"model": "auth.permission", "pk": 441, "fields": {"name": "Can add Кейсы, связанные с забастовкой", "content_type": 111, "codename": "add_casefile"}}, {"model": "auth.permission", "pk": 442, "fields": {"name": "Can change Кейсы, связанные с забастовкой", "content_type": 111, "codename": "change_casefile"}}, {"model": "auth.permission", "pk": 443, "fields": {"name": "Can delete Кейсы, связанные с забастовкой", "content_type": 111, "codename": "delete_casefile"}}, {"model": "auth.permission", "pk": 444, "fields": {"name": "Can view Кейсы, связанные с забастовкой", "content_type": 111, "codename": "view_casefile"}}, {"model": "auth.permission", "pk": 445, "fields": {"name": "Can add Коментарий к трудовому нарушению", "content_type": 112, "codename": "add_casecomment"}}, {"model": "auth.permission", "pk": 446, "fields": {"name": "Can change Коментарий к трудовому нарушению", "content_type": 112, "codename": "change_casecomment"}}, {"model": "auth.permission", "pk": 447, "fields": {"name": "Can delete Коментарий к трудовому нарушению", "content_type": 112, "codename": "delete_casecomment"}}, {"model": "auth.permission", "pk": 448, "fields": {"name": "Can view Коментарий к трудовому нарушению", "content_type": 112, "codename": "view_casecomment"}}, {"model": "auth.permission", "pk": 449, "fields": {"name": "Can add Возраст", "content_type": 113, "codename": "add_age"}}, {"model": "auth.permission", "pk": 450, "fields": {"name": "Can change Возраст", "content_type": 113, "codename": "change_age"}}, {"model": "auth.permission", "pk": 451, "fields": {"name": "Can delete Возраст", "content_type": 113, "codename": "delete_age"}}, {"model": "auth.permission", "pk": 452, "fields": {"name": "Can view Возраст", "content_type": 113, "codename": "view_age"}}, {"model": "auth.permission", "pk": 453, "fields": {"name": "Can add Карточка", "content_type": 114, "codename": "add_card"}}, {"model": "auth.permission", "pk": 454, "fields": {"name": "Can change Карточка", "content_type": 114, "codename": "change_card"}}, {"model": "auth.permission", "pk": 455, "fields": {"name": "Can delete Карточка", "content_type": 114, "codename": "delete_card"}}, {"model": "auth.permission", "pk": 456, "fields": {"name": "Can view Карточка", "content_type": 114, "codename": "view_card"}}, {"model": "auth.permission", "pk": 457, "fields": {"name": "Can add Смешанный", "content_type": 115, "codename": "add_combodemand"}}, {"model": "auth.permission", "pk": 458, "fields": {"name": "Can change Смешанный", "content_type": 115, "codename": "change_combodemand"}}, {"model": "auth.permission", "pk": 459, "fields": {"name": "Can delete Смешанный", "content_type": 115, "codename": "delete_combodemand"}}, {"model": "auth.permission", "pk": 460, "fields": {"name": "Can view Смешанный", "content_type": 115, "codename": "view_combodemand"}}, {"model": "auth.permission", "pk": 461, "fields": {"name": "Can add Страна", "content_type": 116, "codename": "add_country"}}, {"model": "auth.permission", "pk": 462, "fields": {"name": "Can change Страна", "content_type": 116, "codename": "change_country"}}, {"model": "auth.permission", "pk": 463, "fields": {"name": "Can delete Страна", "content_type": 116, "codename": "delete_country"}}, {"model": "auth.permission", "pk": 464, "fields": {"name": "Can view Страна", "content_type": 116, "codename": "view_country"}}, {"model": "auth.permission", "pk": 465, "fields": {"name": "Can add Характер требования", "content_type": 117, "codename": "add_demandcategory"}}, {"model": "auth.permission", "pk": 466, "fields": {"name": "Can change Характер требования", "content_type": 117, "codename": "change_demandcategory"}}, {"model": "auth.permission", "pk": 467, "fields": {"name": "Can delete Характер требования", "content_type": 117, "codename": "delete_demandcategory"}}, {"model": "auth.permission", "pk": 468, "fields": {"name": "Can view Характер требования", "content_type": 117, "codename": "view_demandcategory"}}, {"model": "auth.permission", "pk": 469, "fields": {"name": "Can add Экономический", "content_type": 118, "codename": "add_economicdemand"}}, {"model": "auth.permission", "pk": 470, "fields": {"name": "Can change Экономический", "content_type": 118, "codename": "change_economicdemand"}}, {"model": "auth.permission", "pk": 471, "fields": {"name": "Can delete Экономический", "content_type": 118, "codename": "delete_economicdemand"}}, {"model": "auth.permission", "pk": 472, "fields": {"name": "Can view Экономический", "content_type": 118, "codename": "view_economicdemand"}}, {"model": "auth.permission", "pk": 473, "fields": {"name": "Can add Количество сотрудников предприятия", "content_type": 119, "codename": "add_employeescount"}}, {"model": "auth.permission", "pk": 474, "fields": {"name": "Can change Количество сотрудников предприятия", "content_type": 119, "codename": "change_employeescount"}}, {"model": "auth.permission", "pk": 475, "fields": {"name": "Can delete Количество сотрудников предприятия", "content_type": 119, "codename": "delete_employeescount"}}, {"model": "auth.permission", "pk": 476, "fields": {"name": "Can view Количество сотрудников предприятия", "content_type": 119, "codename": "view_employeescount"}}, {"model": "auth.permission", "pk": 477, "fields": {"name": "Can add Работодатель", "content_type": 120, "codename": "add_employer"}}, {"model": "auth.permission", "pk": 478, "fields": {"name": "Can change Работодатель", "content_type": 120, "codename": "change_employer"}}, {"model": "auth.permission", "pk": 479, "fields": {"name": "Can delete Работодатель", "content_type": 120, "codename": "delete_employer"}}, {"model": "auth.permission", "pk": 480, "fields": {"name": "Can view Работодатель", "content_type": 120, "codename": "view_employer"}}, {"model": "auth.permission", "pk": 481, "fields": {"name": "Can add Характер групп", "content_type": 121, "codename": "add_groupcharacter"}}, {"model": "auth.permission", "pk": 482, "fields": {"name": "Can change Характер групп", "content_type": 121, "codename": "change_groupcharacter"}}, {"model": "auth.permission", "pk": 483, "fields": {"name": "Can delete Характер групп", "content_type": 121, "codename": "delete_groupcharacter"}}, {"model": "auth.permission", "pk": 484, "fields": {"name": "Can view Характер групп", "content_type": 121, "codename": "view_groupcharacter"}}, {"model": "auth.permission", "pk": 485, "fields": {"name": "Can add Инициатор забастовки/акции", "content_type": 122, "codename": "add_initiator"}}, {"model": "auth.permission", "pk": 486, "fields": {"name": "Can change Инициатор забастовки/акции", "content_type": 122, "codename": "change_initiator"}}, {"model": "auth.permission", "pk": 487, "fields": {"name": "Can delete Инициатор забастовки/акции", "content_type": 122, "codename": "delete_initiator"}}, {"model": "auth.permission", "pk": 488, "fields": {"name": "Can view Инициатор забастовки/акции", "content_type": 122, "codename": "view_initiator"}}, {"model": "auth.permission", "pk": 489, "fields": {"name": "Can add Удовлетворение требований ", "content_type": 123, "codename": "add_meetingrequirment"}}, {"model": "auth.permission", "pk": 490, "fields": {"name": "Can change Удовлетворение требований ", "content_type": 123, "codename": "change_meetingrequirment"}}, {"model": "auth.permission", "pk": 491, "fields": {"name": "Can delete Удовлетворение требований ", "content_type": 123, "codename": "delete_meetingrequirment"}}, {"model": "auth.permission", "pk": 492, "fields": {"name": "Can view Удовлетворение требований ", "content_type": 123, "codename": "view_meetingrequirment"}}, {"model": "auth.permission", "pk": 493, "fields": {"name": "Can add Форма собственности", "content_type": 124, "codename": "add_ownershiptype"}}, {"model": "auth.permission", "pk": 494, "fields": {"name": "Can change Форма собственности", "content_type": 124, "codename": "change_ownershiptype"}}, {"model": "auth.permission", "pk": 495, "fields": {"name": "Can delete Форма собственности", "content_type": 124, "codename": "delete_ownershiptype"}}, {"model": "auth.permission", "pk": 496, "fields": {"name": "Can view Форма собственности", "content_type": 124, "codename": "view_ownershiptype"}}, {"model": "auth.permission", "pk": 497, "fields": {"name": "Can add Количество участников забастовки", "content_type": 125, "codename": "add_participantscount"}}, {"model": "auth.permission", "pk": 498, "fields": {"name": "Can change Количество участников забастовки", "content_type": 125, "codename": "change_participantscount"}}, {"model": "auth.permission", "pk": 499, "fields": {"name": "Can delete Количество участников забастовки", "content_type": 125, "codename": "delete_participantscount"}}, {"model": "auth.permission", "pk": 500, "fields": {"name": "Can view Количество участников забастовки", "content_type": 125, "codename": "view_participantscount"}}, {"model": "auth.permission", "pk": 501, "fields": {"name": "Can add Политический", "content_type": 126, "codename": "add_politicdemand"}}, {"model": "auth.permission", "pk": 502, "fields": {"name": "Can change Политический", "content_type": 126, "codename": "change_politicdemand"}}, {"model": "auth.permission", "pk": 503, "fields": {"name": "Can delete Политический", "content_type": 126, "codename": "delete_politicdemand"}}, {"model": "auth.permission", "pk": 504, "fields": {"name": "Can view Политический", "content_type": 126, "codename": "view_politicdemand"}}, {"model": "auth.permission", "pk": 505, "fields": {"name": "Can add Источник", "content_type": 127, "codename": "add_source"}}, {"model": "auth.permission", "pk": 506, "fields": {"name": "Can change Источник", "content_type": 127, "codename": "change_source"}}, {"model": "auth.permission", "pk": 507, "fields": {"name": "Can delete Источник", "content_type": 127, "codename": "delete_source"}}, {"model": "auth.permission", "pk": 508, "fields": {"name": "Can view Источник", "content_type": 127, "codename": "view_source"}}, {"model": "auth.permission", "pk": 509, "fields": {"name": "Can add Характер забастовки/акции", "content_type": 128, "codename": "add_strikecharacter"}}, {"model": "auth.permission", "pk": 510, "fields": {"name": "Can change Характер забастовки/акции", "content_type": 128, "codename": "change_strikecharacter"}}, {"model": "auth.permission", "pk": 511, "fields": {"name": "Can delete Характер забастовки/акции", "content_type": 128, "codename": "delete_strikecharacter"}}, {"model": "auth.permission", "pk": 512, "fields": {"name": "Can view Характер забастовки/акции", "content_type": 128, "codename": "view_strikecharacter"}}, {"model": "auth.permission", "pk": 513, "fields": {"name": "Can add Есть ли на предприятии профсоюз", "content_type": 129, "codename": "add_tradeunion"}}, {"model": "auth.permission", "pk": 514, "fields": {"name": "Can change Есть ли на предприятии профсоюз", "content_type": 129, "codename": "change_tradeunion"}}, {"model": "auth.permission", "pk": 515, "fields": {"name": "Can delete Есть ли на предприятии профсоюз", "content_type": 129, "codename": "delete_tradeunion"}}, {"model": "auth.permission", "pk": 516, "fields": {"name": "Can view Есть ли на предприятии профсоюз", "content_type": 129, "codename": "view_tradeunion"}}, {"model": "auth.permission", "pk": 517, "fields": {"name": "Can add Есть ли на предприятии профсоюз", "content_type": 130, "codename": "add_tradeunionchoice"}}, {"model": "auth.permission", "pk": 518, "fields": {"name": "Can change Есть ли на предприятии профсоюз", "content_type": 130, "codename": "change_tradeunionchoice"}}, {"model": "auth.permission", "pk": 519, "fields": {"name": "Can delete Есть ли на предприятии профсоюз", "content_type": 130, "codename": "delete_tradeunionchoice"}}, {"model": "auth.permission", "pk": 520, "fields": {"name": "Can view Есть ли на предприятии профсоюз", "content_type": 130, "codename": "view_tradeunionchoice"}}, {"model": "auth.permission", "pk": 521, "fields": {"name": "Can add Профсоюз", "content_type": 131, "codename": "add_tradeuniondata"}}, {"model": "auth.permission", "pk": 522, "fields": {"name": "Can change Профсоюз", "content_type": 131, "codename": "change_tradeuniondata"}}, {"model": "auth.permission", "pk": 523, "fields": {"name": "Can delete Профсоюз", "content_type": 131, "codename": "delete_tradeuniondata"}}, {"model": "auth.permission", "pk": 524, "fields": {"name": "Can view Профсоюз", "content_type": 131, "codename": "view_tradeuniondata"}}, {"model": "auth.permission", "pk": 525, "fields": {"name": "Can add Членство в профсоюзе", "content_type": 132, "codename": "add_tradeuniongroupmembership"}}, {"model": "auth.permission", "pk": 526, "fields": {"name": "Can change Членство в профсоюзе", "content_type": 132, "codename": "change_tradeuniongroupmembership"}}, {"model": "auth.permission", "pk": 527, "fields": {"name": "Can delete Членство в профсоюзе", "content_type": 132, "codename": "delete_tradeuniongroupmembership"}}, {"model": "auth.permission", "pk": 528, "fields": {"name": "Can view Членство в профсоюзе", "content_type": 132, "codename": "view_tradeuniongroupmembership"}}, {"model": "auth.permission", "pk": 529, "fields": {"name": "Can add Регион", "content_type": 133, "codename": "add_region"}}, {"model": "auth.permission", "pk": 530, "fields": {"name": "Can change Регион", "content_type": 133, "codename": "change_region"}}, {"model": "auth.permission", "pk": 531, "fields": {"name": "Can delete Регион", "content_type": 133, "codename": "delete_region"}}, {"model": "auth.permission", "pk": 532, "fields": {"name": "Can view Регион", "content_type": 133, "codename": "view_region"}}, {"model": "auth.permission", "pk": 533, "fields": {"name": "Can add Группа лиц", "content_type": 134, "codename": "add_persongroupinfo"}}, {"model": "auth.permission", "pk": 534, "fields": {"name": "Can change Группа лиц", "content_type": 134, "codename": "change_persongroupinfo"}}, {"model": "auth.permission", "pk": 535, "fields": {"name": "Can delete Группа лиц", "content_type": 134, "codename": "delete_persongroupinfo"}}, {"model": "auth.permission", "pk": 536, "fields": {"name": "Can view Группа лиц", "content_type": 134, "codename": "view_persongroupinfo"}}, {"model": "auth.permission", "pk": 537, "fields": {"name": "Can add Физическое лицо", "content_type": 135, "codename": "add_individual"}}, {"model": "auth.permission", "pk": 538, "fields": {"name": "Can change Физическое лицо", "content_type": 135, "codename": "change_individual"}}, {"model": "auth.permission", "pk": 539, "fields": {"name": "Can delete Физическое лицо", "content_type": 135, "codename": "delete_individual"}}, {"model": "auth.permission", "pk": 540, "fields": {"name": "Can view Физическое лицо", "content_type": 135, "codename": "view_individual"}}, {"model": "auth.permission", "pk": 541, "fields": {"name": "Can add Фото/видео/документы ", "content_type": 136, "codename": "add_cardphoto"}}, {"model": "auth.permission", "pk": 542, "fields": {"name": "Can change Фото/видео/документы ", "content_type": 136, "codename": "change_cardphoto"}}, {"model": "auth.permission", "pk": 543, "fields": {"name": "Can delete Фото/видео/документы ", "content_type": 136, "codename": "delete_cardphoto"}}, {"model": "auth.permission", "pk": 544, "fields": {"name": "Can view Фото/видео/документы ", "content_type": 136, "codename": "view_cardphoto"}}, {"model": "auth.permission", "pk": 545, "fields": {"name": "Can add Кейсы, связанные с забастовкой", "content_type": 137, "codename": "add_cardfile"}}, {"model": "auth.permission", "pk": 546, "fields": {"name": "Can change Кейсы, связанные с забастовкой", "content_type": 137, "codename": "change_cardfile"}}, {"model": "auth.permission", "pk": 547, "fields": {"name": "Can delete Кейсы, связанные с забастовкой", "content_type": 137, "codename": "delete_cardfile"}}, {"model": "auth.permission", "pk": 548, "fields": {"name": "Can view Кейсы, связанные с забастовкой", "content_type": 137, "codename": "view_cardfile"}}, {"model": "auth.permission", "pk": 549, "fields": {"name": "Can add Коментарий к забастовке", "content_type": 138, "codename": "add_cardcomment"}}, {"model": "auth.permission", "pk": 550, "fields": {"name": "Can change Коментарий к забастовке", "content_type": 138, "codename": "change_cardcomment"}}, {"model": "auth.permission", "pk": 551, "fields": {"name": "Can delete Коментарий к забастовке", "content_type": 138, "codename": "delete_cardcomment"}}, {"model": "auth.permission", "pk": 552, "fields": {"name": "Can view Коментарий к забастовке", "content_type": 138, "codename": "view_cardcomment"}}, {"model": "auth.user", "pk": 1, "fields": {"password": "pbkdf2_sha256$260000$tkHEOw5l1YQME9sJfwfIHI$vS78ugLHXzs1dnSpAA4LhQp1htYroZV2jahQ6BoQEo8=", "last_login": "2021-10-15T03:46:44.085Z", "is_superuser": true, "username": "admin", "first_name": "", "last_name": "", "email": "erubtsova@solidaritycenter.org", "is_staff": true, "is_active": true, "date_joined": "2021-08-19T10:57:19Z", "groups": [], "user_permissions": []}}, {"model": "auth.user", "pk": 2, "fields": {"password": "pbkdf2_sha256$260000$zqsb6pvchqxpQQVTzowfy5$ll9ME5uZemmhGybUAaYSxAbXyzU8tKXxTbg6uFxuw6Q=", "last_login": "2021-08-20T14:36:02Z", "is_superuser": false, "username": "monitorRK1", "first_name": "", "last_name": "", "email": "z.zhorabekova@mail.ru", "is_staff": false, "is_active": true, "date_joined": "2021-08-20T14:17:16Z", "groups": [], "user_permissions": []}}, {"model": "auth.user", "pk": 4, "fields": {"password": "pbkdf2_sha256$260000$eEMfiO77RaUhECBeW0SxTQ$2aYpy7RiQx2NddeVuOO1rJC7JFL/OEMYUC+aGAQSkvo=", "last_login": "2021-09-15T07:19:20Z", "is_superuser": true, "username": "chubalena@mail.ru", "first_name": "", "last_name": "", "email": "chubalena@mail.ru", "is_staff": false, "is_active": true, "date_joined": "2021-09-06T08:24:14Z", "groups": [], "user_permissions": []}}, {"model": "auth.user", "pk": 5, "fields": {"password": "pbkdf2_sha256$260000$dfY6acPO52WYKLZpfSuNLG$U7e23OIMT6xfh5WofD1zu3Ea0u4SjkCbf87eASR7sac=", "last_login": null, "is_superuser": false, "username": "monitorRK2", "first_name": "", "last_name": "", "email": "alexandr.sh1993@gmail.com", "is_staff": false, "is_active": true, "date_joined": "2021-09-13T09:18:15Z", "groups": [], "user_permissions": []}}, {"model": "auth.user", "pk": 6, "fields": {"password": "pbkdf2_sha256$260000$jHBHVlquNFfhnAp5i2mNa4$HCK2nluudozs3dTYzFQVt49UQCnichFCb+r0RQJpyPY=", "last_login": "2021-09-28T05:42:37Z", "is_superuser": false, "username": "monitorKR", "first_name": "", "last_name": "", "email": "l.chub1986@gmail.com", "is_staff": false, "is_active": true, "date_joined": "2021-09-15T07:38:31Z", "groups": [], "user_permissions": []}}, {"model": "auth.user", "pk": 7, "fields": {"password": "pbkdf2_sha256$260000$nPXVxUcUpgChNpNivL2HTQ$DTVDzUWc6PROLw7HqjvjRXPhb6xcHLkRdpdvwjFVsHs=", "last_login": "2021-09-30T07:01:50.915Z", "is_superuser": false, "username": "monitorKR1", "first_name": "", "last_name": "", "email": "aigulaldosova66@gmail.com", "is_staff": false, "is_active": true, "date_joined": "2021-09-30T07:01:05Z", "groups": [], "user_permissions": []}}, {"model": "auth.user", "pk": 8, "fields": {"password": "pbkdf2_sha256$260000$7yCCebtwFJIAd8fzQFM0B3$THUypNvfB1tO27d96TIoFFuaJbyCGCTu54WPLTSnHYo=", "last_login": "2021-09-30T10:43:30.493Z", "is_superuser": false, "username": "monitorKR2", "first_name": "", "last_name": "", "email": "elya_0412@mail.ru", "is_staff": false, "is_active": true, "date_joined": "2021-09-30T07:03:22Z", "groups": [], "user_permissions": []}}, {"model": "auth.user", "pk": 9, "fields": {"password": "pbkdf2_sha256$260000$bONkIBtBGeupGxMs8QacVG$F7yeqbmUqKKkhvAbdoqOmswAAGpLb/hpOYkY7C9SVss=", "last_login": null, "is_superuser": false, "username": "monitorKR3", "first_name": "", "last_name": "", "email": "Raushan.Sabirova@pepsico.com", "is_staff": false, "is_active": true, "date_joined": "2021-09-30T07:06:07Z", "groups": [], "user_permissions": []}}, {"model": "auth.user", "pk": 10, "fields": {"password": "pbkdf2_sha256$260000$yFxMUcEVGEcEOrMDvii3ph$dJEIr2Cr4UCYAEXN6r58U6dys7GByIe471BhycwXNUE=", "last_login": "2021-09-30T10:33:09.867Z", "is_superuser": false, "username": "monitorKR4", "first_name": "", "last_name": "", "email": "nazira.akmatkalyeva@mail.ru", "is_staff": false, "is_active": true, "date_joined": "2021-09-30T07:07:51Z", "groups": [], "user_permissions": []}}, {"model": "auth.user", "pk": 11, "fields": {"password": "pbkdf2_sha256$260000$BnyPPMdwhCJ0j8xEOTVS3d$3fO/SFR5A3m6HRDpHm/GtyYRSpyDNRRQAMamx5X3A98=", "last_login": null, "is_superuser": false, "username": "monitorKR5", "first_name": "", "last_name": "", "email": "Ulan_tumakov@mail.ru", "is_staff": false, "is_active": true, "date_joined": "2021-09-30T07:09:41Z", "groups": [], "user_permissions": []}}, {"model": "auth.user", "pk": 12, "fields": {"password": "pbkdf2_sha256$260000$cWeXhELNxfn49DMknqn7i5$7YRtwaw5/wmr6W52AGjzVtp8vZaxqhwnU11jsBIwiho=", "last_login": "2021-10-01T05:54:19.911Z", "is_superuser": false, "username": "monitorKR6", "first_name": "", "last_name": "", "email": "bekjan_93.kg@mail.ru", "is_staff": false, "is_active": true, "date_joined": "2021-09-30T07:10:36Z", "groups": [], "user_permissions": []}}, {"model": "auth.user", "pk": 13, "fields": {"password": "pbkdf2_sha256$260000$Xvy9mKXngD0cs9eKy8jaYp$lzgg/gPOxuyMF4lMnbkl+hw6FbJwQg+2Q2VvOw4nTWo=", "last_login": null, "is_superuser": false, "username": "monitorKR7", "first_name": "", "last_name": "", "email": "m.karypov@gmail.com", "is_staff": false, "is_active": true, "date_joined": "2021-09-30T07:11:37Z", "groups": [], "user_permissions": []}}, {"model": "auth.user", "pk": 14, "fields": {"password": "pbkdf2_sha256$260000$WhsUZmGAAaPP4L4BMv2eLk$PrKXDVitw55HJjKufIbIGcc+EVhJ3OgBd0uOX/Q3pbE=", "last_login": "2021-09-30T07:17:50.613Z", "is_superuser": false, "username": "monitorKR8", "first_name": "", "last_name": "", "email": "karabaev.nursultan@gmail.com", "is_staff": false, "is_active": true, "date_joined": "2021-09-30T07:13:24Z", "groups": [], "user_permissions": []}}, {"model": "auth.user", "pk": 15, "fields": {"password": "pbkdf2_sha256$260000$acXGXSeQpgn5vMtrO1BzkC$VNnwvLgJ/IfkSO5yCkCw30a4q17R2BCaQbMirq03uVE=", "last_login": "2021-10-10T12:29:10.525Z", "is_superuser": false, "username": "monitorUZ1", "first_name": "", "last_name": "", "email": "1962azim@gmail.com", "is_staff": false, "is_active": true, "date_joined": "2021-09-30T07:14:14Z", "groups": [], "user_permissions": []}}, {"model": "auth.user", "pk": 16, "fields": {"password": "pbkdf2_sha256$260000$bSdnkneTNPj7RcAaUomlGg$ajioFLKxv9t1E+pMFO3njeTKv/9Fuq+a0+BXKy7DWls=", "last_login": "2021-09-30T07:20:43.239Z", "is_superuser": false, "username": "Admin1", "first_name": "", "last_name": "", "email": "CAmonitoringmission@gmail.com", "is_staff": false, "is_active": true, "date_joined": "2021-09-30T07:15:24Z", "groups": [], "user_permissions": []}}, {"model": "auth.user", "pk": 17, "fields": {"password": "pbkdf2_sha256$260000$PTca9hytJZGGts3AwqHTaW$FCpEWnUl6W/FLzbTHn1x9oPH/G1bOJjP5aB3fS6p+eU=", "last_login": "2021-10-08T05:41:56.418Z", "is_superuser": false, "username": "adminRK", "first_name": "", "last_name": "", "email": "dmitriy@tikhonov.xyz", "is_staff": false, "is_active": true, "date_joined": "2021-10-04T04:53:48Z", "groups": [], "user_permissions": []}}, {"model": "auth.user", "pk": 18, "fields": {"password": "pbkdf2_sha256$260000$mRDn7ZBhkL3TrWO4TIsT82$l/6u9VbOyE7g97Hjz1HGLISIBwBTIsvOOdHWxbOF3bY=", "last_login": "2021-10-08T04:36:27.060Z", "is_superuser": false, "username": "adminRK1", "first_name": "", "last_name": "", "email": "ilifoundationkz@gmail.com", "is_staff": false, "is_active": true, "date_joined": "2021-10-04T05:15:29Z", "groups": [], "user_permissions": []}}, {"model": "auth.user", "pk": 19, "fields": {"password": "pbkdf2_sha256$260000$gAZEx2JRndCPCyf517sY7G$bmxaNv20dc5r30pEBtw15PV1xTUb7raZ0zgfSa+9Wfg=", "last_login": "2021-10-08T04:42:13.975Z", "is_superuser": false, "username": "monitorRK3", "first_name": "", "last_name": "", "email": "l.kamze@gmail.com", "is_staff": false, "is_active": true, "date_joined": "2021-10-04T05:20:33Z", "groups": [], "user_permissions": []}}, {"model": "auth.user", "pk": 20, "fields": {"password": "pbkdf2_sha256$260000$M1Qkm49igJLsFFnkta6PjP$+B0U8Sa4DI2cp88K8Xtrap74aQiACImOsEyhBWKwJoc=", "last_login": null, "is_superuser": false, "username": "monitorRK4", "first_name": "", "last_name": "", "email": "Mr-kamalov@mail.ru", "is_staff": false, "is_active": true, "date_joined": "2021-10-04T05:32:37Z", "groups": [], "user_permissions": []}}, {"model": "auth.user", "pk": 21, "fields": {"password": "pbkdf2_sha256$260000$cjzoG7XViWwNaQZTKJySk6$/ngwL+DOiLGQtJ5mVVkMxqyhYky5CdDaU4uj92pN1eQ=", "last_login": "2021-10-18T10:22:19.888Z", "is_superuser": false, "username": "monitorRK5", "first_name": "", "last_name": "", "email": "kostanai2.kibhr@gmail.com", "is_staff": false, "is_active": true, "date_joined": "2021-10-04T05:35:15Z", "groups": [], "user_permissions": []}}, {"model": "auth.user", "pk": 22, "fields": {"password": "pbkdf2_sha256$260000$PNPbUrFEjMj0l17ltjCtLJ$wkh9XlkB8QtSHsAlnuGSMZbxzIn/Cv+altv+ygspF5w=", "last_login": "2021-10-08T03:54:17.278Z", "is_superuser": false, "username": "monitorRK6", "first_name": "", "last_name": "", "email": "kibhr.pavlodar@gmail.com", "is_staff": false, "is_active": true, "date_joined": "2021-10-04T05:36:32Z", "groups": [], "user_permissions": []}}, {"model": "auth.user", "pk": 23, "fields": {"password": "pbkdf2_sha256$260000$IDv8RKdGWT4GgBMTVxcFhf$iMV5O/hWs9wu3d7ai1zM1u2al1QtdTHL9NZKKIQBG+M=", "last_login": "2021-10-07T04:39:25.369Z", "is_superuser": false, "username": "monitorRK7", "first_name": "", "last_name": "", "email": "araily.b@gmail.com", "is_staff": false, "is_active": true, "date_joined": "2021-10-04T05:37:37Z", "groups": [], "user_permissions": []}}, {"model": "auth.user", "pk": 24, "fields": {"password": "pbkdf2_sha256$260000$4wj28aX2xFVIlnyvYEYmAv$x4hWfSJiX81IvW5P5kRpdwS91FojnOCmm6qA9HI/LkU=", "last_login": "2021-10-07T05:19:40.132Z", "is_superuser": false, "username": "monitorRK8", "first_name": "", "last_name": "", "email": "Krg.ahmadi@gmail.com", "is_staff": false, "is_active": true, "date_joined": "2021-10-04T05:38:57Z", "groups": [], "user_permissions": []}}, {"model": "auth.user", "pk": 25, "fields": {"password": "pbkdf2_sha256$260000$eRxD4gu8TvelgHzeRRYRJo$ZLKoIFnCK+97iv7Lt379mRZ4oWu30v+vmoDHvYvyfyg=", "last_login": "2021-10-05T16:21:37.001Z", "is_superuser": false, "username": "monitorRK9", "first_name": "", "last_name": "", "email": "t_dumcheva@inbox.ru", "is_staff": false, "is_active": true, "date_joined": "2021-10-04T05:40:03Z", "groups": [], "user_permissions": []}}, {"model": "auth.user", "pk": 26, "fields": {"password": "pbkdf2_sha256$260000$UzAEc4VSJWofJpwl8DjHFg$UhlRaeVQaitbQPCgz8p/vXtavN90RVDD1eGxZIHR9I8=", "last_login": "2021-10-08T05:54:35.881Z", "is_superuser": false, "username": "monitorRK10", "first_name": "", "last_name": "", "email": "cherry_1988@list.ru", "is_staff": false, "is_active": true, "date_joined": "2021-10-04T05:41:15Z", "groups": [], "user_permissions": []}}, {"model": "auth.user", "pk": 27, "fields": {"password": "pbkdf2_sha256$260000$2FcxoY3c4MkmCvpY6CkST2$yzlY8B0JWXflsuY75mP1WcN/XncGC6tNwFFqUnD5DdM=", "last_login": null, "is_superuser": false, "username": "monitorRK11", "first_name": "", "last_name": "", "email": "abkadyrov.rolan@mail.ru", "is_staff": false, "is_active": true, "date_joined": "2021-10-04T05:42:14Z", "groups": [], "user_permissions": []}}, {"model": "auth.user", "pk": 28, "fields": {"password": "pbkdf2_sha256$260000$MNkcwNyxiLPwEuU6ntvvLG$+orTCC/6o74BU9VA9yO6W8lRdWR3wgviJL6jaUxR8+Y=", "last_login": "2021-10-19T13:58:23.870Z", "is_superuser": false, "username": "monitorRK12", "first_name": "", "last_name": "", "email": "oskemen.kibhr@gmail.com", "is_staff": false, "is_active": true, "date_joined": "2021-10-04T05:43:02Z", "groups": [], "user_permissions": []}}, {"model": "auth.user", "pk": 29, "fields": {"password": "pbkdf2_sha256$260000$zY7xS3HQG8BsRpJAAmZa0m$5UX3AVzQ6U8qNr7+SmKPXmIXhVGYcp+5KDJOWyPRdWg=", "last_login": "2021-10-18T07:29:35.742Z", "is_superuser": false, "username": "monitorRK13", "first_name": "", "last_name": "", "email": "adilet.iac@gmail.com", "is_staff": false, "is_active": true, "date_joined": "2021-10-04T05:43:59Z", "groups": [], "user_permissions": []}}, {"model": "auth.user", "pk": 30, "fields": {"password": "pbkdf2_sha256$260000$K4swjKUet3UgEIiUnUX1dj$GKtFfeftDaJeMSe21FuPMNWC6YWMAchVslgYVE3JdKI=", "last_login": "2021-10-08T06:11:56.359Z", "is_superuser": false, "username": "monitorRK14", "first_name": "", "last_name": "", "email": "ale43351@yandex.ru", "is_staff": false, "is_active": true, "date_joined": "2021-10-04T05:44:51Z", "groups": [], "user_permissions": []}}, {"model": "auth.user", "pk": 31, "fields": {"password": "pbkdf2_sha256$260000$8OhpkOmVDBvE0zbCC2EspF$WoxXNx8a+Nq4VYh9sDQLjmUQmSONMtW0svRQjtejjZE=", "last_login": "2021-10-25T08:26:15.397Z", "is_superuser": false, "username": "monitorRK15", "first_name": "", "last_name": "", "email": "Alhastov@inbox.ru", "is_staff": false, "is_active": true, "date_joined": "2021-10-04T05:45:44Z", "groups": [], "user_permissions": []}}, {"model": "auth.user", "pk": 32, "fields": {"password": "pbkdf2_sha256$260000$fa3h4dZvAkaVMqd7XLPMrw$rwd80Yef3GKm29Ti2S1ZRFRC/L+AzWFzPNYiqipUZ4w=", "last_login": "2021-10-15T08:02:54.971Z", "is_superuser": true, "username": "dolon", "first_name": "", "last_name": "", "email": "dolon@gmail.com", "is_staff": true, "is_active": true, "date_joined": "2021-10-13T07:57:37Z", "groups": [], "user_permissions": []}}, {"model": "contenttypes.contenttype", "pk": 1, "fields": {"app_label": "admin", "model": "logentry"}}, {"model": "contenttypes.contenttype", "pk": 2, "fields": {"app_label": "auth", "model": "permission"}}, {"model": "contenttypes.contenttype", "pk": 3, "fields": {"app_label": "auth", "model": "group"}}, {"model": "contenttypes.contenttype", "pk": 4, "fields": {"app_label": "auth", "model": "user"}}, {"model": "contenttypes.contenttype", "pk": 5, "fields": {"app_label": "contenttypes", "model": "contenttype"}}, {"model": "contenttypes.contenttype", "pk": 6, "fields": {"app_label": "sessions", "model": "session"}}, {"model": "contenttypes.contenttype", "pk": 7, "fields": {"app_label": "authtoken", "model": "token"}}, {"model": "contenttypes.contenttype", "pk": 8, "fields": {"app_label": "authtoken", "model": "tokenproxy"}}, {"model": "contenttypes.contenttype", "pk": 9, "fields": {"app_label": "migrant", "model": "agreementdetailno"}}, {"model": "contenttypes.contenttype", "pk": 10, "fields": {"app_label": "migrant", "model": "agreementdetailyes"}}, {"model": "contenttypes.contenttype", "pk": 11, "fields": {"app_label": "migrant", "model": "banonentry"}}, {"model": "contenttypes.contenttype", "pk": 12, "fields": {"app_label": "migrant", "model": "case"}}, {"model": "contenttypes.contenttype", "pk": 13, "fields": {"app_label": "migrant", "model": "changesinsalary"}}, {"model": "contenttypes.contenttype", "pk": 14, "fields": {"app_label": "migrant", "model": "country"}}, {"model": "contenttypes.contenttype", "pk": 15, "fields": {"app_label": "migrant", "model": "countryfrom"}}, {"model": "contenttypes.contenttype", "pk": 16, "fields": {"app_label": "migrant", "model": "education"}}, {"model": "contenttypes.contenttype", "pk": 17, "fields": {"app_label": "migrant", "model": "employeescount"}}, {"model": "contenttypes.contenttype", "pk": 18, "fields": {"app_label": "migrant", "model": "entrepreneuremployeescount"}}, {"model": "contenttypes.contenttype", "pk": 19, "fields": {"app_label": "migrant", "model": "gender"}}, {"model": "contenttypes.contenttype", "pk": 20, "fields": {"app_label": "migrant", "model": "grouptype"}}, {"model": "contenttypes.contenttype", "pk": 21, "fields": {"app_label": "migrant", "model": "hireway"}}, {"model": "contenttypes.contenttype", "pk": 22, "fields": {"app_label": "migrant", "model": "individualcountry"}}, {"model": "contenttypes.contenttype", "pk": 23, "fields": {"app_label": "migrant", "model": "infosource"}}, {"model": "contenttypes.contenttype", "pk": 24, "fields": {"app_label": "migrant", "model": "intruder"}}, {"model": "contenttypes.contenttype", "pk": 25, "fields": {"app_label": "migrant", "model": "membershipofgrouppersons"}}, {"model": "contenttypes.contenttype", "pk": 26, "fields": {"app_label": "migrant", "model": "natureviolation"}}, {"model": "contenttypes.contenttype", "pk": 27, "fields": {"app_label": "migrant", "model": "ownershiptype"}}, {"model": "contenttypes.contenttype", "pk": 28, "fields": {"app_label": "migrant", "model": "payway"}}, {"model": "contenttypes.contenttype", "pk": 29, "fields": {"app_label": "migrant", "model": "right"}}, {"model": "contenttypes.contenttype", "pk": 30, "fields": {"app_label": "migrant", "model": "rightsstate"}}, {"model": "contenttypes.contenttype", "pk": 31, "fields": {"app_label": "migrant", "model": "tradeunioncount"}}, {"model": "contenttypes.contenttype", "pk": 32, "fields": {"app_label": "migrant", "model": "tradeunionmembership"}}, {"model": "contenttypes.contenttype", "pk": 33, "fields": {"app_label": "migrant", "model": "tradeunionsituation"}}, {"model": "contenttypes.contenttype", "pk": 34, "fields": {"app_label": "migrant", "model": "victim"}}, {"model": "contenttypes.contenttype", "pk": 35, "fields": {"app_label": "migrant", "model": "victimsituation"}}, {"model": "contenttypes.contenttype", "pk": 36, "fields": {"app_label": "migrant", "model": "victimstatus"}}, {"model": "contenttypes.contenttype", "pk": 37, "fields": {"app_label": "migrant", "model": "violationtype"}}, {"model": "contenttypes.contenttype", "pk": 38, "fields": {"app_label": "migrant", "model": "wayofarrival"}}, {"model": "contenttypes.contenttype", "pk": 39, "fields": {"app_label": "migrant", "model": "wayoffindingwork"}}, {"model": "contenttypes.contenttype", "pk": 40, "fields": {"app_label": "migrant", "model": "wayofgettingsalary"}}, {"model": "contenttypes.contenttype", "pk": 41, "fields": {"app_label": "migrant", "model": "workbookstatus"}}, {"model": "contenttypes.contenttype", "pk": 42, "fields": {"app_label": "migrant", "model": "workingdayduration"}}, {"model": "contenttypes.contenttype", "pk": 43, "fields": {"app_label": "migrant", "model": "workpurpose"}}, {"model": "contenttypes.contenttype", "pk": 44, "fields": {"app_label": "migrant", "model": "region"}}, {"model": "contenttypes.contenttype", "pk": 45, "fields": {"app_label": "migrant", "model": "persongroup"}}, {"model": "contenttypes.contenttype", "pk": 46, "fields": {"app_label": "migrant", "model": "individualinfo"}}, {"model": "contenttypes.contenttype", "pk": 47, "fields": {"app_label": "migrant", "model": "entrepreneur"}}, {"model": "contenttypes.contenttype", "pk": 48, "fields": {"app_label": "migrant", "model": "employee"}}, {"model": "contenttypes.contenttype", "pk": 49, "fields": {"app_label": "migrant", "model": "company"}}, {"model": "contenttypes.contenttype", "pk": 50, "fields": {"app_label": "migrant", "model": "casephoto"}}, {"model": "contenttypes.contenttype", "pk": 51, "fields": {"app_label": "migrant", "model": "casefile"}}, {"model": "contenttypes.contenttype", "pk": 52, "fields": {"app_label": "migrant", "model": "casecomment"}}, {"model": "contenttypes.contenttype", "pk": 53, "fields": {"app_label": "main", "model": "role"}}, {"model": "contenttypes.contenttype", "pk": 54, "fields": {"app_label": "main", "model": "position"}}, {"model": "contenttypes.contenttype", "pk": 55, "fields": {"app_label": "main", "model": "country"}}, {"model": "contenttypes.contenttype", "pk": 56, "fields": {"app_label": "work", "model": "agreementdetail"}}, {"model": "contenttypes.contenttype", "pk": 57, "fields": {"app_label": "work", "model": "antitradeuniondiscrimination"}}, {"model": "contenttypes.contenttype", "pk": 58, "fields": {"app_label": "work", "model": "case"}}, {"model": "contenttypes.contenttype", "pk": 59, "fields": {"app_label": "work", "model": "childlabor"}}, {"model": "contenttypes.contenttype", "pk": 60, "fields": {"app_label": "work", "model": "consultationright"}}, {"model": "contenttypes.contenttype", "pk": 61, "fields": {"app_label": "work", "model": "country"}}, {"model": "contenttypes.contenttype", "pk": 62, "fields": {"app_label": "work", "model": "createorganizationright"}}, {"model": "contenttypes.contenttype", "pk": 63, "fields": {"app_label": "work", "model": "createstrikeright"}}, {"model": "contenttypes.contenttype", "pk": 64, "fields": {"app_label": "work", "model": "createtradeunionright"}}, {"model": "contenttypes.contenttype", "pk": 65, "fields": {"app_label": "work", "model": "discriminationinvariousareas"}}, {"model": "contenttypes.contenttype", "pk": 66, "fields": {"app_label": "work", "model": "discriminationvariousgrounds"}}, {"model": "contenttypes.contenttype", "pk": 67, "fields": {"app_label": "work", "model": "education"}}, {"model": "contenttypes.contenttype", "pk": 68, "fields": {"app_label": "work", "model": "electionsright"}}, {"model": "contenttypes.contenttype", "pk": 69, "fields": {"app_label": "work", "model": "employeescount"}}, {"model": "contenttypes.contenttype", "pk": 70, "fields": {"app_label": "work", "model": "failuresystemicmeasures"}}, {"model": "contenttypes.contenttype", "pk": 71, "fields": {"app_label": "work", "model": "gender"}}, {"model": "contenttypes.contenttype", "pk": 72, "fields": {"app_label": "work", "model": "governmentcoercion"}}, {"model": "contenttypes.contenttype", "pk": 73, "fields": {"app_label": "work", "model": "groupofrights"}}, {"model": "contenttypes.contenttype", "pk": 74, "fields": {"app_label": "work", "model": "grouptype"}}, {"model": "contenttypes.contenttype", "pk": 75, "fields": {"app_label": "work", "model": "intruder"}}, {"model": "contenttypes.contenttype", "pk": 76, "fields": {"app_label": "work", "model": "maritalstatus"}}, {"model": "contenttypes.contenttype", "pk": 77, "fields": {"app_label": "work", "model": "meetingsright"}}, {"model": "contenttypes.contenttype", "pk": 78, "fields": {"app_label": "work", "model": "membershipofgrouppersons"}}, {"model": "contenttypes.contenttype", "pk": 79, "fields": {"app_label": "work", "model": "natureviolation"}}, {"model": "contenttypes.contenttype", "pk": 80, "fields": {"app_label": "work", "model": "ownershiptype"}}, {"model": "contenttypes.contenttype", "pk": 81, "fields": {"app_label": "work", "model": "principleofnondiscrimination"}}, {"model": "contenttypes.contenttype", "pk": 82, "fields": {"app_label": "work", "model": "prohibitionofforcedlabor"}}, {"model": "contenttypes.contenttype", "pk": 83, "fields": {"app_label": "work", "model": "publicpolicydiscrimination"}}, {"model": "contenttypes.contenttype", "pk": 84, "fields": {"app_label": "work", "model": "rightsstate"}}, {"model": "contenttypes.contenttype", "pk": 85, "fields": {"app_label": "work", "model": "rightsviolation"}}, {"model": "contenttypes.contenttype", "pk": 86, "fields": {"app_label": "work", "model": "source"}}, {"model": "contenttypes.contenttype", "pk": 87, "fields": {"app_label": "work", "model": "tradeunionactivities"}}, {"model": "contenttypes.contenttype", "pk": 88, "fields": {"app_label": "work", "model": "tradeunionactivityright"}}, {"model": "contenttypes.contenttype", "pk": 89, "fields": {"app_label": "work", "model": "tradeunionbuildingsright"}}, {"model": "contenttypes.contenttype", "pk": 90, "fields": {"app_label": "work", "model": "tradeunioncount"}}, {"model": "contenttypes.contenttype", "pk": 91, "fields": {"app_label": "work", "model": "tradeunioncrime"}}, {"model": "contenttypes.contenttype", "pk": 92, "fields": {"app_label": "work", "model": "tradeunioninfo"}}, {"model": "contenttypes.contenttype", "pk": 93, "fields": {"app_label": "work", "model": "tradeunionright"}}, {"model": "contenttypes.contenttype", "pk": 94, "fields": {"app_label": "work", "model": "tradeunionsituation"}}, {"model": "contenttypes.contenttype", "pk": 95, "fields": {"app_label": "work", "model": "useofforcedlabor"}}, {"model": "contenttypes.contenttype", "pk": 96, "fields": {"app_label": "work", "model": "victim"}}, {"model": "contenttypes.contenttype", "pk": 97, "fields": {"app_label": "work", "model": "victimsituation"}}, {"model": "contenttypes.contenttype", "pk": 98, "fields": {"app_label": "work", "model": "violationsusingcompulsorylabor"}}, {"model": "contenttypes.contenttype", "pk": 99, "fields": {"app_label": "work", "model": "сonvention135"}}, {"model": "contenttypes.contenttype", "pk": 100, "fields": {"app_label": "work", "model": "сonvention138"}}, {"model": "contenttypes.contenttype", "pk": 101, "fields": {"app_label": "work", "model": "сonvention182"}}, {"model": "contenttypes.contenttype", "pk": 102, "fields": {"app_label": "work", "model": "сonvention87"}}, {"model": "contenttypes.contenttype", "pk": 103, "fields": {"app_label": "work", "model": "сonvention98"}}, {"model": "contenttypes.contenttype", "pk": 104, "fields": {"app_label": "work", "model": "сonversationright"}}, {"model": "contenttypes.contenttype", "pk": 105, "fields": {"app_label": "work", "model": "rightsviolationcase"}}, {"model": "contenttypes.contenttype", "pk": 106, "fields": {"app_label": "work", "model": "region"}}, {"model": "contenttypes.contenttype", "pk": 107, "fields": {"app_label": "work", "model": "individualinfo"}}, {"model": "contenttypes.contenttype", "pk": 108, "fields": {"app_label": "work", "model": "groupofpersons"}}, {"model": "contenttypes.contenttype", "pk": 109, "fields": {"app_label": "work", "model": "company"}}, {"model": "contenttypes.contenttype", "pk": 110, "fields": {"app_label": "work", "model": "casephoto"}}, {"model": "contenttypes.contenttype", "pk": 111, "fields": {"app_label": "work", "model": "casefile"}}, {"model": "contenttypes.contenttype", "pk": 112, "fields": {"app_label": "work", "model": "casecomment"}}, {"model": "contenttypes.contenttype", "pk": 113, "fields": {"app_label": "strike", "model": "age"}}, {"model": "contenttypes.contenttype", "pk": 114, "fields": {"app_label": "strike", "model": "card"}}, {"model": "contenttypes.contenttype", "pk": 115, "fields": {"app_label": "strike", "model": "combodemand"}}, {"model": "contenttypes.contenttype", "pk": 116, "fields": {"app_label": "strike", "model": "country"}}, {"model": "contenttypes.contenttype", "pk": 117, "fields": {"app_label": "strike", "model": "demandcategory"}}, {"model": "contenttypes.contenttype", "pk": 118, "fields": {"app_label": "strike", "model": "economicdemand"}}, {"model": "contenttypes.contenttype", "pk": 119, "fields": {"app_label": "strike", "model": "employeescount"}}, {"model": "contenttypes.contenttype", "pk": 120, "fields": {"app_label": "strike", "model": "employer"}}, {"model": "contenttypes.contenttype", "pk": 121, "fields": {"app_label": "strike", "model": "groupcharacter"}}, {"model": "contenttypes.contenttype", "pk": 122, "fields": {"app_label": "strike", "model": "initiator"}}, {"model": "contenttypes.contenttype", "pk": 123, "fields": {"app_label": "strike", "model": "meetingrequirment"}}, {"model": "contenttypes.contenttype", "pk": 124, "fields": {"app_label": "strike", "model": "ownershiptype"}}, {"model": "contenttypes.contenttype", "pk": 125, "fields": {"app_label": "strike", "model": "participantscount"}}, {"model": "contenttypes.contenttype", "pk": 126, "fields": {"app_label": "strike", "model": "politicdemand"}}, {"model": "contenttypes.contenttype", "pk": 127, "fields": {"app_label": "strike", "model": "source"}}, {"model": "contenttypes.contenttype", "pk": 128, "fields": {"app_label": "strike", "model": "strikecharacter"}}, {"model": "contenttypes.contenttype", "pk": 129, "fields": {"app_label": "strike", "model": "tradeunion"}}, {"model": "contenttypes.contenttype", "pk": 130, "fields": {"app_label": "strike", "model": "tradeunionchoice"}}, {"model": "contenttypes.contenttype", "pk": 131, "fields": {"app_label": "strike", "model": "tradeuniondata"}}, {"model": "contenttypes.contenttype", "pk": 132, "fields": {"app_label": "strike", "model": "tradeuniongroupmembership"}}, {"model": "contenttypes.contenttype", "pk": 133, "fields": {"app_label": "strike", "model": "region"}}, {"model": "contenttypes.contenttype", "pk": 134, "fields": {"app_label": "strike", "model": "persongroupinfo"}}, {"model": "contenttypes.contenttype", "pk": 135, "fields": {"app_label": "strike", "model": "individual"}}, {"model": "contenttypes.contenttype", "pk": 136, "fields": {"app_label": "strike", "model": "cardphoto"}}, {"model": "contenttypes.contenttype", "pk": 137, "fields": {"app_label": "strike", "model": "cardfile"}}, {"model": "contenttypes.contenttype", "pk": 138, "fields": {"app_label": "strike", "model": "cardcomment"}}, {"model": "sessions.session", "pk": "1xkpejqxm16bboua4ljhwf7drhm5wb4o", "fields": {"session_data": ".eJxVizEOwjAQBP_iGkW2Y84JJRLvsPbufHIEpCCkQvydIKWAcnZmX65gfbayLvVRJnUn1wd3-B0Zcq3z19wxzd2O3WWj23l3f4eGpW31kU1IRHPyTNDkbYgM05oS8QATjgSSEEYfoBlZSQzoOXAcs5h7fwBhxzOD:1mevJ9:xaKWzrqjPj_IMI8R-tI3qrVOu3vkTPgwAlMOmJd2Qa4", "expire_date": "2021-11-08T08:26:15.404Z"}}, {"model": "sessions.session", "pk": "29d64cfvwykl6rco3n8xi7uf148oh985", "fields": {"session_data": ".eJxVizEOwjAMRe-SGVWN65CYEYlzRHbsKBXQgdIJcfe2UgcY33_vf1zm5d3yMtsrj-oubgB3-h2Fy92m3Tx5nLoDu9tGj-vh_g6N57bVKrWq9CzBvEo0BrRYQUghIIJn87ESFegTFZUglDgNeC4VSFnQfVdjrzMO:1mbIB4:E0HaRZmr0FZdgOUWid11aKYTmxDsSL9xGOQLypnA8r0", "expire_date": "2021-10-29T08:02:54.979Z"}}, {"model": "sessions.session", "pk": "52pvl28iqe248d3tmasu1qyedh0nqjbx", "fields": {"session_data": ".eJxVizEOwjAMRe-SGVWN65CYEYlzRHbsKBXQgdIJcfe2UgcY33_vf1zm5d3yMtsrj-oubgB3-h2Fy92m3Tx5nLoDu9tGj-vh_g6N57bVKrWq9CzBvEo0BrRYQUghIIJn87ESFegTFZUglDgNeC4VSFnQfVdjrzMO:1mayR0:BbzmXCcdq4A_tHHhM3LsBZ61c2avQgoJ05xPKV6ZVhA", "expire_date": "2021-10-28T10:58:02.009Z"}}, {"model": "sessions.session", "pk": "59ldqa0m0vnpgqaesq1o5z6waemg8hpy", "fields": {"session_data": ".eJxVizEOwjAMRe-SGVVxY4eEEYlzRLbjKhXQgdIJcXeC1AHG99_7L1d4e7ayrfYoc3UnB9kdfkdhvdryNXeel2HH4dLpdt7d36Hx2nodSdGPR4AMgiSQE6IFJBCIBIY-1CTdetM8-Zg6KmrlJCMFqpN7fwDlxTDH:1mYhi1:jnWirQDohGcciBtx7iqok5xWI3CFjifa7Pe5zl8xtsg", "expire_date": "2021-10-22T04:42:13.984Z"}}, {"model": "sessions.session", "pk": "6ewrpjlh13o1bq46x8ecw16bp2nw2bbp", "fields": {"session_data": ".eJxVizEOwjAMRe-SGVWO06YxIxLniGzHUSqgA6UT4u4tUgcY33_vv13m9dXyutgzT8WdnR_c6XcU1pvNX_Pgae4O7K473S-H-zs0XtpeC8YE5onQlAnI1CepglVDBV8iSehRJY3FuI41WBEiMI1YwAAH99kAPg0yrw:1mZXx0:9gZcky8kxZ5cEiZB04m-_YrUk04D_yKmEM_xS1reM_Q", "expire_date": "2021-10-24T12:29:10.553Z"}}, {"model": "sessions.session", "pk": "6t6dbc0hzkphuv1imvd35d81m8uatl6i", "fields": {"session_data": ".eJxVizsOwjAQBe-yNYr8XduUSJzDWu_acgSkIEmFuDtGSgHlvJn3gkz71vO-1meeBc6gFZx-x0J8q8vXPGhepgOn66D75XB_h05rH7WLumIyrnlVWkglUU1WKCDa5Nn6YKSGwk07z4GEGNXI2CDG6MQ6eH8AG9gxrA:1mVtNF:6rlfSmaZSrgb06Mp8HV7z77w1_f0m47TWMyA4L23LGo", "expire_date": "2021-10-14T10:33:09.874Z"}}, {"model": "sessions.session", "pk": "883s05g4b6chz5lkutmmbw2l8bugsiem", "fields": {"session_data": ".eJxVizEOwjAMRe-SGVW1kyYpIxLniGzHViqgA20nxN0pUgcY33_vv1yhbW1lW_RZpurODsGdfkcmuen8NQ-a5u7A7rrT_XK4v0Ojpe11HxKiqSVQE601InuUYdCRFIWz1-wFmHIyZu45EmtImQkCWRzBvT9RRTMv:1mXlbO:S8uX2txzqefRcKp3du-aD382cG_BZHLLFoDzOBDnkWE", "expire_date": "2021-10-19T14:39:30.173Z"}}, {"model": "sessions.session", "pk": "8oc7gdiw82c3egfbeqxr2asdg69f0agr", "fields": {"session_data": ".eJxVizEOwjAQBP_iGkXHJWcflEi8w9qzYzkCUpCkQvwdI6WAcnZ2Xi5iW2vclvEZp-zO7ugOv5sh3cb5Kx6Y5m7H7troftndX1Cx1PYmGA8QTgMCWIgVIuKZvFdOVrQwKAeEXjTAZ0E6ZWpBgapZ794f7CIxcQ:1mNWuy:KPY7BV4-P7lPbqjzbMVw9DC0npxmU-UM-xxpjZgpX8o", "expire_date": "2021-09-21T08:57:24.471Z"}}, {"model": "sessions.session", "pk": "d1vcea6ct77qzzjbbwlgaolakcy5msoo", "fields": {"session_data": ".eJxVi7EOwjAMRP8lM6pSp2kcRiS-I7IdR6mADrSdUP-9QeoA0i3v3t3HJNrWmrZF32nK5moAzOW3ZJKHzl_zomnuTuzujZ630_0dKi21rclbCqN1PTKU2AM6n0Vi4AwjkkIR8RhFOeZMjnDwjodQsLSoRTX7ASdyMpI:1mXlhi:ozM0ree0cijs1qcKastJavBv94EZXoeAF3ozGBa1zHE", "expire_date": "2021-10-19T14:46:02.263Z"}}, {"model": "sessions.session", "pk": "ena9ns1f7p00zjqlzuir3wzij30qr58x", "fields": {"session_data": ".eJxVizEOwjAQBP9yNYrsc2JjSiTeYd15c3IEpCCkQvydIKWAcnZmX1RkfbayLuOjTKATcaTD76hSr-P8NXeZ5m7H7rLR7by7v0OTpW21eUANYtlbEI4y9D1LEh4sB1Rnzjh7jaECLimYnYeyQ-IUEI70_gBRvjJg:1mYiiS:iI9hb4eUaYvUABCcp_3ju5f8jZiHvSvWhgnV-j7Ri0E", "expire_date": "2021-10-22T05:46:44.148Z"}}, {"model": "sessions.session", "pk": "fkqs3bo5jkjfn2sxc6yxx0ujdncy9ibd", "fields": {"session_data": ".eJxVizEOwjAMRe_iGVWpE9uFEYlzRE7iKBXQgdIJcfe2UgcY33_vfyDq8m5xme0VxwIX8A5Ov2PSfLdpN08dp-7A7rbR43q4v0PTuW21WubMYmfKKESoPbEV8q5XqcEhGw9eUgnGGDRZspKrIPkhJKlF4bsCJxkyTg:1mYj6q:LNlcDZXK4BeHI7kIp25ccCe6TnWNAgcIGVO8q5-P2kQ", "expire_date": "2021-10-22T06:11:56.366Z"}}, {"model": "sessions.session", "pk": "fvl0yqljsy9yvxo1yja5xgsj9ykd33ke", "fields": {"session_data": ".eJxVizsOwjAQBe_iGkXeeBfblEicw9qPI0dACkIqxN2TSCmgnDfzPq7w8m5lmeurjOYuDnp3-h2F9V6n3Tx5nLoDu9tGj-vh_g6N57bVJlaFFM1QjTgyqnpUyNGwj8TgyQYMnEgC4DlyylCDJB5izgLefVdQJjJB:1mWBUx:0D9cutXtVQeI_mAm5g0par94y2sg_N9MV47ZdE5Mvo8", "expire_date": "2021-10-15T05:54:19.920Z"}}, {"model": "sessions.session", "pk": "if52c05zf6pd65473iae0zav4yikf5bs", "fields": {"session_data": ".eJxVizsOwjAQBe_iGkXrzzo2JRLnsJ7XKzkCUhBSRdydIKWAct7M20zB-uplXfRZpmbOxrE5_Y4VctP5ax6Y5uHA4brT_XK4v0PH0vcaIiMQOQV2xExVkXis2Yo2DU2UsjaxsTl4ypCaPSmsJmsjhezN-wNA4DI4:1mXnCD:bgOrikxaUnUx8IOaLthc8HyQCbhvBGVpTfO-tw2hFso", "expire_date": "2021-10-19T16:21:37.009Z"}}, {"model": "sessions.session", "pk": "jkgaaxo9cqpv9jvpfx3sx8hq8oe37dwm", "fields": {"session_data": ".eJxVizEOwjAMRe-SGVUmiRObEYlzRE7iKBXQgdIJcfe2UgcY33_vf0yS5d3TMusrjdVcjPXm9DtmKXeddvOUcRoOHG4bPa6H-zt0mftWBw5OG4ktPitjzQCRCgPU6kIjzNAIUEHIeqrnYDl7jhE5KjpGa74rGxMw7g:1mYLoi:SZ7lEYRKRhfUnOK1Ry8pb7TNXMLF5VSXPnuw7QrgbqM", "expire_date": "2021-10-21T05:19:40.139Z"}}, {"model": "sessions.session", "pk": "jocvaxxmk6xwxpk8hy1gc9aemoasopcj", "fields": {"session_data": ".eJxVizEOwjAQBP9yNYrsc2JjSiTeYd15c3IEpCCkQvydIKWAcnZmX1RkfbayLuOjTKATcaTD76hSr-P8NXeZ5m7H7rLR7by7v0OTpW21eUANYtlbEI4y9D1LEh4sB1Rnzjh7jaECLimYnYeyQ-IUEI70_gBRvjJg:1mYiq3:wYgXYhoxUuxQnelFeg7L3VfhoSM-qp7l9ZGp1nAmUXY", "expire_date": "2021-10-22T05:54:35.890Z"}}, {"model": "sessions.session", "pk": "kmkey7m91quwg8u8zevmxao52by7757c", "fields": {"session_data": ".eJxVizsOwjAQBe-yNYr8WcdeSiTOYa3ttRwBKUhSodw9RkoB5byZ94HI29ritsg7TgWuYCxcfsfE-SHz17x4mocTh3un5-10f4fGS-u1iEcmZnHOJ5TABlWwFksQ40odtXhKNFKlzJpUEkFvdTBK9bT6DPsBLxwx0A:1mYLBl:2-zgWXOLywYJfb4gYazQ0IJbaGNT5D5oqfAAZ0i9SiU", "expire_date": "2021-10-21T04:39:25.377Z"}}, {"model": "sessions.session", "pk": "lh3665dptvuh284jlohbfgzsre7bbbtt", "fields": {"session_data": ".eJxVizEOwjAQBP_iGkU-nbHPlEi8wzrbazkCUhBSIf5OIqUI5ezMfkzS5d3TMuOVxmouRszpuGUtd0ybeOo4DTsOt5Ue1939HbrOfa0ZNhO5WhkSqNqQo3MSGtWAJiBAqTBijhBfACfcSvYM9fYspOb7AxZWMlw:1mVtXG:Xd-v5I4_kw9nY6v3nxYc6PV8G65UYyyWGwV341VrwMY", "expire_date": "2021-10-14T10:43:30.510Z"}}, {"model": "sessions.session", "pk": "lwn5nfgui4ckjwr1vv56xfgci4sxg8td", "fields": {"session_data": ".eJxVizEOwjAMRe_iGVWK4zQpIxLniGzHUSqgA6VTxd1ppQ5lfP-9v0Lm5dPyMts7jwWugANczqOwPmzazYvHqTuwu2_0vB3u79B4bludUKU68RTFMBJ7VKMgybtYHTMS1ijYS_UcUhjMoZTUByETK6wK3x8voTKh:1mXHsP:kuKKkayU35g0cUt3VCdUetj--OZtWIzU3U0ZbM9UA1g", "expire_date": "2021-10-18T06:55:05.731Z"}}, {"model": "sessions.session", "pk": "mz3578pjxrxoymu5la5sy4zv0y9j10bm", "fields": {"session_data": ".eJxVizEOwjAMRe-SGVVO4tSYEYlzVLbjKhXQgdIJcXeK1AHG99_7rzDI-mzDuvhjmGo4hUjh8Duq2NXnr7nLNHc7dpeNbufd_R2aLG2rUdX6ypwJlS0RUfGxd00csSB4caBcLCYhrgrmkIDTEa3CmFEkvD8bZzGN:1mYido:IXsRxuuCket4gP4e3_XKeVrP2AI1x2vzII3y344e5hw", "expire_date": "2021-10-22T05:41:56.441Z"}}, {"model": "sessions.session", "pk": "nb78yye0ep3arkepweimnu1kqbkhlep4", "fields": {"session_data": ".eJxVizEOwjAMRe-SGVUmiRObEYlzRE7iKBXQgdIJcfe2UgcY33_vf0yS5d3TMusrjdVcjPXm9DtmKXeddvOUcRoOHG4bPa6H-zt0mftWBw5OG4ktPitjzQCRCgPU6kIjzNAIUEHIeqrnYDl7jhE5KjpGa74rGxMw7g:1mXHff:nmWT9RP4TcS-hymN-S_J0f-rKxJ3Tqa9FOkwrXyD_l8", "expire_date": "2021-10-18T06:41:55.851Z"}}, {"model": "sessions.session", "pk": "nohwsjzu1anphi6z1adxndyj7loybdrk", "fields": {"session_data": ".eJxVjDsOwjAUBO_iGlnmJc82lPQ5g7X-4QBypDipEHcnkVJAuzOzb-GwLsWtLc1ujOIqzuL0u3mEZ6o7iA_U-yTDVJd59HJX5EGbHKaYXrfD_TsoaGWrFTz1YAo9DIgVWTCzJqW1peCzzQQVDUzH1kBHRrhEtQUZ1nrfic8Xzwg3ug:1mLgtd:f17UqmGQwRLgaD6dOp7VXAqY53nV4N7cSRb1u6Q8KU8", "expire_date": "2021-09-16T07:12:25.936Z"}}, {"model": "sessions.session", "pk": "otbsrhrds4g8wgtqhx791uulwizvo7io", "fields": {"session_data": ".eJxVi0sOgzAMBe_idYUcxyRxl5V6jsjko6C2LAqsKu4OlVi0y3kz7wNR16XFdS7vOGa4AgW4_I6DpkeZvual49Sd2N0Pet5O93doOrejFlO9C5nQ1ySeRR0lJsIgmLwKekkDFlabK9dekKho5mqM661lDrDtBrYw3Q:1mXHjG:O8LM2gkqvrByScd_0ftwQ3i-7_YElaMVNbp0UrsfikE", "expire_date": "2021-10-18T06:45:38.156Z"}}, {"model": "sessions.session", "pk": "p9soeukkmszk7bejy6h0bmxybaxi00tq", "fields": {"session_data": ".eJxVizEOwjAQBP_iGkXHJWcflEi8w9qzYzkCUpCkQvwdI6WAcnZ2Xi5iW2vclvEZp-zO7ugOv5sh3cb5Kx6Y5m7H7troftndX1Cx1PYmGA8QTgMCWIgVIuKZvFdOVrQwKAeEXjTAZ0E6ZWpBgapZ794f7CIxcQ:1mOJbk:7RA1X2xCHsUgQDome08R2Sa3Lh53aLoRY92GFaPzENk", "expire_date": "2021-09-23T12:56:48.103Z"}}, {"model": "sessions.session", "pk": "pav0uvlgsmu7ob5tbbgtvwzmdz8s81ga", "fields": {"session_data": ".eJxVizEOwjAMRe-SGVWN65CYEYlzRHbsKBXQgdIJcfe2UgcY33_vf1zm5d3yMtsrj-oubgB3-h2Fy92m3Tx5nLoDu9tGj-vh_g6N57bVKrWq9CzBvEo0BrRYQUghIIJn87ESFegTFZUglDgNeC4VSFnQfVdjrzMO:1maZ9N:YI37_CvKEDGtQNTBkZ2usmg8dkkK_x6LrMkFh2Hbpg8", "expire_date": "2021-10-27T07:58:09.457Z"}}, {"model": "sessions.session", "pk": "q7lwy4bzr4k3wbpz8h5fffi8tneto1n9", "fields": {"session_data": ".eJxVizEOwjAMRe-SGVW1kyYpIxLniGzHViqgA20nxN0pUgcY33_vv1yhbW1lW_RZpurODsGdfkcmuen8NQ-a5u7A7rrT_XK4v0Ojpe11HxKiqSVQE601InuUYdCRFIWz1-wFmHIyZu45EmtImQkCWRzBvT9RRTMv:1mcPmd:QNupjtSR6-vfiuyEOvR4ZxuNsc3N9dIdFF2A7OU6wVk", "expire_date": "2021-11-01T10:22:19.895Z"}}, {"model": "sessions.session", "pk": "qxbe5ewibeo3el31rzd7ep8fda1wd76r", "fields": {"session_data": ".eJxVi7EOwjAMRP8lM6pSp2kcRiS-I7IdR6mADrSdUP-9QeoA0i3v3t3HJNrWmrZF32nK5moAzOW3ZJKHzl_zomnuTuzujZ630_0dKi21rclbCqN1PTKU2AM6n0Vi4AwjkkIR8RhFOeZMjnDwjodQsLSoRTX7ASdyMpI:1mYgxd:qZPqGgVtdTSr67ZWzdRHoPEeBl0hIa6KlaQ-uawTvrg", "expire_date": "2021-10-22T03:54:17.286Z"}}, {"model": "sessions.session", "pk": "r8aym9814q65jfkglbwe20afhxf9jxyp", "fields": {"session_data": ".eJxVi0sOgzAMBe_idYUcxyRxl5V6jsjko6C2LAqsKu4OlVi0y3kz7wNR16XFdS7vOGa4AgW4_I6DpkeZvual49Sd2N0Pet5O93doOrejFlO9C5nQ1ySeRR0lJsIgmLwKekkDFlabK9dekKho5mqM661lDrDtBrYw3Q:1mcpdH:NrwyPExstYAxiMlY8PyFVYLWfLNkvUWZduE2TptO1kU", "expire_date": "2021-11-02T13:58:23.877Z"}}, {"model": "sessions.session", "pk": "rp2lb3ibmc8uc48tb4sf32rvdnpwsao3", "fields": {"session_data": ".eJxVjDsOwjAUBO_iGlnmJc82lPQ5g7X-4QBypDipEHcnkVJAuzOzb-GwLsWtLc1ujOIqzuL0u3mEZ6o7iA_U-yTDVJd59HJX5EGbHKaYXrfD_TsoaGWrFTz1YAo9DIgVWTCzJqW1peCzzQQVDUzH1kBHRrhEtQUZ1nrfic8Xzwg3ug:1mJWPR:gqmd1f2l645FVARMQLogYrE6UiYvtYl9FW0hheFWD0Q", "expire_date": "2021-09-10T07:36:17.224Z"}}, {"model": "sessions.session", "pk": "rxe3mw49bf0f48p8c53782qakbhof8f3", "fields": {"session_data": ".eJxVizEOwjAMRe-SGVWN65CYEYlzRHbsKBXQgdIJcfe2UgcY33_vf1zm5d3yMtsrj-oubgB3-h2Fy92m3Tx5nLoDu9tGj-vh_g6N57bVKrWq9CzBvEo0BrRYQUghIIJn87ESFegTFZUglDgNeC4VSFnQfVdjrzMO:1maZNu:TkTSbUatWKGVaBBwGZOqJXq_JhYDlBv7y3QZRZv0N1s", "expire_date": "2021-10-27T08:13:10.375Z"}}, {"model": "sessions.session", "pk": "rybs31jchyn0lc7uhothuw6wk8fr1l6y", "fields": {"session_data": ".eJxVjDsOwjAUBO_iGlnmJc82lPQ5g7X-4QBypDipEHcnkVJAuzOzb-GwLsWtLc1ujOIqzuL0u3mEZ6o7iA_U-yTDVJd59HJX5EGbHKaYXrfD_TsoaGWrFTz1YAo9DIgVWTCzJqW1peCzzQQVDUzH1kBHRrhEtQUZ1nrfic8Xzwg3ug:1mLiPW:TYJK33a7uLlHEZb81U6vHwZ2iQjuwdP83-13mw4EToU", "expire_date": "2021-09-16T08:49:26.762Z"}}, {"model": "sessions.session", "pk": "tsluj8eyhu5w0z5m5zh5c09lkq4hzkc8", "fields": {"session_data": ".eJxVizEOwjAMRe_iGVWK4zQpIxLniGzHUSqgA6VTxd1ppQ5lfP-9v0Lm5dPyMts7jwWugANczqOwPmzazYvHqTuwu2_0vB3u79B4bludUKU68RTFMBJ7VKMgybtYHTMS1ijYS_UcUhjMoZTUByETK6wK3x8voTKh:1mcN5T:aQWbQJbrz-EfApYrEemVsh1EdJkK37n4xpSRp_ql0GY", "expire_date": "2021-11-01T07:29:35.749Z"}}, {"model": "sessions.session", "pk": "tuh4kkeg7hxov09qp2nyc0uzhyt2e9eq", "fields": {"session_data": ".eJxVizEOwjAQBP_iGkW2Y84JJRLvsPbufHIEpCCkQvydIKWAcnZmX65gfbayLvVRJnUn1wd3-B0Zcq3z19wxzd2O3WWj23l3f4eGpW31kU1IRHPyTNDkbYgM05oS8QATjgSSEEYfoBlZSQzoOXAcs5h7fwBhxzOD:1mYhGC:jPUgl4zjbT8ogtZ3e6w3w6r_CCTbkhDsVwFKwGavzm0", "expire_date": "2021-10-22T04:13:28.066Z"}}, {"model": "sessions.session", "pk": "wakxw7d8b6ld8cou7799j7bq4sf7uigi", "fields": {"session_data": ".eJxVjDsOwjAUBO_iGlnmJc82lPQ5g7X-4QBypDipEHcnkVJAuzOzb-GwLsWtLc1ujOIqzuL0u3mEZ6o7iA_U-yTDVJd59HJX5EGbHKaYXrfD_TsoaGWrFTz1YAo9DIgVWTCzJqW1peCzzQQVDUzH1kBHRrhEtQUZ1nrfic8Xzwg3ug:1mIqRX:CiCTZe0i6mhxxTLtk2N-cdn5Wl1s8SxY2TMj3sg1u30", "expire_date": "2021-09-08T10:47:39.731Z"}}, {"model": "sessions.session", "pk": "ydm523v8g21la4u8gazy88ecjz6g4vsa", "fields": {"session_data": ".eJxVizEOwjAMRe_iGVV2cZyaEYlzRE4clAroQNsJcXeK1AHG99_7L0i2Li2tc32m0eEEBIffLVu51ekrHjZO3Y7dZaP7eXd_h2Zz2-rY9-jCLk4D16wDVuJCrIIhK6qrxqtZRAmEXIqjMkllVbF4pADvD9cLMEY:1mYh3b:PTfo7GpMf5mwilcnzf6v8eFZWpvbEExca0g0IOhWKNk", "expire_date": "2021-10-22T04:00:27.136Z"}}, {"model": "sessions.session", "pk": "yei56ft3qji9za1d7qatpzb6xwcsi58f", "fields": {"session_data": ".eJxVjDsOwjAUBO_iGlnmJc82lPQ5g7X-4QBypDipEHcnkVJAuzOzb-GwLsWtLc1ujOIqzuL0u3mEZ6o7iA_U-yTDVJd59HJX5EGbHKaYXrfD_TsoaGWrFTz1YAo9DIgVWTCzJqW1peCzzQQVDUzH1kBHRrhEtQUZ1nrfic8Xzwg3ug:1mH5fN:ogC08gu3QugDvXVqqiRoxCi4cvPBadfkK5N8CaWuE-g", "expire_date": "2021-09-03T14:38:41.722Z"}}, {"model": "sessions.session", "pk": "ygu2a8minfuxlh5zjoiupjtthiybl9e9", "fields": {"session_data": ".eJxVizEOwjAMRe_iGVV2cZyaEYlzRE4clAroQNsJcXeK1AHG99_7L0i2Li2tc32m0eEEBIffLVu51ekrHjZO3Y7dZaP7eXd_h2Zz2-rY9-jCLk4D16wDVuJCrIIhK6qrxqtZRAmEXIqjMkllVbF4pADvD9cLMEY:1mbEBA:5IsXAuhBOoeIbqtuE62yVPBB32G2XGKTCUKJ5Kf4NQA", "expire_date": "2021-10-29T03:46:44.091Z"}}, {"model": "sessions.session", "pk": "zw70zh0mz4t3cqbojb0dwd3a2v6ykp6v", "fields": {"session_data": ".eJxVizEOwjAQBP_iGkXHJWcflEi8w9qzYzkCUpCkQvwdI6WAcnZ2Xi5iW2vclvEZp-zO7ugOv5sh3cb5Kx6Y5m7H7troftndX1Cx1PYmGA8QTgMCWIgVIuKZvFdOVrQwKAeEXjTAZ0E6ZWpBgapZ794f7CIxcQ:1mQ6LF:8h5z5h71YSJrh2iOnC-6JxQfCVsWBQlsFnp8Ck7n5tU", "expire_date": "2021-09-28T11:11:09.205Z"}}, {"model": "migrant.victimstatus", "pk": 1, "fields": {"name": "Легальный трудовой мигрант", "active": true}}, {"model": "migrant.victimstatus", "pk": 2, "fields": {"name": "Не легальный трудовой мигрант", "active": true}}, {"model": "migrant.victimstatus", "pk": 3, "fields": {"name": "Нет информации", "active": true}}, {"model": "migrant.banonentry", "pk": 1, "fields": {"name": "Да", "active": true}}, {"model": "migrant.banonentry", "pk": 2, "fields": {"name": "Нет", "active": true}}, {"model": "migrant.banonentry", "pk": 3, "fields": {"name": "нет информации", "active": true}}, {"model": "migrant.banonentry", "pk": 4, "fields": {"name": "другое", "active": true}}, {"model": "migrant.infosource", "pk": 1, "fields": {"name": "Интервью с пострадавшим", "active": true}}, {"model": "migrant.infosource", "pk": 2, "fields": {"name": "Сообщение из СМИ", "active": true}}, {"model": "migrant.infosource", "pk": 3, "fields": {"name": "Информация от работодателя", "active": true}}, {"model": "migrant.infosource", "pk": 4, "fields": {"name": "Информация от юриста", "active": true}}, {"model": "migrant.infosource", "pk": 5, "fields": {"name": "Информация от НКО, правозащитной организации", "active": true}}, {"model": "migrant.infosource", "pk": 6, "fields": {"name": "Информация от правоохранительных органов", "active": true}}, {"model": "migrant.infosource", "pk": 7, "fields": {"name": "Информация от государственных органов", "active": true}}, {"model": "migrant.infosource", "pk": 8, "fields": {"name": "Информация от посольства/консульства", "active": true}}, {"model": "migrant.right", "pk": 1, "fields": {"name": "Оплата труда", "active": true}}, {"model": "migrant.right", "pk": 2, "fields": {"name": "Время отдыха (нет выходных дней и отпусков)", "active": true}}, {"model": "migrant.right", "pk": 3, "fields": {"name": "Доступ к социальному обеспечению и медицинскому обслуживанию", "active": true}}, {"model": "migrant.right", "pk": 4, "fields": {"name": "Безопасность условий труда на работе", "active": true}}, {"model": "migrant.right", "pk": 5, "fields": {"name": "Использование детского труда", "active": true}}, {"model": "migrant.right", "pk": 6, "fields": {"name": "Использование принудительного труда (забрали паспорт, не выплачивали заработную плату, угрожали, шантажировали, проявляли физическое/психологическое насилие т.п.)", "active": true}}, {"model": "migrant.right", "pk": 7, "fields": {"name": "Дискриминация в различных сферах трудовой деятельности", "active": true}}, {"model": "migrant.right", "pk": 8, "fields": {"name": "Эксплуатация (трудовая)", "active": true}}, {"model": "migrant.right", "pk": 9, "fields": {"name": "Доступ к гарантиям сохранения занятости", "active": true}}, {"model": "migrant.right", "pk": 10, "fields": {"name": "Ограничение доступа к членству в профсоюзе", "active": true}}, {"model": "migrant.right", "pk": 11, "fields": {"name": "Проведение консультации по трудовому законодательству", "active": true}}, {"model": "migrant.right", "pk": 12, "fields": {"name": "Право на справедливое судебное разбирательство", "active": true}}, {"model": "migrant.right", "pk": 13, "fields": {"name": "Сексуальные домогательства", "active": true}}, {"model": "migrant.right", "pk": 14, "fields": {"name": "другое ", "active": true}}, {"model": "migrant.victim", "pk": 1, "fields": {"name": "Физическое лицо", "active": true}}, {"model": "migrant.victim", "pk": 2, "fields": {"name": "Группа лиц (работников)", "active": true}}, {"model": "migrant.gender", "pk": 1, "fields": {"name": "Мужчина", "active": true}}, {"model": "migrant.gender", "pk": 2, "fields": {"name": "Женщина", "active": true}}, {"model": "migrant.gender", "pk": 3, "fields": {"name": "Другое", "active": true}}, {"model": "migrant.education", "pk": 1, "fields": {"name": "среднее (школа)", "active": true}}, {"model": "migrant.education", "pk": 2, "fields": {"name": "средне специальное", "active": true}}, {"model": "migrant.education", "pk": 3, "fields": {"name": "неоконченное высшее", "active": true}}, {"model": "migrant.education", "pk": 4, "fields": {"name": "высшее", "active": true}}, {"model": "migrant.education", "pk": 5, "fields": {"name": "краткосрочные профессиональные курсы", "active": true}}, {"model": "migrant.individualcountry", "pk": 1, "fields": {"name": "Российская Федерация", "active": true}}, {"model": "migrant.individualcountry", "pk": 2, "fields": {"name": "Республика Казахстан", "active": true}}, {"model": "migrant.individualcountry", "pk": 3, "fields": {"name": "Кыргызская Республика", "active": true}}, {"model": "migrant.individualcountry", "pk": 4, "fields": {"name": "Другое", "active": true}}, {"model": "migrant.countryfrom", "pk": 1, "fields": {"name": "Кыргызстан", "active": true}}, {"model": "migrant.countryfrom", "pk": 2, "fields": {"name": "Казахстан", "active": true}}, {"model": "migrant.countryfrom", "pk": 3, "fields": {"name": "Таджикистан", "active": true}}, {"model": "migrant.countryfrom", "pk": 4, "fields": {"name": "Другое", "active": true}}, {"model": "migrant.wayofarrival", "pk": 1, "fields": {"name": "С помощью частного агентства занятости", "active": true}}, {"model": "migrant.wayofarrival", "pk": 2, "fields": {"name": "Самостоятельно искал информацию по переезду", "active": true}}, {"model": "migrant.wayofarrival", "pk": 3, "fields": {"name": "С помощью родственников/друзей/земляков", "active": true}}, {"model": "migrant.wayofarrival", "pk": 4, "fields": {"name": "С помощью организации соотечественников в данном городе", "active": true}}, {"model": "migrant.wayofarrival", "pk": 5, "fields": {"name": "Другое", "active": true}}, {"model": "migrant.wayoffindingwork", "pk": 1, "fields": {"name": "Через Государственную службу миграции", "active": true}}, {"model": "migrant.wayoffindingwork", "pk": 2, "fields": {"name": "Самостоятельно по объявлениям", "active": true}}, {"model": "migrant.wayoffindingwork", "pk": 3, "fields": {"name": "Через агентства занятости по месту пребывания", "active": true}}, {"model": "migrant.wayoffindingwork", "pk": 4, "fields": {"name": "Через частное агентство занятости, которое организовало поездку в эту страну", "active": true}}, {"model": "migrant.wayoffindingwork", "pk": 5, "fields": {"name": "Через сайты поиска работы", "active": true}}, {"model": "migrant.wayoffindingwork", "pk": 6, "fields": {"name": "С помощью родственников/друзей/земляков", "active": true}}, {"model": "migrant.wayoffindingwork", "pk": 7, "fields": {"name": "Нет информации", "active": true}}, {"model": "migrant.wayoffindingwork", "pk": 8, "fields": {"name": "Другое", "active": true}}, {"model": "migrant.tradeunionmembership", "pk": 1, "fields": {"name": "Да", "active": true}}, {"model": "migrant.tradeunionmembership", "pk": 2, "fields": {"name": "Нет", "active": true}}, {"model": "migrant.tradeunionmembership", "pk": 3, "fields": {"name": "Состоял в профсоюзе в стране исхода", "active": true}}, {"model": "migrant.agreementdetailyes", "pk": 1, "fields": {"name": "Договор есть, но он не трудовой, а гражданско-правовой", "active": true}}, {"model": "migrant.agreementdetailyes", "pk": 2, "fields": {"name": "Договор подписывал, но он остался у работодателя", "active": true}}, {"model": "migrant.agreementdetailyes", "pk": 3, "fields": {"name": "Договор подписывал, но он остался у посредника", "active": true}}, {"model": "migrant.agreementdetailyes", "pk": 4, "fields": {"name": "Подписан трудовой договор", "active": true}}, {"model": "migrant.agreementdetailno", "pk": 1, "fields": {"name": "Я не захотел подписывать", "active": true}}, {"model": "migrant.agreementdetailno", "pk": 2, "fields": {"name": "Работодатель не захотел подписывать", "active": true}}, {"model": "migrant.agreementdetailno", "pk": 3, "fields": {"name": "Договор подписывают, только с теми, кто работает на постоянной работе", "active": true}}, {"model": "migrant.agreementdetailno", "pk": 4, "fields": {"name": "С мигрантами вообще не подписывают договора", "active": true}}, {"model": "migrant.workbookstatus", "pk": 1, "fields": {"name": "Да", "active": true}}, {"model": "migrant.workbookstatus", "pk": 2, "fields": {"name": "Нет", "active": true}}, {"model": "migrant.workbookstatus", "pk": 3, "fields": {"name": "У меня ее никогда не было", "active": true}}, {"model": "migrant.workbookstatus", "pk": 4, "fields": {"name": "была только в стране исхода", "active": true}}, {"model": "migrant.workbookstatus", "pk": 5, "fields": {"name": "есть, но в стране пребывания, работодатель не захотел оформлять", "active": true}}, {"model": "migrant.workingdayduration", "pk": 1, "fields": {"name": "Больше 8 часов в день (больше 40 часов в неделю)", "active": true}}, {"model": "migrant.workingdayduration", "pk": 2, "fields": {"name": "Ровно 8 часов в день (40 часов в неделю)", "active": true}}, {"model": "migrant.workingdayduration", "pk": 3, "fields": {"name": "Сменная работа", "active": true}}, {"model": "migrant.workingdayduration", "pk": 4, "fields": {"name": "Вахтовая работа", "active": true}}, {"model": "migrant.workingdayduration", "pk": 5, "fields": {"name": "Работаем, всегда по-разному (нет четкого графика)", "active": true}}, {"model": "migrant.wayofgettingsalary", "pk": 1, "fields": {"name": "Через банк, согласно договору", "active": true}}, {"model": "migrant.wayofgettingsalary", "pk": 2, "fields": {"name": "Наличными, согласно договору", "active": true}}, {"model": "migrant.wayofgettingsalary", "pk": 3, "fields": {"name": "Часть согласно договору, часть в конверте", "active": true}}, {"model": "migrant.wayofgettingsalary", "pk": 4, "fields": {"name": "Как договорюсь, за конкретную выполненную работу (всегда разная сумма)", "active": true}}, {"model": "migrant.wayofgettingsalary", "pk": 5, "fields": {"name": "Только наличными, без договора (по устной договоренности)", "active": true}}, {"model": "migrant.country", "pk": 1, "fields": {"name": "Россия", "active": true}}, {"model": "migrant.country", "pk": 2, "fields": {"name": "Кыргызстан", "active": true}}, {"model": "migrant.country", "pk": 3, "fields": {"name": "Казахстан", "active": true}}, {"model": "migrant.country", "pk": 4, "fields": {"name": "Таджикистан", "active": true}}, {"model": "migrant.country", "pk": 5, "fields": {"name": "Туркменистан", "active": true}}, {"model": "migrant.country", "pk": 6, "fields": {"name": "Узбекистан", "active": true}}, {"model": "migrant.region", "pk": 1, "fields": {"name": "г.Москва", "active": true, "country": 1}}, {"model": "migrant.region", "pk": 2, "fields": {"name": "Амурскаяобласть(Благовещенск)", "active": true, "country": 1}}, {"model": "migrant.region", "pk": 3, "fields": {"name": "Архангельскаяобласть(Архангельск)", "active": true, "country": 1}}, {"model": "migrant.region", "pk": 4, "fields": {"name": "Астраханскаяобласть(Астрахань)", "active": true, "country": 1}}, {"model": "migrant.region", "pk": 5, "fields": {"name": "Белгородскаяобласть(Белгород)", "active": true, "country": 1}}, {"model": "migrant.region", "pk": 6, "fields": {"name": "Брянскаяобласть(Брянск)", "active": true, "country": 1}}, {"model": "migrant.region", "pk": 7, "fields": {"name": "Челябинскаяобласть(Челябинск)", "active": true, "country": 1}}, {"model": "migrant.region", "pk": 8, "fields": {"name": "Иркутскаяобласть(Иркутск)", "active": true, "country": 1}}, {"model": "migrant.region", "pk": 9, "fields": {"name": "Ивановскаяобласть(Иваново)", "active": true, "country": 1}}, {"model": "migrant.region", "pk": 10, "fields": {"name": "Калининградскаяобласть(Калининград)", "active": true, "country": 1}}, {"model": "migrant.region", "pk": 11, "fields": {"name": "Калужскаяобласть(Калуга)", "active": true, "country": 1}}, {"model": "migrant.region", "pk": 12, "fields": {"name": "Кемеровскаяобласть—Кузбасс(Кемерово)", "active": true, "country": 1}}, {"model": "migrant.region", "pk": 13, "fields": {"name": "Кировскаяобласть(Киров)", "active": true, "country": 1}}, {"model": "migrant.region", "pk": 14, "fields": {"name": "Костромскаяобласть(Кострома)", "active": true, "country": 1}}, {"model": "migrant.region", "pk": 15, "fields": {"name": "Курганскаяобласть(Курган)", "active": true, "country": 1}}, {"model": "migrant.region", "pk": 16, "fields": {"name": "Курскаяобласть(Курск)", "active": true, "country": 1}}, {"model": "migrant.region", "pk": 17, "fields": {"name": "Ленинградскаяобласть(Санкт Петербург)", "active": true, "country": 1}}, {"model": "migrant.region", "pk": 18, "fields": {"name": "Липецкаяобласть(Липецк)", "active": true, "country": 1}}, {"model": "migrant.region", "pk": 19, "fields": {"name": "Магаданскаяобласть(Магадан)", "active": true, "country": 1}}, {"model": "migrant.region", "pk": 20, "fields": {"name": "Московскаяобласть(Москва)", "active": true, "country": 1}}, {"model": "migrant.region", "pk": 21, "fields": {"name": "Мурманскаяобласть(Мурманск)", "active": true, "country": 1}}, {"model": "migrant.region", "pk": 22, "fields": {"name": "Нижегородскаяобласть(НижнийНовгород)", "active": true, "country": 1}}, {"model": "migrant.region", "pk": 23, "fields": {"name": "Новгородскаяобласть(ВеликийНовгород)", "active": true, "country": 1}}, {"model": "migrant.region", "pk": 24, "fields": {"name": "Новосибирскаяобласть(Новосибирск)", "active": true, "country": 1}}, {"model": "migrant.region", "pk": 25, "fields": {"name": "Омскаяобласть(Омск)", "active": true, "country": 1}}, {"model": "migrant.region", "pk": 26, "fields": {"name": "Оренбургскаяобласть(Оренбург)", "active": true, "country": 1}}, {"model": "migrant.region", "pk": 27, "fields": {"name": "Орловскаяобласть(Орёл)", "active": true, "country": 1}}, {"model": "migrant.region", "pk": 28, "fields": {"name": "Пензенскаяобласть(Пенза)", "active": true, "country": 1}}, {"model": "migrant.region", "pk": 29, "fields": {"name": "Псковскаяобласть(Псков)", "active": true, "country": 1}}, {"model": "migrant.region", "pk": 30, "fields": {"name": "Ростовскаяобласть(Ростов на Дону)", "active": true, "country": 1}}, {"model": "migrant.region", "pk": 31, "fields": {"name": "Рязанскаяобласть(Рязань)", "active": true, "country": 1}}, {"model": "migrant.region", "pk": 32, "fields": {"name": "Сахалинскаяобласть(Южно Сахалинск)", "active": true, "country": 1}}, {"model": "migrant.region", "pk": 33, "fields": {"name": "Самарскаяобласть(Самара)", "active": true, "country": 1}}, {"model": "migrant.region", "pk": 34, "fields": {"name": "Саратовскаяобласть(Саратов)", "active": true, "country": 1}}, {"model": "migrant.region", "pk": 35, "fields": {"name": "Смоленскаяобласть(Смоленск)", "active": true, "country": 1}}, {"model": "migrant.region", "pk": 36, "fields": {"name": "Свердловскаяобласть(Екатеринбург)", "active": true, "country": 1}}, {"model": "migrant.region", "pk": 37, "fields": {"name": "Тамбовскаяобласть(Тамбов)", "active": true, "country": 1}}, {"model": "migrant.region", "pk": 38, "fields": {"name": "Томскаяобласть(Томск)", "active": true, "country": 1}}, {"model": "migrant.region", "pk": 39, "fields": {"name": "Тверскаяобласть(Тверь)", "active": true, "country": 1}}, {"model": "migrant.region", "pk": 40, "fields": {"name": "Тульскаяобласть(Тула)", "active": true, "country": 1}}, {"model": "migrant.region", "pk": 41, "fields": {"name": "Тюменскаяобласть(Тюмень)", "active": true, "country": 1}}, {"model": "migrant.region", "pk": 42, "fields": {"name": "Ульяновскаяобласть(Ульяновск)", "active": true, "country": 1}}, {"model": "migrant.region", "pk": 43, "fields": {"name": "Владимирскаяобласть(Владимир)", "active": true, "country": 1}}, {"model": "migrant.region", "pk": 44, "fields": {"name": "Волгоградскаяобласть(Волгоград)", "active": true, "country": 1}}, {"model": "migrant.region", "pk": 45, "fields": {"name": "Вологодскаяобласть(Вологда)", "active": true, "country": 1}}, {"model": "migrant.region", "pk": 46, "fields": {"name": "Воронежскаяобласть(Воронеж)", "active": true, "country": 1}}, {"model": "migrant.region", "pk": 47, "fields": {"name": "Ярославскаяобласть(Ярославль)", "active": true, "country": 1}}, {"model": "migrant.region", "pk": 48, "fields": {"name": "г. Бишкек", "active": true, "country": 2}}, {"model": "migrant.region", "pk": 49, "fields": {"name": "г. Ош", "active": true, "country": 2}}, {"model": "migrant.region", "pk": 50, "fields": {"name": "Баткенская область", "active": true, "country": 2}}, {"model": "migrant.region", "pk": 51, "fields": {"name": "Джалал-Абадская область", "active": true, "country": 2}}, {"model": "migrant.region", "pk": 52, "fields": {"name": "Иссык-Кульская область", "active": true, "country": 2}}, {"model": "migrant.region", "pk": 53, "fields": {"name": "Нарынская область", "active": true, "country": 2}}, {"model": "migrant.region", "pk": 54, "fields": {"name": "Ошская область", "active": true, "country": 2}}, {"model": "migrant.region", "pk": 55, "fields": {"name": "Таласская область", "active": true, "country": 2}}, {"model": "migrant.region", "pk": 56, "fields": {"name": "Чуйская область", "active": true, "country": 2}}, {"model": "migrant.region", "pk": 57, "fields": {"name": "Нур-Султан (Астана)", "active": true, "country": 3}}, {"model": "migrant.region", "pk": 58, "fields": {"name": "Алматы", "active": true, "country": 3}}, {"model": "migrant.region", "pk": 59, "fields": {"name": "Шымкент", "active": true, "country": 3}}, {"model": "migrant.region", "pk": 60, "fields": {"name": "Байконыр", "active": true, "country": 3}}, {"model": "migrant.region", "pk": 61, "fields": {"name": "Акмолинская область", "active": true, "country": 3}}, {"model": "migrant.region", "pk": 62, "fields": {"name": "Актюбинская область", "active": true, "country": 3}}, {"model": "migrant.region", "pk": 63, "fields": {"name": "Алматинская область", "active": true, "country": 3}}, {"model": "migrant.region", "pk": 64, "fields": {"name": "Атырауская область", "active": true, "country": 3}}, {"model": "migrant.region", "pk": 65, "fields": {"name": "Восточно-Казахстанская область", "active": true, "country": 3}}, {"model": "migrant.region", "pk": 66, "fields": {"name": "Жамбылская область", "active": true, "country": 3}}, {"model": "migrant.region", "pk": 67, "fields": {"name": "Западно-Казахстанская область", "active": true, "country": 3}}, {"model": "migrant.region", "pk": 68, "fields": {"name": "Карагандинская область", "active": true, "country": 3}}, {"model": "migrant.region", "pk": 69, "fields": {"name": "Костанайская область", "active": true, "country": 3}}, {"model": "migrant.region", "pk": 70, "fields": {"name": "Кызылординская область", "active": true, "country": 3}}, {"model": "migrant.region", "pk": 71, "fields": {"name": "Мангистауская область", "active": true, "country": 3}}, {"model": "migrant.region", "pk": 72, "fields": {"name": "Павлодарская область", "active": true, "country": 3}}, {"model": "migrant.region", "pk": 73, "fields": {"name": "Севрено-Казахстанская область", "active": true, "country": 3}}, {"model": "migrant.region", "pk": 74, "fields": {"name": "Туркестанская область", "active": true, "country": 3}}, {"model": "migrant.region", "pk": 75, "fields": {"name": "г. Душанбе", "active": true, "country": 4}}, {"model": "migrant.region", "pk": 76, "fields": {"name": "Горно - Бажахшанская область", "active": true, "country": 4}}, {"model": "migrant.region", "pk": 77, "fields": {"name": "Согдийская область", "active": true, "country": 4}}, {"model": "migrant.region", "pk": 78, "fields": {"name": "Хатлонская область", "active": true, "country": 4}}, {"model": "migrant.region", "pk": 79, "fields": {"name": "Районы республиканского подчинения", "active": true, "country": 4}}, {"model": "migrant.region", "pk": 80, "fields": {"name": "г. Ашхабад", "active": true, "country": 5}}, {"model": "migrant.region", "pk": 81, "fields": {"name": "Ахалский велаят", "active": true, "country": 5}}, {"model": "migrant.region", "pk": 82, "fields": {"name": "Балканский велаят", "active": true, "country": 5}}, {"model": "migrant.region", "pk": 83, "fields": {"name": "Дашогузский велаят", "active": true, "country": 5}}, {"model": "migrant.region", "pk": 84, "fields": {"name": "Лебапский велаят", "active": true, "country": 5}}, {"model": "migrant.region", "pk": 85, "fields": {"name": "Марыйский велаят", "active": true, "country": 5}}, {"model": "migrant.region", "pk": 86, "fields": {"name": "Андижанская область", "active": true, "country": 6}}, {"model": "migrant.region", "pk": 87, "fields": {"name": "Бухарская область", "active": true, "country": 6}}, {"model": "migrant.region", "pk": 88, "fields": {"name": "Джизакская область", "active": true, "country": 6}}, {"model": "migrant.region", "pk": 89, "fields": {"name": "Кашкадарьинская область", "active": true, "country": 6}}, {"model": "migrant.region", "pk": 90, "fields": {"name": "Навоийская область", "active": true, "country": 6}}, {"model": "migrant.region", "pk": 91, "fields": {"name": "Наманганская область ", "active": true, "country": 6}}, {"model": "migrant.region", "pk": 92, "fields": {"name": "Республика Каракалпакстан", "active": true, "country": 6}}, {"model": "migrant.region", "pk": 93, "fields": {"name": "Самаркандская область", "active": true, "country": 6}}, {"model": "migrant.region", "pk": 94, "fields": {"name": "Сурхандарьинская область", "active": true, "country": 6}}, {"model": "migrant.region", "pk": 95, "fields": {"name": "Сырдарьинская область", "active": true, "country": 6}}, {"model": "migrant.region", "pk": 96, "fields": {"name": "Ташкент область", "active": true, "country": 6}}, {"model": "migrant.region", "pk": 97, "fields": {"name": "Ферганская область", "active": true, "country": 6}}, {"model": "migrant.region", "pk": 98, "fields": {"name": "Хорезмская область", "active": true, "country": 6}}, {"model": "migrant.grouptype", "pk": 1, "fields": {"name": "Бригада или производственная группа", "active": true}}, {"model": "migrant.grouptype", "pk": 2, "fields": {"name": "Определенная категория работников", "active": true}}, {"model": "migrant.grouptype", "pk": 3, "fields": {"name": "Работники разных категория, но подвергшиеся одинаковому нарушению прав", "active": true}}, {"model": "migrant.membershipofgrouppersons", "pk": 1, "fields": {"name": "Все члены профсоюза", "active": true}}, {"model": "migrant.membershipofgrouppersons", "pk": 2, "fields": {"name": "Никто не состоит в профсоюзе", "active": true}}, {"model": "migrant.membershipofgrouppersons", "pk": 3, "fields": {"name": "Есть и члены профсоюза и не члены профсоюза", "active": true}}, {"model": "migrant.intruder", "pk": 1, "fields": {"name": "Государственные органы", "active": true}}, {"model": "migrant.intruder", "pk": 2, "fields": {"name": "Органы местного самоуправления", "active": true}}, {"model": "migrant.intruder", "pk": 3, "fields": {"name": "Правоохранительные органы", "active": true}}, {"model": "migrant.intruder", "pk": 4, "fields": {"name": "Органы, контролирующие мигрантов", "active": true}}, {"model": "migrant.intruder", "pk": 5, "fields": {"name": "Работодатель (компания)", "active": true}}, {"model": "migrant.intruder", "pk": 6, "fields": {"name": "Работодатель (частное лицо)", "active": true}}, {"model": "migrant.persongroup", "pk": 1, "fields": {"amount": "Test card", "groupType": 2, "workDescription": "Test card", "membership": 2}}, {"model": "migrant.persongroup", "pk": 2, "fields": {"amount": "Test card", "groupType": 2, "workDescription": "Test card", "membership": 2}}, {"model": "migrant.persongroup", "pk": 3, "fields": {"amount": "Test card", "groupType": 2, "workDescription": "Test card", "membership": 2}}, {"model": "migrant.persongroup", "pk": 4, "fields": {"amount": "11", "groupType": 2, "workDescription": "консьержи", "membership": 2}}, {"model": "migrant.persongroup", "pk": 5, "fields": {"amount": "3", "groupType": 2, "workDescription": "клининг", "membership": 2}}, {"model": "migrant.persongroup", "pk": 6, "fields": {"amount": "11", "groupType": 2, "workDescription": "консьержи", "membership": 2}}, {"model": "migrant.persongroup", "pk": 7, "fields": {"amount": "3", "groupType": 1, "workDescription": "строитель", "membership": 2}}, {"model": "migrant.persongroup", "pk": 8, "fields": {"amount": "3", "groupType": 1, "workDescription": "Строитель в организации ООО Besmart.KZ", "membership": 2}}, {"model": "migrant.persongroup", "pk": 9, "fields": {"amount": "3 человека", "groupType": 1, "workDescription": "Строители", "membership": 2}}, {"model": "migrant.ownershiptype", "pk": 1, "fields": {"name": "Государственная", "active": true}}, {"model": "migrant.ownershiptype", "pk": 2, "fields": {"name": "Национальная", "active": true}}, {"model": "migrant.ownershiptype", "pk": 3, "fields": {"name": "Частная", "active": true}}, {"model": "migrant.ownershiptype", "pk": 4, "fields": {"name": "Иностранная", "active": true}}, {"model": "migrant.ownershiptype", "pk": 5, "fields": {"name": "Смешанная форма собственности (государственная, частная)", "active": true}}, {"model": "migrant.ownershiptype", "pk": 6, "fields": {"name": "Смешанная форма собственности (с долей иностранного капитала)", "active": true}}, {"model": "migrant.employeescount", "pk": 0, "fields": {"choice": "малое до 50 человек", "active": true}}, {"model": "migrant.employeescount", "pk": 1, "fields": {"choice": "среднее от 50 до 200 чел ", "active": true}}, {"model": "migrant.employeescount", "pk": 2, "fields": {"choice": "крупное от 200 до 1000 чел", "active": true}}, {"model": "migrant.employeescount", "pk": 3, "fields": {"choice": "очень большое - свыше 1000 чел.", "active": true}}, {"model": "migrant.workpurpose", "pk": 1, "fields": {"name": "Сельскохозяйственные работы", "active": true}}, {"model": "migrant.workpurpose", "pk": 2, "fields": {"name": "Работа по дому (горничные)", "active": true}}, {"model": "migrant.workpurpose", "pk": 3, "fields": {"name": "ухаживать за животными", "active": true}}, {"model": "migrant.workpurpose", "pk": 4, "fields": {"name": "Воспитание детей", "active": true}}, {"model": "migrant.entrepreneuremployeescount", "pk": 1, "fields": {"choice": "1", "active": true}}, {"model": "migrant.entrepreneuremployeescount", "pk": 2, "fields": {"choice": "от 3 до 5", "active": true}}, {"model": "migrant.entrepreneuremployeescount", "pk": 3, "fields": {"choice": "от 5 до 10", "active": true}}, {"model": "migrant.entrepreneuremployeescount", "pk": 4, "fields": {"choice": "более 10", "active": true}}, {"model": "migrant.payway", "pk": 1, "fields": {"name": "Наличными", "active": true}}, {"model": "migrant.payway", "pk": 2, "fields": {"name": "Перечисляет на карту", "active": true}}, {"model": "migrant.payway", "pk": 3, "fields": {"name": "Высылает родителям/родственникам в страну исхода", "active": true}}, {"model": "migrant.hireway", "pk": 1, "fields": {"name": "через частное агентство занятости", "active": true}}, {"model": "migrant.hireway", "pk": 2, "fields": {"name": "через центр занятости", "active": true}}, {"model": "migrant.hireway", "pk": 3, "fields": {"name": "по личной рекомендации", "active": true}}, {"model": "migrant.hireway", "pk": 4, "fields": {"name": "привез их страны исхода мигранта", "active": true}}, {"model": "migrant.hireway", "pk": 5, "fields": {"name": "работник сам пришел наниматься", "active": true}}, {"model": "migrant.hireway", "pk": 6, "fields": {"name": "на уличной \"бирже труда\"", "active": true}}, {"model": "migrant.hireway", "pk": 7, "fields": {"name": "Другое", "active": true}}, {"model": "migrant.natureviolation", "pk": 1, "fields": {"name": "Разовое", "active": true}}, {"model": "migrant.natureviolation", "pk": 2, "fields": {"name": "Системное", "active": true}}, {"model": "migrant.rightsstate", "pk": 1, "fields": {"name": "Права восстановлены", "active": true}}, {"model": "migrant.rightsstate", "pk": 2, "fields": {"name": "Права не восстановлены", "active": true}}, {"model": "migrant.rightsstate", "pk": 3, "fields": {"name": "Права восстановлены частично", "active": true}}, {"model": "migrant.rightsstate", "pk": 4, "fields": {"name": "Другое ", "active": true}}, {"model": "migrant.victimsituation", "pk": 1, "fields": {"name": "Продолжает (ют) работать", "active": true}}, {"model": "migrant.victimsituation", "pk": 2, "fields": {"name": "Уволен(ы) под давлением работодателя", "active": true}}, {"model": "migrant.victimsituation", "pk": 3, "fields": {"name": "Прекратил(и) работать добровольно", "active": true}}, {"model": "migrant.victimsituation", "pk": 4, "fields": {"name": "Другое", "active": true}}, {"model": "migrant.tradeunionsituation", "pk": 1, "fields": {"name": "Продолжает действовать", "active": true}}, {"model": "migrant.tradeunionsituation", "pk": 2, "fields": {"name": "Продолжает существовать, но не действует", "active": true}}, {"model": "migrant.tradeunionsituation", "pk": 3, "fields": {"name": "Прекратил существование", "active": true}}, {"model": "migrant.tradeunionsituation", "pk": 4, "fields": {"name": "Другое", "active": true}}, {"model": "migrant.violationtype", "pk": 1, "fields": {"name": "Оплата труда стала меньше", "active": true}}, {"model": "migrant.violationtype", "pk": 2, "fields": {"name": "Время работы увеличилось без оплаты", "active": true}}, {"model": "migrant.violationtype", "pk": 3, "fields": {"name": "Не выдавали средства индивидуальной защиты", "active": true}}, {"model": "migrant.violationtype", "pk": 4, "fields": {"name": "Не соблюдались санитарные нормы по обработке помещения", "active": true}}, {"model": "migrant.violationtype", "pk": 5, "fields": {"name": "Отправили в отпуск без сохранения заработной платы", "active": true}}, {"model": "migrant.violationtype", "pk": 6, "fields": {"name": "Уволили с работы в связи с пандемией", "active": true}}, {"model": "migrant.violationtype", "pk": 7, "fields": {"name": "другое", "active": true}}, {"model": "migrant.changesinsalary", "pk": 1, "fields": {"name": "Сократился доход, остался только оклад, без премий и надбавок", "active": true}}, {"model": "migrant.changesinsalary", "pk": 2, "fields": {"name": "Получаю столько же, сколько и раньше", "active": true}}, {"model": "migrant.changesinsalary", "pk": 3, "fields": {"name": "Увеличился доход", "active": true}}, {"model": "migrant.changesinsalary", "pk": 4, "fields": {"name": "уменьшился во время карантина, но сейчас снова увеличился", "active": true}}, {"model": "migrant.changesinsalary", "pk": 5, "fields": {"name": "Другое", "active": true}}, {"model": "migrant.tradeunioncount", "pk": 1, "fields": {"choice": "Численность сократилась", "active": true}}, {"model": "migrant.tradeunioncount", "pk": 2, "fields": {"choice": "Численность увеличилась", "active": true}}, {"model": "migrant.tradeunioncount", "pk": 3, "fields": {"choice": "Численность сохранилась", "active": true}}, {"model": "migrant.case", "pk": 1, "fields": {"date_create": "2021-08-20T08:30:57.032Z", "date_update": "2021-08-26T10:26:52.749Z", "case_name": "Test card", "country": 6, "region": 86, "victim_status": 3, "banOnEntry": 3, "banned_country": null, "banOnEntryAnother": null, "source_url": null, "source_content": "", "violatedRightAnother": null, "case_date": "2021-08-20T08:30:57.032Z", "start_date": "2021-08-20T18:00:00Z", "end_date": "2021-08-25T18:00:00Z", "date_type": false, "victim": 2, "individualInfo": null, "personGroupInfo": 3, "government_agency_name": null, "local_agency_name": null, "police_agency_name": null, "control_agency_name": "Test card", "company": null, "entrepreneur": null, "case_additional": "Test cardTest cardTest cardTest cardTest cardTest cardTest cardTest cardTest cardTest cardTest cardTest card", "story": "Test cardTest cardTest cardTest cardTest cardTest cardTest cardTest cardTest cardTest cardTest cardTest cardTest cardTest cardTest cardTest cardTest cardTest cardTest cardTest cardTest cardTest cardTest cardTest cardTest cardTest cardTest cardTest card", "actions": "Test cardTest cardTest cardTest cardTest cardTest cardTest cardTest cardTest cardTest cardTest cardTest cardTest cardTest cardTest cardTest cardTest cardTest cardTest cardTest cardTest cardTest cardTe", "final": "Test cardTest cardTest cardTest cardTest cardTest cardTest cardTest cardTest cardTest cardTest cardTest cardTest cardTest cardTest cardTest cardTest cardTest cardTest cardTest cardTest cardTest cardTest cardTest cardTest cardTest cardTest cardTest cardTest cardTest cardTest cardTest cardTest cardTest cardTest cardTest cardTest cardTest cardTest cardTest cardTest cardTest cardTest cardTest cardTest cardTest cardTest cardTest cardTest cardTest cardTest cardTest cardTest cardTest cardTest cardTest cardTest cardTest cardTest cardTest cardTest cardTest cardTest cardTest cardTest cardTest cardTest cardTest cardTest cardTest cardTest cardTest cardTest cardTest cardTest cardTest cardTest cardTest cardTest cardTest cardTest cardTest cardTest cardTest cardTest cardTest cardTest cardTest cardTest cardTest cardTest cardTest cardTest cardTest cardTest cardTest cardTest cardTest cardTest cardTest cardTest cardTest cardTest cardTest cardTest cardTest cardTest cardTest cardTest cardTest cardTest cardTest cardTest cardTest cardTest cardTest cardTest cardTest cardTest cardTest cardv", "violation_nature": 1, "rights_state": 2, "rights_state_another": null, "victim_situation": 4, "victim_situation_another": "Test cardTest cardTest cardTest cardTest cardTest", "tradeUnionSituation": null, "tradeUnionSituation_another": null, "tradeUnionCount": null, "case_additional_info": null, "frequent_problems": "Test cardTest cardTest cardTest cardTest cardTest cardTest cardTest cardTest cardTest cardTest cardTest cardTest cardTest cardTest cardTest cardTest cardTest cardTest cardTest card", "decision": "Test cardTest cardTest cardTest cardTest cardTest cardTest cardTest cardTest cardTest cardTest cardTest cardTest cardTest cardTest cardTest cardTest cardTest cardTest cardTest cardTest cardTest cardTest cardTest cardTest cardTest cardTest cardTest cardv", "advice": "Test cardTest cardTest cardTest cardTest cardTest cardTest cardTest cardTest cardTest cardTest cardTest cardTest cardTest cardTest cardTest cardTest cardTest cardTest cardTest cardTest cardTest cardTest cardTest cardTest cardTest cardTest cardTest cardv", "has_violation_in_covid": "NO", "violationType": 2, "violationType_another": null, "changesInSalary": 1, "changesInSalary_another": null, "user": 1, "active": true, "comment": null, "source": [3], "violated_right": [7], "intruder": [4]}}, {"model": "migrant.case", "pk": 2, "fields": {"date_create": "2021-09-15T07:17:17.710Z", "date_update": "2021-09-15T07:17:17.710Z", "case_name": "«Пик Комфорт»", "country": 1, "region": 1, "victim_status": 1, "banOnEntry": 2, "banned_country": null, "banOnEntryAnother": null, "source_url": null, "source_content": "", "violatedRightAnother": null, "case_date": "2021-09-15T07:17:17.710Z", "start_date": "2020-02-10T18:00:00Z", "end_date": null, "date_type": false, "victim": 2, "individualInfo": null, "personGroupInfo": 4, "government_agency_name": null, "local_agency_name": null, "police_agency_name": null, "control_agency_name": null, "company": null, "entrepreneur": null, "case_additional": "Как долго Вы работали – 11 месяцев  Подписывали ли Вы трудовой договор, когда устраивались на работу?  Да, но на руки не дали  Есть ли у Вас трудовая книжка?  -  Трудовой книжки нет  Есть ли у Вас вре", "story": "Описание обращения: не выдали зарплату 11 гражданам КР за 6 месяцев,", "actions": "нет профсоюза", "final": "Какие были даны рекомендации: - принято заявление ГСМ г.Москва", "violation_nature": 2, "rights_state": 1, "rights_state_another": null, "victim_situation": 3, "victim_situation_another": null, "tradeUnionSituation": null, "tradeUnionSituation_another": null, "tradeUnionCount": null, "case_additional_info": null, "frequent_problems": "", "decision": "", "advice": "", "has_violation_in_covid": "NO", "violationType": 7, "violationType_another": "нет.......", "changesInSalary": 5, "changesInSalary_another": "нет...........", "user": 4, "active": true, "comment": null, "source": [4], "violated_right": [1], "intruder": [5]}}, {"model": "migrant.case", "pk": 3, "fields": {"date_create": "2021-09-15T07:23:06.259Z", "date_update": "2021-09-15T07:23:06.259Z", "case_name": "ИП Григорьянц", "country": 1, "region": 1, "victim_status": 1, "banOnEntry": 2, "banned_country": null, "banOnEntryAnother": null, "source_url": null, "source_content": "", "violatedRightAnother": null, "case_date": "2021-09-15T07:23:06.259Z", "start_date": "2020-03-10T18:00:00Z", "end_date": null, "date_type": false, "victim": 2, "individualInfo": null, "personGroupInfo": 5, "government_agency_name": null, "local_agency_name": null, "police_agency_name": null, "control_agency_name": null, "company": null, "entrepreneur": null, "case_additional": "Как долго Вы работали – 2 месяца  Подписывали ли Вы трудовой договор, когда устраивались на работу?   -  нет                                              Есть ли у Вас трудовая книжка? – не выдавали", "story": "Трудовые нарушения:  - Не выплата заработной платы   – коллективное заявление не выплатили зарплату 52 000 рублей", "actions": "Были ли вы когда-нибудь членом профсоюза? - нет", "final": "Какие были даны рекомендации: принято заявление ГСМ г. Москва", "violation_nature": 2, "rights_state": 2, "rights_state_another": null, "victim_situation": 1, "victim_situation_another": null, "tradeUnionSituation": null, "tradeUnionSituation_another": null, "tradeUnionCount": null, "case_additional_info": null, "frequent_problems": "", "decision": "", "advice": "", "has_violation_in_covid": "NO", "violationType": 7, "violationType_another": "нет.......", "changesInSalary": 5, "changesInSalary_another": "нет...........", "user": 4, "active": true, "comment": null, "source": [4], "violated_right": [1], "intruder": [5]}}, {"model": "migrant.case", "pk": 4, "fields": {"date_create": "2021-09-15T07:51:08.412Z", "date_update": "2021-09-15T07:51:08.412Z", "case_name": "ООО «Тэко Альянс»", "country": 1, "region": 1, "victim_status": 1, "banOnEntry": 2, "banned_country": null, "banOnEntryAnother": null, "source_url": null, "source_content": "", "violatedRightAnother": null, "case_date": "2021-09-15T07:51:08.412Z", "start_date": "2020-03-12T18:00:00Z", "end_date": null, "date_type": false, "victim": 1, "individualInfo": null, "personGroupInfo": null, "government_agency_name": null, "local_agency_name": null, "police_agency_name": null, "control_agency_name": null, "company": null, "entrepreneur": null, "case_additional": "Как долго Вы работали – 8 месяцев.  Подписывали ли Вы трудовой договор, когда устраивались на работу?   - нет   Есть ли у Вас трудовая книжка? – нет, не выдавали.  Есть ли у Вас временная /постоянная", "story": "Трудовые нарушения:  - Не выплата заработной платы    - увольнение без объяснений  - физическое воздействие на работе    - словесное/психологическое воздействие на работе    Описание обращения: оскорбление на работе, применение физической силы, не выплатили заработную плату в сумме 29 200 рублей", "actions": "Были ли вы когда-нибудь членом профсоюза? – нет", "final": "Какие были даны рекомендации: - обратиться в местный профсоюз  Была ли решена проблема – принято заявление, на рассмотрении в ГСМ г. Москва", "violation_nature": 1, "rights_state": 2, "rights_state_another": null, "victim_situation": 1, "victim_situation_another": null, "tradeUnionSituation": null, "tradeUnionSituation_another": null, "tradeUnionCount": null, "case_additional_info": null, "frequent_problems": "", "decision": "", "advice": "", "has_violation_in_covid": "NO", "violationType": 7, "violationType_another": "нет.......", "changesInSalary": 5, "changesInSalary_another": "нет...........", "user": 6, "active": true, "comment": null, "source": [4], "violated_right": [1], "intruder": [5]}}, {"model": "migrant.case", "pk": 5, "fields": {"date_create": "2021-09-24T05:09:24.045Z", "date_update": "2021-09-24T05:09:24.045Z", "case_name": "«Пик Комфорт»", "country": 1, "region": 1, "victim_status": 1, "banOnEntry": 2, "banned_country": null, "banOnEntryAnother": null, "source_url": null, "source_content": "", "violatedRightAnother": null, "case_date": "2021-09-24T05:09:24.045Z", "start_date": "2020-02-10T18:00:00Z", "end_date": null, "date_type": false, "victim": 2, "individualInfo": null, "personGroupInfo": 6, "government_agency_name": null, "local_agency_name": null, "police_agency_name": null, "control_agency_name": null, "company": null, "entrepreneur": null, "case_additional": "Как долго Вы работали – 11 месяцев  Подписывали ли Вы трудовой договор, когда устраивались на работу?  Да, но на руки не дали  Есть ли у Вас трудовая книжка?  -  Трудовой книжки нет  Есть ли у Вас вре", "story": "Описание обращения: не выдали зарплату 11 гражданам КР за 6 месяцев,", "actions": "Были ли вы когда-нибудь членом профсоюза? - нет", "final": "Какие были даны рекомендации: - принято заявление ГСМ г.Москва", "violation_nature": 2, "rights_state": 2, "rights_state_another": null, "victim_situation": 1, "victim_situation_another": null, "tradeUnionSituation": null, "tradeUnionSituation_another": null, "tradeUnionCount": null, "case_additional_info": null, "frequent_problems": "", "decision": "", "advice": "", "has_violation_in_covid": "NO", "violationType": 7, "violationType_another": "нет.......", "changesInSalary": 5, "changesInSalary_another": "нет...........", "user": 6, "active": true, "comment": null, "source": [4], "violated_right": [1], "intruder": [5]}}, {"model": "migrant.case", "pk": 6, "fields": {"date_create": "2021-10-08T07:31:50.043Z", "date_update": "2021-10-08T07:31:50.043Z", "case_name": "тест группы 2 (задание 2)", "country": 3, "region": 57, "victim_status": 1, "banOnEntry": 2, "banned_country": null, "banOnEntryAnother": null, "source_url": null, "source_content": "", "violatedRightAnother": null, "case_date": "2021-10-08T07:31:50.043Z", "start_date": "2021-02-28T18:00:00Z", "end_date": "2021-04-29T18:00:00Z", "date_type": true, "victim": 2, "individualInfo": null, "personGroupInfo": 7, "government_agency_name": null, "local_agency_name": null, "police_agency_name": null, "control_agency_name": null, "company": null, "entrepreneur": null, "case_additional": "работал в г.Астана с марта по апрель 2021 год.", "story": "Заявитель из Кыргыстана устроился на работу в строительную фирму ООО Besmart.kz в марте 2021 года, с двумя своими знакомыми. Со слов заявителя трудовой договор раньше заключали, но в момент трудоустройства они что то подписывали. На руки подписанные документы не выдавались. Заработную плату при трудоустройстве обещали на троих сотрудников 800 000 тг, но выплачивали только % . На расходных документах они указывали свои имена и подписи.", "actions": "Профсоюзной организации не состояли. Обратились в правозащитную организацию КМБПЧиСЗ.", "final": "Не завершилась ситуация по причине получения ответа от инспекции по труду.", "violation_nature": 2, "rights_state": 2, "rights_state_another": null, "victim_situation": 3, "victim_situation_another": null, "tradeUnionSituation": null, "tradeUnionSituation_another": null, "tradeUnionCount": null, "case_additional_info": null, "frequent_problems": "Главной проблемой у мигрантов является не официальное трудоустройство, отсутствие трудовых договоров.", "decision": "Проводить разъяснительные работы в странах происхождения при подготовке выезда на работу в другие страны для трудоустройства.", "advice": "Проведение информационной работы по официальному трудоустройству", "has_violation_in_covid": "YES", "violationType": 1, "violationType_another": null, "changesInSalary": 1, "changesInSalary_another": null, "user": 25, "active": true, "comment": null, "source": [1], "violated_right": [1, 8], "intruder": [5]}}, {"model": "migrant.case", "pk": 7, "fields": {"date_create": "2021-10-08T07:31:50.395Z", "date_update": "2021-10-08T07:31:50.395Z", "case_name": "Тест группы 2 задание 2", "country": 3, "region": 57, "victim_status": 1, "banOnEntry": 2, "banned_country": null, "banOnEntryAnother": null, "source_url": null, "source_content": "", "violatedRightAnother": null, "case_date": "2021-10-08T07:31:50.395Z", "start_date": "2021-02-28T18:00:00Z", "end_date": "2021-04-29T18:00:00Z", "date_type": true, "victim": 2, "individualInfo": null, "personGroupInfo": 8, "government_agency_name": null, "local_agency_name": null, "police_agency_name": null, "control_agency_name": null, "company": null, "entrepreneur": null, "case_additional": "3 мигрантов из Кыргызстана приехали работать в г. Нур-Султан (Астана) для строительства дома в компанию ООО Besmart.KZ. Компания не произвела выплаты за март и апрель 2021 года в размере 800.000 тг.", "story": "- 3 мигрантов обратились посредством Whats App по номеру +7-777-366-09-13 по вопросу помощи в получении заработной платы за март и апрель 2021 года в размере 800.000 тенге на троих.\r\n- Со слов мигранта, трудового договора не подписывали. Имеются только живые свидетели.\r\n- Со слов мигранта также им не оплачивался оклад и выплачивались только %.\r\n- По незнанию давали подписывать расходники.\r\n- Просят помочь вернуть денежные средства, домой в Кыргызстан поехать не могут в связи с отсутствием работы.", "actions": "Профсоюзной организации не состояли.\r\nОбратились в правозащитную организацию КМБПЧ и СЗ", "final": "Ситуация не завершилась в связи с тем, что необходимо направлять соответствующие запросы в Инспекцию труда. Ожидаем встречи с мигрантами для получения имеющихся документов.", "violation_nature": 2, "rights_state": 2, "rights_state_another": null, "victim_situation": 3, "victim_situation_another": null, "tradeUnionSituation": null, "tradeUnionSituation_another": null, "tradeUnionCount": null, "case_additional_info": null, "frequent_problems": "1. Оформление документов\r\nПроблемы, с которыми сталкиваются мигранты также бывают и бюрократического характера. Регистрации, страховки, сборы, разрешения преследуют экспатов практически все время пребывания в чужой стране. Но кыргызская бюрократия угнетает не меньше, а вот шансов заработать в Казахстане или России намного больше. Так что, оформление документов – не худшая проблема мигрантов, тем более, что фирмы-посредники, помогающие переезжать, часто берут решение этих вопросов на себя.\r\n\r\n2. Одиночество\r\nЕсли работа найдена, проблемы трудовых мигрантов на этом не прекращаются. Они живут в чужой стране, в которой никому не нужны. Языковые или культурные барьеры не способствуют социализации. Местные жители воспринимают экспатов недалекими людьми, а другие мигранты видят конкуренцию и угрозу. Выручают диаспоры, но они развиты не во всех странах и, тем более, городах. Оказавшись наедине в непривычном мире, человек впадает в депрессию и уныние.", "decision": "Конечно, все не так грустно, как может показаться из этого перечня. Проблемы мигрантов, как правило, вызваны собственной недальновидностью. Прежде, чем задуматься об эмиграции, следует как можно больше узнать о пункте назначения. Желательно поговорить с людьми, уже имевшими опыт пребывания в этой стране. Тщательно взвесить «за» и «против». Еще будучи у себя дома, желательно выучить язык, на котором разговаривают в интересующем государстве, внимательно изучить особенности культуры, этикет и традиции. Если возможно, лучше сразу отправиться туда в туристическую экскурсию, чтобы разведать обстановку. После этого, если мнение не поменяется, можно смело отправляться в путь и надеяться, что проблемы трудовых мигрантов обойдут стороной.", "advice": "Необходимы памятки для нахождения мигрантов в стране и побольше вывесок и справочной информации в стране. Обучение сотрудников миграционной службы с вежливой работой с иностранцами.", "has_violation_in_covid": "YES", "violationType": 1, "violationType_another": null, "changesInSalary": 1, "changesInSalary_another": null, "user": 24, "active": true, "comment": null, "source": [1], "violated_right": [1, 8], "intruder": [5]}}, {"model": "migrant.case", "pk": 8, "fields": {"date_create": "2021-10-08T07:34:40.826Z", "date_update": "2021-10-08T07:34:40.826Z", "case_name": "Не выплата заработной платы", "country": 3, "region": 57, "victim_status": 2, "banOnEntry": 2, "banned_country": null, "banOnEntryAnother": null, "source_url": null, "source_content": "", "violatedRightAnother": null, "case_date": "2021-10-08T07:34:40.826Z", "start_date": "2021-04-29T18:00:00Z", "end_date": null, "date_type": false, "victim": 2, "individualInfo": null, "personGroupInfo": 9, "government_agency_name": null, "local_agency_name": null, "police_agency_name": null, "control_agency_name": null, "company": null, "entrepreneur": null, "case_additional": "Мигрантам из Кыргызстана, которые работали строительной сфере в ООО Бесмарт.кз", "story": "Трем мигрантам из Кыргызстана не выплатили заработную плату, оплачивали только проценты\r\nРаботодатель не выплатил заработную плату за март и апрель свыше 800 000 тенге. Выплатили при трудоустройстве 100 000 тенге. В данный момент мигранты находятся в Кыргызстане.", "actions": "В профсоюзе не состоят. Обратились в КМБПЧ. Переписка с мигрантом по ватсап.", "final": "Еще не завершилось", "violation_nature": 2, "rights_state": 2, "rights_state_another": null, "victim_situation": 3, "victim_situation_another": null, "tradeUnionSituation": null, "tradeUnionSituation_another": null, "tradeUnionCount": null, "case_additional_info": null, "frequent_problems": "Не оформили трудовые договора. Не легализованы", "decision": "Обращение в Управление по инспекции труда", "advice": "Изменение законодательства, проведение разъяснительных работ при официальном трудоустройстве.", "has_violation_in_covid": "YES", "violationType": 1, "violationType_another": null, "changesInSalary": 1, "changesInSalary_another": null, "user": 29, "active": true, "comment": null, "source": [1], "violated_right": [1, 8], "intruder": [5]}}, {"model": "migrant.case", "pk": 9, "fields": {"date_create": "2021-10-08T07:38:33.088Z", "date_update": "2021-10-08T07:38:33.089Z", "case_name": "Тестовая карточка №3", "country": 3, "region": 58, "victim_status": 2, "banOnEntry": 2, "banned_country": null, "banOnEntryAnother": null, "source_url": null, "source_content": "", "violatedRightAnother": null, "case_date": "2021-10-08T07:38:33.089Z", "start_date": "2021-10-07T18:00:00Z", "end_date": null, "date_type": false, "victim": 1, "individualInfo": null, "personGroupInfo": null, "government_agency_name": null, "local_agency_name": null, "police_agency_name": null, "control_agency_name": null, "company": null, "entrepreneur": null, "case_additional": "Алиева Сезым Муратовна\r\n08.10.2021г.\r\nРК, г.Алматы", "story": "1.Обратилась Адиева Сезым , работала в одной частной компани 2 года, решила уволиться в связи с тем, что надо срочно вернуться на родину. Обходной лист не сдавала.\r\n2.За отработанный месяц по расчету ЗП компания начислит как и всем другим 10-12 числа, хотя другим ранее уволившим сотрудникам выплачивали ЗП в день увольнения.\r\n3. 9 числа должна уехать, билеты на руках.", "actions": "никаких", "final": "ждет расчета", "violation_nature": 1, "rights_state": 2, "rights_state_another": null, "victim_situation": 3, "victim_situation_another": null, "tradeUnionSituation": null, "tradeUnionSituation_another": null, "tradeUnionCount": null, "case_additional_info": null, "frequent_problems": "Отсутствие документов по труду.", "decision": "Контроль уполномоченных органов", "advice": "консультационная", "has_violation_in_covid": "NO", "violationType": 7, "violationType_another": "Была в Киргизии", "changesInSalary": 4, "changesInSalary_another": null, "user": 22, "active": true, "comment": null, "source": [1], "violated_right": [7], "intruder": [5]}}, {"model": "migrant.case", "pk": 10, "fields": {"date_create": "2021-10-08T07:38:34.246Z", "date_update": "2021-10-08T07:38:34.246Z", "case_name": "Тестовая группа 3", "country": 3, "region": 58, "victim_status": 2, "banOnEntry": 2, "banned_country": null, "banOnEntryAnother": null, "source_url": null, "source_content": "", "violatedRightAnother": null, "case_date": "2021-10-08T07:38:34.246Z", "start_date": "2021-10-07T18:00:00Z", "end_date": null, "date_type": false, "victim": 1, "individualInfo": null, "personGroupInfo": null, "government_agency_name": null, "local_agency_name": null, "police_agency_name": null, "control_agency_name": null, "company": null, "entrepreneur": null, "case_additional": "Алиева С.М. устроилась в 2019 году в компанию \"Дом строй\". Устроилась без трудового договора, заработную плату получала наличными.\r\n\r\n20 Сентября решили уволиться по собственному желанию", "story": "20 сентбря 2021 Алиева С.М. подала заявление об увольнении. После чего  передала все материальные ценности и прошла обходной лист.\r\n9 октября планирует уехать в Киргизию.\r\nОбратилась к работодателю для получения расчета по заработной плате.\r\nРаботодатель ответил, что проведет расчет только в период с 10 по 12 октября 2021 года.\r\nНа просьбы провести расчет перед уездом Алиевой ответил отказом.", "actions": "никаких", "final": "Алиева ждет расчета.", "violation_nature": 1, "rights_state": 2, "rights_state_another": null, "victim_situation": 3, "victim_situation_another": null, "tradeUnionSituation": null, "tradeUnionSituation_another": null, "tradeUnionCount": null, "case_additional_info": null, "frequent_problems": "Отсутствие документации труда.", "decision": "Усиление контроля со стороны инспекции труда, миграционной полиции.", "advice": "Консультационная.", "has_violation_in_covid": "NO", "violationType": 7, "violationType_another": "была в Киргизии", "changesInSalary": 4, "changesInSalary_another": null, "user": 31, "active": true, "comment": null, "source": [1], "violated_right": [7], "intruder": [5]}}, {"model": "migrant.case", "pk": 11, "fields": {"date_create": "2021-10-08T07:40:03.435Z", "date_update": "2021-10-08T07:40:03.435Z", "case_name": "Тестовая группа три", "country": 3, "region": 58, "victim_status": 2, "banOnEntry": 2, "banned_country": null, "banOnEntryAnother": null, "source_url": null, "source_content": "", "violatedRightAnother": null, "case_date": "2021-10-08T07:40:03.435Z", "start_date": "2021-10-07T18:00:00Z", "end_date": null, "date_type": false, "victim": 1, "individualInfo": null, "personGroupInfo": null, "government_agency_name": null, "local_agency_name": null, "police_agency_name": null, "control_agency_name": null, "company": null, "entrepreneur": null, "case_additional": "Алиева Сезим Муратовна, 28 лет, город Алматы", "story": "Алиева Сезим Муратовна, 28 лет, мигрант их Киргизии, работала в частной строительной компании в городе Алматы. В октябре 2021 года решила уволиться и попросила расчёта. Однако ЧК отказала в расчёте, ссылаясь на то, что получит в день расчёта ЗП наравне со всеми работниками. У Алиевой С.М. куплен билет на 9 октября. Её права нарушает работодатель, ссылаясь на незаконное основание.", "actions": "Алиева С.М. не знает , что такое профсоюз, соответственно не обращалась к ним.", "final": "еще не решилась", "violation_nature": 1, "rights_state": 2, "rights_state_another": null, "victim_situation": 3, "victim_situation_another": null, "tradeUnionSituation": null, "tradeUnionSituation_another": null, "tradeUnionCount": null, "case_additional_info": null, "frequent_problems": "с расчётом по ЗП, по официальным регистрациям, по официальным трудоустройством, отсутствием правовой защиты, отсутствием контроля за нарушениями Работодателей.", "decision": "Совершенствование миграционного законодательства, усиление контроля и мер ответственности работодателей, ненадлежащий контроль инспекции труда.", "advice": "правовая", "has_violation_in_covid": "YES", "violationType": 2, "violationType_another": null, "changesInSalary": 1, "changesInSalary_another": null, "user": 19, "active": true, "comment": null, "source": [1], "violated_right": [7], "intruder": [5]}}, {"model": "migrant.case", "pk": 12, "fields": {"date_create": "2021-10-08T07:40:26.450Z", "date_update": "2021-10-08T07:40:26.450Z", "case_name": "группа 4 М", "country": 3, "region": 58, "victim_status": 2, "banOnEntry": 3, "banned_country": null, "banOnEntryAnother": null, "source_url": "-http/////.....", "source_content": "Тысячи трудовых мигрантов не могут защитить своим права (ниже текст)........", "violatedRightAnother": null, "case_date": "2021-10-08T07:40:26.450Z", "start_date": "2021-09-24T18:00:00Z", "end_date": null, "date_type": false, "victim": 1, "individualInfo": null, "personGroupInfo": null, "government_agency_name": null, "local_agency_name": null, "police_agency_name": null, "control_agency_name": null, "company": null, "entrepreneur": null, "case_additional": "В сентябре Тагаймуратов, гражданин РУ (55лет), нелегально работая на предприятии ТОО \"Рога и копыта\" в г. Шымкент осуществляя сварочные работы получил производственную травму и попал в больницу.", "story": "При проведении сварочных работ Тагаймуратовым Р. взорвался газовый баллон. Вследствие чего работник получил ожоги 30 процентов тела.  \r\nПо состоянию здоровья, а также из-за отсутствие регистрации Тагаймуратов Р. не может обратиться в трудовую инспекцию для защиты своих прав.", "actions": "Работник не участник профсоюза, не обращался из-за нахождения в больнице", "final": "Трудовой инспекцией устанавливаются обстоятельства происшествия", "violation_nature": 2, "rights_state": 2, "rights_state_another": null, "victim_situation": 4, "victim_situation_another": "В больнице", "tradeUnionSituation": null, "tradeUnionSituation_another": null, "tradeUnionCount": null, "case_additional_info": "Подобные случаи имеют систематический характер, так как трудовая инспекция устанавливает обстоятельства происшествия не только в данном кейсе, а также по другим случаям гибели трудовых мигрантов (Комментарий представителя трудовой инспекции).", "frequent_problems": "Из-за отсутствия у мигрантов официальной регистрации их права нарушаются работодателями. Со слов представителя ОО \"Сана сезим\", на стройках, в пекарнях и на других предприятиях, где работают мигранты, не соблюдаются правила техники безопасности.", "decision": "", "advice": "", "has_violation_in_covid": "YES", "violationType": 3, "violationType_another": null, "changesInSalary": 2, "changesInSalary_another": null, "user": 21, "active": true, "comment": null, "source": [2], "violated_right": [4], "intruder": [5]}}, {"model": "migrant.case", "pk": 13, "fields": {"date_create": "2021-10-08T07:44:21.517Z", "date_update": "2021-10-08T07:44:21.517Z", "case_name": "Карточка - Тест 1", "country": 3, "region": 58, "victim_status": 1, "banOnEntry": 3, "banned_country": null, "banOnEntryAnother": null, "source_url": null, "source_content": "", "violatedRightAnother": null, "case_date": "2021-10-08T07:44:21.517Z", "start_date": "2021-10-07T18:00:00Z", "end_date": null, "date_type": false, "victim": 1, "individualInfo": null, "personGroupInfo": null, "government_agency_name": null, "local_agency_name": null, "police_agency_name": null, "control_agency_name": null, "company": null, "entrepreneur": null, "case_additional": "Заявительница с Кыргызстана устроилась работать в Алматы, Казахстан. Работу нашла через знакомых, трудоустроена легально, все документы имеются.", "story": "Заявительница работает в производственная компания ТОО \"Металлист\". Проработала 4 года, за это время вышла замуж за гражданина Казахстана, забеременела. Руководитель, узнав о беременности отправил заявительницу в отпуск без содержания на 1 месяц, как написано в приказе - в связи с производственной необходимостью. После этого, ей сказали можешь выйти на работу, но только с условиями: она не буду отлучаться ни на минуту, т.е. никаких поликлиник, анализов и т д. Должна будет работать 10 часов в день в полную силу. Хотя по договору рабочий день 6 часов. Ни какие больничные признавать не будут. \r\nЛибо предложили второй вариант: уволиться самой — по собственному желанию. На ее место взяли уже нового сотрудника. В день обращения в НПО она написала заявление на предоставление трудового оплачиваемого отпуска.", "actions": "Профсоюз есть, но формально. Правозащитная организация обратилась в инспекцию труда, пока результатов нет.", "final": "Ситуация пока не завершилась", "violation_nature": 1, "rights_state": 2, "rights_state_another": null, "victim_situation": 1, "victim_situation_another": null, "tradeUnionSituation": null, "tradeUnionSituation_another": null, "tradeUnionCount": null, "case_additional_info": null, "frequent_problems": "", "decision": "", "advice": "", "has_violation_in_covid": "NO", "violationType": 3, "violationType_another": null, "changesInSalary": 1, "changesInSalary_another": null, "user": 23, "active": true, "comment": null, "source": [5], "violated_right": [7], "intruder": [5]}}, {"model": "migrant.case", "pk": 14, "fields": {"date_create": "2021-10-25T11:06:48.592Z", "date_update": "2021-10-25T11:06:48.592Z", "case_name": "Гаворгян Сусанна Вачагановны", "country": 3, "region": 69, "victim_status": 1, "banOnEntry": 2, "banned_country": null, "banOnEntryAnother": null, "source_url": null, "source_content": "", "violatedRightAnother": "восстановление трудового стажа", "case_date": "2021-10-25T11:06:48.592Z", "start_date": "2021-08-04T18:00:00Z", "end_date": null, "date_type": false, "victim": 1, "individualInfo": null, "personGroupInfo": null, "government_agency_name": null, "local_agency_name": null, "police_agency_name": null, "control_agency_name": null, "company": null, "entrepreneur": null, "case_additional": "Гаворгян С. В. обратилась с просьбой о помощи в восстановлении трудового стажа. Гражданка Армении проживает в Республики Казахстан с 1993г., имеет вид на жительство. Контакты с семьей практически утер", "story": "По письменному обращению Гаворгян С.В. юрист проекта обратился к Губернатору Лорийской области, а также к руководителю ГНКО «Лорийский областной филиал Национального архива Армении» (далее – Национальный архив Армении) с просьбой предоставить справки о трудовом стаже и образовании заявительницы. \r\nНациональный архив Армении предоставил информационную справку о трудовом стаже Гаворгян С.В. на военном заводе, также дал рекомендации для направления обращений в организации, которые не сдавали отчетность в архив. С учетом времени и изменения территориальных названий, Национальным архивом Армении предоставлены текущее наименования и месторасположения организаций. Юристом проекта направленв дополнительно запросы: в Государственный политехнический  колледж им. С.Тевосяна, а также в фирму «Базум» (Швейная фабрика – «Степаншаумен»). По делу ожидается предоставление оригинала ответа, а также ответы на дополнительные запросы.", "actions": "------------", "final": "-------", "violation_nature": 2, "rights_state": 2, "rights_state_another": null, "victim_situation": 4, "victim_situation_another": "------------", "tradeUnionSituation": null, "tradeUnionSituation_another": null, "tradeUnionCount": null, "case_additional_info": null, "frequent_problems": "", "decision": "", "advice": "", "has_violation_in_covid": "NO", "violationType": 7, "violationType_another": "восстановление трудового стажа", "changesInSalary": 5, "changesInSalary_another": "--------------", "user": 21, "active": true, "comment": null, "source": [1], "violated_right": [14], "intruder": [6]}}, {"model": "migrant.casephoto", "pk": 2, "fields": {"card": 2, "photo": "document/2021/09/15/card_978.doc"}}, {"model": "migrant.casephoto", "pk": 3, "fields": {"card": 3, "photo": "document/2021/09/15/card_980.doc"}}, {"model": "migrant.casephoto", "pk": 4, "fields": {"card": 4, "photo": "document/2021/09/15/card_981.doc"}}, {"model": "migrant.casephoto", "pk": 5, "fields": {"card": 5, "photo": "document/2021/09/24/card_978.doc"}}, {"model": "main.country", "pk": 1, "fields": {"user": 2, "country": 3}}, {"model": "main.country", "pk": 2, "fields": {"user": 4, "country": 2}}, {"model": "main.country", "pk": 3, "fields": {"user": 5, "country": 3}}, {"model": "main.country", "pk": 4, "fields": {"user": 6, "country": 2}}, {"model": "main.country", "pk": 5, "fields": {"user": 7, "country": 2}}, {"model": "main.country", "pk": 6, "fields": {"user": 8, "country": 2}}, {"model": "main.country", "pk": 7, "fields": {"user": 9, "country": 2}}, {"model": "main.country", "pk": 8, "fields": {"user": 10, "country": 2}}, {"model": "main.country", "pk": 9, "fields": {"user": 11, "country": 2}}, {"model": "main.country", "pk": 10, "fields": {"user": 12, "country": 2}}, {"model": "main.country", "pk": 11, "fields": {"user": 13, "country": 2}}, {"model": "main.country", "pk": 12, "fields": {"user": 14, "country": 2}}, {"model": "main.country", "pk": 13, "fields": {"user": 15, "country": 6}}, {"model": "main.country", "pk": 14, "fields": {"user": 17, "country": 3}}, {"model": "main.country", "pk": 15, "fields": {"user": 18, "country": 3}}, {"model": "main.country", "pk": 16, "fields": {"user": 19, "country": 3}}, {"model": "main.country", "pk": 17, "fields": {"user": 20, "country": 3}}, {"model": "main.country", "pk": 18, "fields": {"user": 21, "country": 3}}, {"model": "main.country", "pk": 19, "fields": {"user": 22, "country": 3}}, {"model": "main.country", "pk": 20, "fields": {"user": 23, "country": 3}}, {"model": "main.country", "pk": 21, "fields": {"user": 24, "country": 3}}, {"model": "main.country", "pk": 22, "fields": {"user": 25, "country": 3}}, {"model": "main.country", "pk": 23, "fields": {"user": 26, "country": 3}}, {"model": "main.country", "pk": 24, "fields": {"user": 27, "country": 3}}, {"model": "main.country", "pk": 25, "fields": {"user": 28, "country": 3}}, {"model": "main.country", "pk": 26, "fields": {"user": 29, "country": 3}}, {"model": "main.country", "pk": 27, "fields": {"user": 30, "country": 3}}, {"model": "main.country", "pk": 28, "fields": {"user": 31, "country": 3}}, {"model": "main.role", "pk": 1, "fields": {"name": "Admin"}}, {"model": "main.role", "pk": 2, "fields": {"name": "Country Admin"}}, {"model": "main.role", "pk": 3, "fields": {"name": "Monitor"}}, {"model": "main.position", "pk": 1, "fields": {"user": 1, "role": 1}}, {"model": "main.position", "pk": 2, "fields": {"user": 2, "role": 3}}, {"model": "main.position", "pk": 3, "fields": {"user": 4, "role": 3}}, {"model": "main.position", "pk": 4, "fields": {"user": 5, "role": 3}}, {"model": "main.position", "pk": 5, "fields": {"user": 6, "role": 3}}, {"model": "main.position", "pk": 6, "fields": {"user": 7, "role": 3}}, {"model": "main.position", "pk": 7, "fields": {"user": 8, "role": 3}}, {"model": "main.position", "pk": 8, "fields": {"user": 9, "role": 3}}, {"model": "main.position", "pk": 9, "fields": {"user": 10, "role": 3}}, {"model": "main.position", "pk": 10, "fields": {"user": 11, "role": 3}}, {"model": "main.position", "pk": 11, "fields": {"user": 12, "role": 3}}, {"model": "main.position", "pk": 12, "fields": {"user": 13, "role": 3}}, {"model": "main.position", "pk": 13, "fields": {"user": 14, "role": 3}}, {"model": "main.position", "pk": 14, "fields": {"user": 15, "role": 3}}, {"model": "main.position", "pk": 15, "fields": {"user": 16, "role": 1}}, {"model": "main.position", "pk": 16, "fields": {"user": 17, "role": 2}}, {"model": "main.position", "pk": 17, "fields": {"user": 18, "role": 2}}, {"model": "main.position", "pk": 18, "fields": {"user": 19, "role": 3}}, {"model": "main.position", "pk": 19, "fields": {"user": 20, "role": 3}}, {"model": "main.position", "pk": 20, "fields": {"user": 21, "role": 3}}, {"model": "main.position", "pk": 21, "fields": {"user": 22, "role": 3}}, {"model": "main.position", "pk": 22, "fields": {"user": 23, "role": 3}}, {"model": "main.position", "pk": 23, "fields": {"user": 24, "role": 3}}, {"model": "main.position", "pk": 24, "fields": {"user": 25, "role": 3}}, {"model": "main.position", "pk": 25, "fields": {"user": 26, "role": 3}}, {"model": "main.position", "pk": 26, "fields": {"user": 27, "role": 3}}, {"model": "main.position", "pk": 27, "fields": {"user": 28, "role": 3}}, {"model": "main.position", "pk": 28, "fields": {"user": 29, "role": 3}}, {"model": "main.position", "pk": 29, "fields": {"user": 30, "role": 3}}, {"model": "main.position", "pk": 30, "fields": {"user": 31, "role": 3}}, {"model": "main.position", "pk": 31, "fields": {"user": 32, "role": 1}}, {"model": "work.country", "pk": 1, "fields": {"name": "Россия", "active": true}}, {"model": "work.country", "pk": 2, "fields": {"name": "Кыргызстан", "active": true}}, {"model": "work.country", "pk": 3, "fields": {"name": "Казахстан", "active": true}}, {"model": "work.country", "pk": 4, "fields": {"name": "Таджикистан", "active": true}}, {"model": "work.country", "pk": 5, "fields": {"name": "Туркменистан", "active": true}}, {"model": "work.country", "pk": 6, "fields": {"name": "Узбекистан", "active": true}}, {"model": "work.region", "pk": 1, "fields": {"name": "г.Москва", "active": true, "country": 1}}, {"model": "work.region", "pk": 2, "fields": {"name": "Амурскаяобласть(Благовещенск)", "active": true, "country": 1}}, {"model": "work.region", "pk": 3, "fields": {"name": "Архангельскаяобласть(Архангельск)", "active": true, "country": 1}}, {"model": "work.region", "pk": 4, "fields": {"name": "Астраханскаяобласть(Астрахань)", "active": true, "country": 1}}, {"model": "work.region", "pk": 5, "fields": {"name": "Белгородскаяобласть(Белгород)", "active": true, "country": 1}}, {"model": "work.region", "pk": 6, "fields": {"name": "Брянскаяобласть(Брянск)", "active": true, "country": 1}}, {"model": "work.region", "pk": 7, "fields": {"name": "Челябинскаяобласть(Челябинск)", "active": true, "country": 1}}, {"model": "work.region", "pk": 8, "fields": {"name": "Иркутскаяобласть(Иркутск)", "active": true, "country": 1}}, {"model": "work.region", "pk": 9, "fields": {"name": "Ивановскаяобласть(Иваново)", "active": true, "country": 1}}, {"model": "work.region", "pk": 10, "fields": {"name": "Калининградскаяобласть(Калининград)", "active": true, "country": 1}}, {"model": "work.region", "pk": 11, "fields": {"name": "Калужскаяобласть(Калуга)", "active": true, "country": 1}}, {"model": "work.region", "pk": 12, "fields": {"name": "Кемеровскаяобласть—Кузбасс(Кемерово)", "active": true, "country": 1}}, {"model": "work.region", "pk": 13, "fields": {"name": "Кировскаяобласть(Киров)", "active": true, "country": 1}}, {"model": "work.region", "pk": 14, "fields": {"name": "Костромскаяобласть(Кострома)", "active": true, "country": 1}}, {"model": "work.region", "pk": 15, "fields": {"name": "Курганскаяобласть(Курган)", "active": true, "country": 1}}, {"model": "work.region", "pk": 16, "fields": {"name": "Курскаяобласть(Курск)", "active": true, "country": 1}}, {"model": "work.region", "pk": 17, "fields": {"name": "Ленинградскаяобласть(Санкт Петербург)", "active": true, "country": 1}}, {"model": "work.region", "pk": 18, "fields": {"name": "Липецкаяобласть(Липецк)", "active": true, "country": 1}}, {"model": "work.region", "pk": 19, "fields": {"name": "Магаданскаяобласть(Магадан)", "active": true, "country": 1}}, {"model": "work.region", "pk": 20, "fields": {"name": "Московскаяобласть(Москва)", "active": true, "country": 1}}, {"model": "work.region", "pk": 21, "fields": {"name": "Мурманскаяобласть(Мурманск)", "active": true, "country": 1}}, {"model": "work.region", "pk": 22, "fields": {"name": "Нижегородскаяобласть(НижнийНовгород)", "active": true, "country": 1}}, {"model": "work.region", "pk": 23, "fields": {"name": "Новгородскаяобласть(ВеликийНовгород)", "active": true, "country": 1}}, {"model": "work.region", "pk": 24, "fields": {"name": "Новосибирскаяобласть(Новосибирск)", "active": true, "country": 1}}, {"model": "work.region", "pk": 25, "fields": {"name": "Омскаяобласть(Омск)", "active": true, "country": 1}}, {"model": "work.region", "pk": 26, "fields": {"name": "Оренбургскаяобласть(Оренбург)", "active": true, "country": 1}}, {"model": "work.region", "pk": 27, "fields": {"name": "Орловскаяобласть(Орёл)", "active": true, "country": 1}}, {"model": "work.region", "pk": 28, "fields": {"name": "Пензенскаяобласть(Пенза)", "active": true, "country": 1}}, {"model": "work.region", "pk": 29, "fields": {"name": "Псковскаяобласть(Псков)", "active": true, "country": 1}}, {"model": "work.region", "pk": 30, "fields": {"name": "Ростовскаяобласть(Ростов на Дону)", "active": true, "country": 1}}, {"model": "work.region", "pk": 31, "fields": {"name": "Рязанскаяобласть(Рязань)", "active": true, "country": 1}}, {"model": "work.region", "pk": 32, "fields": {"name": "Сахалинскаяобласть(Южно Сахалинск)", "active": true, "country": 1}}, {"model": "work.region", "pk": 33, "fields": {"name": "Самарскаяобласть(Самара)", "active": true, "country": 1}}, {"model": "work.region", "pk": 34, "fields": {"name": "Саратовскаяобласть(Саратов)", "active": true, "country": 1}}, {"model": "work.region", "pk": 35, "fields": {"name": "Смоленскаяобласть(Смоленск)", "active": true, "country": 1}}, {"model": "work.region", "pk": 36, "fields": {"name": "Свердловскаяобласть(Екатеринбург)", "active": true, "country": 1}}, {"model": "work.region", "pk": 37, "fields": {"name": "Тамбовскаяобласть(Тамбов)", "active": true, "country": 1}}, {"model": "work.region", "pk": 38, "fields": {"name": "Томскаяобласть(Томск)", "active": true, "country": 1}}, {"model": "work.region", "pk": 39, "fields": {"name": "Тверскаяобласть(Тверь)", "active": true, "country": 1}}, {"model": "work.region", "pk": 40, "fields": {"name": "Тульскаяобласть(Тула)", "active": true, "country": 1}}, {"model": "work.region", "pk": 41, "fields": {"name": "Тюменскаяобласть(Тюмень)", "active": true, "country": 1}}, {"model": "work.region", "pk": 42, "fields": {"name": "Ульяновскаяобласть(Ульяновск)", "active": true, "country": 1}}, {"model": "work.region", "pk": 43, "fields": {"name": "Владимирскаяобласть(Владимир)", "active": true, "country": 1}}, {"model": "work.region", "pk": 44, "fields": {"name": "Волгоградскаяобласть(Волгоград)", "active": true, "country": 1}}, {"model": "work.region", "pk": 45, "fields": {"name": "Вологодскаяобласть(Вологда)", "active": true, "country": 1}}, {"model": "work.region", "pk": 46, "fields": {"name": "Воронежскаяобласть(Воронеж)", "active": true, "country": 1}}, {"model": "work.region", "pk": 47, "fields": {"name": "Ярославскаяобласть(Ярославль)", "active": true, "country": 1}}, {"model": "work.region", "pk": 48, "fields": {"name": "г. Бишкек", "active": true, "country": 2}}, {"model": "work.region", "pk": 49, "fields": {"name": "г. Ош", "active": true, "country": 2}}, {"model": "work.region", "pk": 50, "fields": {"name": "Баткенская область", "active": true, "country": 2}}, {"model": "work.region", "pk": 51, "fields": {"name": "Джалал-Абадская область", "active": true, "country": 2}}, {"model": "work.region", "pk": 52, "fields": {"name": "Иссык-Кульская область", "active": true, "country": 2}}, {"model": "work.region", "pk": 53, "fields": {"name": "Нарынская область", "active": true, "country": 2}}, {"model": "work.region", "pk": 54, "fields": {"name": "Ошская область", "active": true, "country": 2}}, {"model": "work.region", "pk": 55, "fields": {"name": "Таласская область", "active": true, "country": 2}}, {"model": "work.region", "pk": 56, "fields": {"name": "Чуйская область", "active": true, "country": 2}}, {"model": "work.region", "pk": 57, "fields": {"name": "Нур-Султан (Астана)", "active": true, "country": 3}}, {"model": "work.region", "pk": 58, "fields": {"name": "Алматы", "active": true, "country": 3}}, {"model": "work.region", "pk": 59, "fields": {"name": "Шымкент", "active": true, "country": 3}}, {"model": "work.region", "pk": 60, "fields": {"name": "Байконыр", "active": true, "country": 3}}, {"model": "work.region", "pk": 61, "fields": {"name": "Акмолинская область", "active": true, "country": 3}}, {"model": "work.region", "pk": 62, "fields": {"name": "Актюбинская область", "active": true, "country": 3}}, {"model": "work.region", "pk": 63, "fields": {"name": "Алматинская область", "active": true, "country": 3}}, {"model": "work.region", "pk": 64, "fields": {"name": "Атырауская область", "active": true, "country": 3}}, {"model": "work.region", "pk": 65, "fields": {"name": "Восточно-Казахстанская область", "active": true, "country": 3}}, {"model": "work.region", "pk": 66, "fields": {"name": "Жамбылская область", "active": true, "country": 3}}, {"model": "work.region", "pk": 67, "fields": {"name": "Западно-Казахстанская область", "active": true, "country": 3}}, {"model": "work.region", "pk": 68, "fields": {"name": "Карагандинская область", "active": true, "country": 3}}, {"model": "work.region", "pk": 69, "fields": {"name": "Костанайская область", "active": true, "country": 3}}, {"model": "work.region", "pk": 70, "fields": {"name": "Кызылординская область", "active": true, "country": 3}}, {"model": "work.region", "pk": 71, "fields": {"name": "Мангистауская область", "active": true, "country": 3}}, {"model": "work.region", "pk": 72, "fields": {"name": "Павлодарская область", "active": true, "country": 3}}, {"model": "work.region", "pk": 73, "fields": {"name": "Севрено-Казахстанская область", "active": true, "country": 3}}, {"model": "work.region", "pk": 74, "fields": {"name": "Туркестанская область", "active": true, "country": 3}}, {"model": "work.region", "pk": 75, "fields": {"name": "г. Душанбе", "active": true, "country": 4}}, {"model": "work.region", "pk": 76, "fields": {"name": "Горно - Бажахшанская область", "active": true, "country": 4}}, {"model": "work.region", "pk": 77, "fields": {"name": "Согдийская область", "active": true, "country": 4}}, {"model": "work.region", "pk": 78, "fields": {"name": "Хатлонская область", "active": true, "country": 4}}, {"model": "work.region", "pk": 79, "fields": {"name": "Районы республиканского подчинения", "active": true, "country": 4}}, {"model": "work.region", "pk": 80, "fields": {"name": "г. Ашхабад", "active": true, "country": 5}}, {"model": "work.region", "pk": 81, "fields": {"name": "Ахалский велаят", "active": true, "country": 5}}, {"model": "work.region", "pk": 82, "fields": {"name": "Балканский велаят", "active": true, "country": 5}}, {"model": "work.region", "pk": 83, "fields": {"name": "Дашогузский велаят", "active": true, "country": 5}}, {"model": "work.region", "pk": 84, "fields": {"name": "Лебапский велаят", "active": true, "country": 5}}, {"model": "work.region", "pk": 85, "fields": {"name": "Марыйский велаят", "active": true, "country": 5}}, {"model": "work.region", "pk": 86, "fields": {"name": "Андижанская область", "active": true, "country": 6}}, {"model": "work.region", "pk": 87, "fields": {"name": "Бухарская область", "active": true, "country": 6}}, {"model": "work.region", "pk": 88, "fields": {"name": "Джизакская область", "active": true, "country": 6}}, {"model": "work.region", "pk": 89, "fields": {"name": "Кашкадарьинская область", "active": true, "country": 6}}, {"model": "work.region", "pk": 90, "fields": {"name": "Навоийская область", "active": true, "country": 6}}, {"model": "work.region", "pk": 91, "fields": {"name": "Наманганская область ", "active": true, "country": 6}}, {"model": "work.region", "pk": 92, "fields": {"name": "Республика Каракалпакстан", "active": true, "country": 6}}, {"model": "work.region", "pk": 93, "fields": {"name": "Самаркандская область", "active": true, "country": 6}}, {"model": "work.region", "pk": 94, "fields": {"name": "Сурхандарьинская область", "active": true, "country": 6}}, {"model": "work.region", "pk": 95, "fields": {"name": "Сырдарьинская область", "active": true, "country": 6}}, {"model": "work.region", "pk": 96, "fields": {"name": "Ташкент область", "active": true, "country": 6}}, {"model": "work.region", "pk": 97, "fields": {"name": "Ферганская область", "active": true, "country": 6}}, {"model": "work.region", "pk": 98, "fields": {"name": "Хорезмская область", "active": true, "country": 6}}, {"model": "work.source", "pk": 1, "fields": {"name": "информация о нарушении, допущенном в отношении человека лично", "active": true}}, {"model": "work.source", "pk": 2, "fields": {"name": "интервью с пострадавшим", "active": true}}, {"model": "work.source", "pk": 3, "fields": {"name": "сообщение в СМИ", "active": true}}, {"model": "work.source", "pk": 4, "fields": {"name": "информация от профсоюзов", "active": true}}, {"model": "work.source", "pk": 5, "fields": {"name": "информация НКО, правозащитной организации", "active": true}}, {"model": "work.source", "pk": 6, "fields": {"name": "информация от работодателя", "active": true}}, {"model": "work.source", "pk": 7, "fields": {"name": "информация от правоохранительных органов", "active": true}}, {"model": "work.source", "pk": 8, "fields": {"name": "информация от государственного органа", "active": true}}, {"model": "work.source", "pk": 9, "fields": {"name": "информация от представителя интересов пострадавшего (юриста)", "active": true}}, {"model": "work.source", "pk": 10, "fields": {"name": "другое", "active": true}}, {"model": "work.groupofrights", "pk": 1, "fields": {"name": "Нарушение в сфере профсоюзных прав и гражданских свобод", "active": true}}, {"model": "work.groupofrights", "pk": 2, "fields": {"name": "Нарушения положений Конвенций МОТ № 87 «Относительно свободы ассоциаций и защиты права на организацию»", "active": true}}, {"model": "work.groupofrights", "pk": 3, "fields": {"name": "Нарушения положений Конвенций МОТ № 98 «Относительно применения принципов права на организацию и заключение коллективных договоров»", "active": true}}, {"model": "work.groupofrights", "pk": 4, "fields": {"name": "Нарушения положений Конвенций МОТ №135 «О защите прав представителей, трудящихся на предприятии и предоставляемых им возможностям»", "active": true}}, {"model": "work.groupofrights", "pk": 5, "fields": {"name": "Проведение консультаций", "active": true}}, {"model": "work.groupofrights", "pk": 6, "fields": {"name": "Принцип запрещения дискриминации", "active": true}}, {"model": "work.groupofrights", "pk": 7, "fields": {"name": "Использование детского труда", "active": true}}, {"model": "work.groupofrights", "pk": 8, "fields": {"name": "Запрет принудительного труда", "active": true}}, {"model": "work.victim", "pk": 1, "fields": {"name": "профсоюзная организация", "active": true}}, {"model": "work.victim", "pk": 2, "fields": {"name": "физическое лицо", "active": true}}, {"model": "work.victim", "pk": 3, "fields": {"name": "группа лиц (работников)", "active": true}}, {"model": "work.tradeunioninfo", "pk": 1, "fields": {"tradeunion_name": "id_start_date", "branch_name": "id_start_date", "victim_name": "id_start_date", "contacts": "id_start_date"}}, {"model": "work.tradeunioninfo", "pk": 2, "fields": {"tradeunion_name": "id_start_date", "branch_name": "id_start_date", "victim_name": "id_start_date", "contacts": "id_start_date"}}, {"model": "work.tradeunioninfo", "pk": 3, "fields": {"tradeunion_name": "TestTestTestTest", "branch_name": "TestTestTestTest", "victim_name": "TestTestTestTest", "contacts": "TestTestTestTest"}}, {"model": "work.tradeunioninfo", "pk": 4, "fields": {"tradeunion_name": "TestTestTestTest", "branch_name": "TestTestTestTest", "victim_name": "TestTestTestTest", "contacts": "TestTestTestTest"}}, {"model": "work.tradeunioninfo", "pk": 5, "fields": {"tradeunion_name": "Федерация профсоюзов Кыргызстана", "branch_name": "все отрасли", "victim_name": "Федерация профсоюзов Кыргызстана", "contacts": "Чуй 207, 0312665689"}}, {"model": "work.tradeunioninfo", "pk": 6, "fields": {"tradeunion_name": "Федерация профсоюзов Кыргызстана", "branch_name": "все отрасли", "victim_name": "Федерация профсоюзов Кыргызстана", "contacts": "Чуй 207, 0312665689"}}, {"model": "work.tradeunioninfo", "pk": 7, "fields": {"tradeunion_name": "Федерация профсоюзов Кыргызстана", "branch_name": "все отрасли", "victim_name": "Федерация профсоюзов Кыргызстана", "contacts": "Чуй 207, 0312665689"}}, {"model": "work.tradeunioninfo", "pk": 8, "fields": {"tradeunion_name": "Федерация профсоюзов Кыргызстана", "branch_name": "все отрасли", "victim_name": "Федерация профсоюзов Кыргызстана", "contacts": "Чуй 207, 0312665689"}}, {"model": "work.education", "pk": 1, "fields": {"name": "Незаконченное среднее", "active": true}}, {"model": "work.education", "pk": 2, "fields": {"name": "Среднее общее/среднее техническое (средняя школа, ПТУ)", "active": true}}, {"model": "work.education", "pk": 3, "fields": {"name": "Среднее специальное (техникум, колледж)", "active": true}}, {"model": "work.education", "pk": 4, "fields": {"name": "Незаконченное высшее (Вуз не менее 3 курсов)", "active": true}}, {"model": "work.education", "pk": 5, "fields": {"name": "Высшее (бакалавриат, специалитет)", "active": true}}, {"model": "work.education", "pk": 6, "fields": {"name": "Магистратура", "active": true}}, {"model": "work.education", "pk": 7, "fields": {"name": "Ученая степень /несколько высших образований", "active": true}}, {"model": "work.maritalstatus", "pk": 1, "fields": {"name": "Женат /замужем", "active": true}}, {"model": "work.maritalstatus", "pk": 2, "fields": {"name": "Разведен (а)", "active": true}}, {"model": "work.maritalstatus", "pk": 3, "fields": {"name": "В неофициальном браке", "active": true}}, {"model": "work.maritalstatus", "pk": 4, "fields": {"name": "Живет раздельно (разошедшийся)", "active": true}}, {"model": "work.maritalstatus", "pk": 5, "fields": {"name": "Вдовец/вдова", "active": true}}, {"model": "work.maritalstatus", "pk": 6, "fields": {"name": "Никогда не состоял(а) в браке", "active": true}}, {"model": "work.gender", "pk": 1, "fields": {"name": "мужской", "active": true}}, {"model": "work.gender", "pk": 2, "fields": {"name": "женский ", "active": true}}, {"model": "work.agreementdetail", "pk": 1, "fields": {"name": "Договор есть, но он не трудовой, а гражданско-правовой", "active": true}}, {"model": "work.agreementdetail", "pk": 2, "fields": {"name": "Договор подписывал, но он остался у работодателя", "active": true}}, {"model": "work.agreementdetail", "pk": 3, "fields": {"name": "Договор подписывал, но он остался у посредника", "active": true}}, {"model": "work.agreementdetail", "pk": 4, "fields": {"name": "Трудовой договор", "active": true}}, {"model": "work.individualinfo", "pk": 1, "fields": {"is_anonim": "YES", "name": null, "member_of_tradeunion": "NO", "gender": 1, "age": "---", "education": 3, "marital_status": 1, "position": "-------", "experience": "---------", "is_official": "NO", "has_agreement": "YES", "agreementDetail": 4, "case": 16}}, {"model": "work.individualinfo", "pk": 2, "fields": {"is_anonim": "NO", "name": "Сайыпова Камшат Сериковна", "member_of_tradeunion": "NO", "gender": 2, "age": "35", "education": 3, "marital_status": 1, "position": "Продавец", "experience": "Неизвестно", "is_official": "NO", "has_agreement": "NO", "agreementDetail": null, "case": 15}}, {"model": "work.individualinfo", "pk": 4, "fields": {"is_anonim": "NO", "name": "Исагалиев Ринат", "member_of_tradeunion": "NO", "gender": 1, "age": "38", "education": 5, "marital_status": 6, "position": "водитель", "experience": "6 месяцев", "is_official": "YES", "has_agreement": "YES", "agreementDetail": 4, "case": 25}}, {"model": "work.individualinfo", "pk": 5, "fields": {"is_anonim": "NO", "name": "Асия О.", "member_of_tradeunion": "YES", "gender": 2, "age": "пенсионный", "education": 5, "marital_status": 1, "position": "преподаватель", "experience": "35", "is_official": "YES", "has_agreement": "YES", "agreementDetail": 4, "case": 24}}, {"model": "work.individualinfo", "pk": 6, "fields": {"is_anonim": "NO", "name": "Альнур Ильяшев", "member_of_tradeunion": "NO", "gender": 1, "age": "44 года", "education": 5, "marital_status": 2, "position": "юрист", "experience": "12 часов", "is_official": "YES", "has_agreement": "NO", "agreementDetail": null, "case": 43}}, {"model": "work.individualinfo", "pk": 7, "fields": {"is_anonim": "NO", "name": "Сапаргалиев Равиль Жанарбекович", "member_of_tradeunion": "YES", "gender": 1, "age": "27", "education": 5, "marital_status": 1, "position": "учитель физкультуры", "experience": "8 лет", "is_official": "YES", "has_agreement": "YES", "agreementDetail": 4, "case": 46}}, {"model": "work.individualinfo", "pk": 8, "fields": {"is_anonim": "NO", "name": "Свирдюков Сергей Олегович", "member_of_tradeunion": "NO", "gender": 1, "age": "31", "education": 5, "marital_status": 2, "position": "должности оператора пункта товарных расчетов", "experience": "3 месяца", "is_official": "YES", "has_agreement": "YES", "agreementDetail": 4, "case": 48}}, {"model": "work.grouptype", "pk": 1, "fields": {"name": "бригада или производственная группа", "active": true}}, {"model": "work.grouptype", "pk": 2, "fields": {"name": "определенная категория работников", "active": true}}, {"model": "work.grouptype", "pk": 3, "fields": {"name": "работники, защищающие права свои или других", "active": true}}, {"model": "work.grouptype", "pk": 4, "fields": {"name": "другое", "active": true}}, {"model": "work.membershipofgrouppersons", "pk": 1, "fields": {"name": "все члены профсоюза", "active": true}}, {"model": "work.membershipofgrouppersons", "pk": 2, "fields": {"name": "большинство члены профсоюза", "active": true}}, {"model": "work.membershipofgrouppersons", "pk": 3, "fields": {"name": "меньшая часть члены профсоюза", "active": true}}, {"model": "work.membershipofgrouppersons", "pk": 4, "fields": {"name": "нет членов профсоюза", "active": true}}, {"model": "work.membershipofgrouppersons", "pk": 5, "fields": {"name": "другое", "active": true}}, {"model": "work.intruder", "pk": 1, "fields": {"name": "Государственные органы", "active": true}}, {"model": "work.intruder", "pk": 2, "fields": {"name": "Органы местного самоуправления ", "active": true}}, {"model": "work.intruder", "pk": 3, "fields": {"name": "Правоохранительные органы", "active": true}}, {"model": "work.intruder", "pk": 4, "fields": {"name": "Работодатель (компания)", "active": true}}, {"model": "work.intruder", "pk": 5, "fields": {"name": "Затрудняюсь ответить", "active": true}}, {"model": "work.intruder", "pk": 6, "fields": {"name": "Другое ", "active": true}}, {"model": "work.groupofpersons", "pk": 1, "fields": {"amount": "256", "type": 1, "type_another": null, "membership": 1, "membership_another": null}}, {"model": "work.groupofpersons", "pk": 2, "fields": {"amount": "100", "type": 3, "type_another": null, "membership": 2, "membership_another": null}}, {"model": "work.groupofpersons", "pk": 3, "fields": {"amount": "не менее 10 человек", "type": 4, "type_another": "строители по найму", "membership": 4, "membership_another": null}}, {"model": "work.groupofpersons", "pk": 4, "fields": {"amount": "не менее 50 преподавателей", "type": 4, "type_another": "Преподаватели общеобразовательной школы", "membership": 1, "membership_another": null}}, {"model": "work.groupofpersons", "pk": 5, "fields": {"amount": "не менее 50 преподавателей", "type": 4, "type_another": "Преподаватели общеобразовательной школы", "membership": 1, "membership_another": null}}, {"model": "work.groupofpersons", "pk": 6, "fields": {"amount": "не менее 10 человек", "type": 4, "type_another": "Преподаватели и ученики школы", "membership": 3, "membership_another": null}}, {"model": "work.groupofpersons", "pk": 7, "fields": {"amount": "111", "type": 1, "type_another": null, "membership": 1, "membership_another": null}}, {"model": "work.groupofpersons", "pk": 8, "fields": {"amount": "100", "type": 1, "type_another": null, "membership": 4, "membership_another": null}}, {"model": "work.groupofpersons", "pk": 9, "fields": {"amount": "111", "type": 1, "type_another": null, "membership": 1, "membership_another": null}}, {"model": "work.groupofpersons", "pk": 10, "fields": {"amount": "не менее 60 человек", "type": 4, "type_another": "сборщики хлопка из махаллей и малообеспеченных сем", "membership": 4, "membership_another": null}}, {"model": "work.groupofpersons", "pk": 11, "fields": {"amount": "не менее 30 работников", "type": 1, "type_another": null, "membership": 1, "membership_another": null}}, {"model": "work.groupofpersons", "pk": 12, "fields": {"amount": "не менее 30 работников", "type": 1, "type_another": null, "membership": 1, "membership_another": null}}, {"model": "work.groupofpersons", "pk": 13, "fields": {"amount": "не менее 30 работников и водителей", "type": 1, "type_another": null, "membership": 1, "membership_another": null}}, {"model": "work.groupofpersons", "pk": 14, "fields": {"amount": "не менее 50 преподавателей", "type": 1, "type_another": null, "membership": 1, "membership_another": null}}, {"model": "work.groupofpersons", "pk": 15, "fields": {"amount": "не менее 13 сотрудников", "type": 4, "type_another": "Сотрудники налоговой службы", "membership": 1, "membership_another": null}}, {"model": "work.groupofpersons", "pk": 16, "fields": {"amount": ",jbljgkvkcjfhxgcdz", "type": 2, "type_another": null, "membership": 4, "membership_another": null}}, {"model": "work.groupofpersons", "pk": 17, "fields": {"amount": "2000", "type": 2, "type_another": null, "membership": 1, "membership_another": null}}, {"model": "work.groupofpersons", "pk": 18, "fields": {"amount": "Почти все работники", "type": 2, "type_another": null, "membership": 5, "membership_another": "не известно"}}, {"model": "work.groupofpersons", "pk": 19, "fields": {"amount": "80", "type": 2, "type_another": null, "membership": 5, "membership_another": "не известно"}}, {"model": "work.groupofpersons", "pk": 20, "fields": {"amount": "около 200", "type": 4, "type_another": "все работники ТОО «Шыгыс Акпарат»", "membership": 1, "membership_another": null}}, {"model": "work.groupofpersons", "pk": 21, "fields": {"amount": "2000", "type": 2, "type_another": null, "membership": 1, "membership_another": null}}, {"model": "work.groupofpersons", "pk": 22, "fields": {"amount": "200", "type": 1, "type_another": null, "membership": 1, "membership_another": null}}, {"model": "work.groupofpersons", "pk": 23, "fields": {"amount": "6", "type": 1, "type_another": null, "membership": 2, "membership_another": null}}, {"model": "work.groupofpersons", "pk": 24, "fields": {"amount": "-----", "type": 2, "type_another": null, "membership": 5, "membership_another": "неизвестно"}}, {"model": "work.groupofpersons", "pk": 25, "fields": {"amount": "-----", "type": 2, "type_another": null, "membership": 5, "membership_another": "неизвестно"}}, {"model": "work.groupofpersons", "pk": 26, "fields": {"amount": "300", "type": 2, "type_another": null, "membership": 1, "membership_another": null}}, {"model": "work.groupofpersons", "pk": 27, "fields": {"amount": "300", "type": 2, "type_another": null, "membership": 1, "membership_another": null}}, {"model": "work.ownershiptype", "pk": 1, "fields": {"name": "Национальная, государственная", "active": true}}, {"model": "work.ownershiptype", "pk": 2, "fields": {"name": "Национальная, частная", "active": true}}, {"model": "work.ownershiptype", "pk": 3, "fields": {"name": "Иностранная", "active": true}}, {"model": "work.ownershiptype", "pk": 4, "fields": {"name": "Смешанная", "active": true}}, {"model": "work.employeescount", "pk": 1, "fields": {"name": "от 10 до 50 человек", "active": true}}, {"model": "work.employeescount", "pk": 2, "fields": {"name": "малое до 50 человек", "active": true}}, {"model": "work.employeescount", "pk": 3, "fields": {"name": "среднее от 50 до 200 чел", "active": true}}, {"model": "work.employeescount", "pk": 4, "fields": {"name": "крупное от 200 до 1000 чел.", "active": true}}, {"model": "work.employeescount", "pk": 5, "fields": {"name": "очень большое - свыше 1000 чел.", "active": true}}, {"model": "work.tradeunioncount", "pk": 1, "fields": {"choice": "Численность сократилась", "active": true}}, {"model": "work.tradeunioncount", "pk": 2, "fields": {"choice": "Численность увеличилась", "active": true}}, {"model": "work.tradeunioncount", "pk": 3, "fields": {"choice": "Численность сохранилась", "active": true}}, {"model": "work.natureviolation", "pk": 1, "fields": {"name": "Разовое", "active": true}}, {"model": "work.natureviolation", "pk": 2, "fields": {"name": "Системное", "active": true}}, {"model": "work.rightsstate", "pk": 1, "fields": {"name": "Права восстановлены", "active": true}}, {"model": "work.rightsstate", "pk": 2, "fields": {"name": "Права не восстановлены", "active": true}}, {"model": "work.rightsstate", "pk": 3, "fields": {"name": "Права восстановлены частично", "active": true}}, {"model": "work.rightsstate", "pk": 4, "fields": {"name": "Другое ", "active": true}}, {"model": "work.victimsituation", "pk": 1, "fields": {"name": "Продолжает (ют) работать", "active": true}}, {"model": "work.victimsituation", "pk": 2, "fields": {"name": "Уволен(ы) под давлением работодателя", "active": true}}, {"model": "work.victimsituation", "pk": 3, "fields": {"name": "Прекратил(и) работать добровольно", "active": true}}, {"model": "work.victimsituation", "pk": 4, "fields": {"name": "Другое", "active": true}}, {"model": "work.tradeunionsituation", "pk": 1, "fields": {"name": "Продолжает действовать", "active": true}}, {"model": "work.tradeunionsituation", "pk": 2, "fields": {"name": "Продолжает существовать, но не действует", "active": true}}, {"model": "work.tradeunionsituation", "pk": 3, "fields": {"name": "Прекратил существование", "active": true}}, {"model": "work.tradeunionsituation", "pk": 4, "fields": {"name": "Другое", "active": true}}, {"model": "work.tradeunionright", "pk": 1, "fields": {"name": "Обвинения в преступном поведении в связи с профсоюзной деятельностью", "active": true}}, {"model": "work.tradeunionright", "pk": 2, "fields": {"name": "Нарушения права на жизнь, безопасность, физическую и моральную неприкосновенность личности", "active": true}}, {"model": "work.tradeunionright", "pk": 3, "fields": {"name": "Нарушения права на проведение собраний и демонстраций", "active": true}}, {"model": "work.tradeunionright", "pk": 4, "fields": {"name": "Нарушения в области свободы мнений и слова", "active": true}}, {"model": "work.tradeunionright", "pk": 5, "fields": {"name": "Требования раскрытия информации о членстве в профсоюзе и профсоюзной деятельности", "active": true}}, {"model": "work.tradeunionright", "pk": 6, "fields": {"name": "Защита профсоюзных помещений и имущества профсоюзов", "active": true}}, {"model": "work.tradeunionright", "pk": 7, "fields": {"name": "Другое", "active": true}}, {"model": "work.tradeunioncrime", "pk": 1, "fields": {"name": "арест, задержание", "active": true}}, {"model": "work.tradeunioncrime", "pk": 2, "fields": {"name": "осуждение по уголовному делу", "active": true}}, {"model": "work.tradeunioncrime", "pk": 3, "fields": {"name": "другое", "active": true}}, {"model": "work.meetingsright", "pk": 1, "fields": {"name": "ограничения права на собрание организаций в их помещениях", "active": true}}, {"model": "work.meetingsright", "pk": 2, "fields": {"name": "ограничения на проведения публичных собраний и демонстраций", "active": true}}, {"model": "work.meetingsright", "pk": 3, "fields": {"name": "ограничения на участие в международных профсоюзных встречах", "active": true}}, {"model": "work.meetingsright", "pk": 4, "fields": {"name": "другое", "active": true}}, {"model": "work.tradeunionbuildingsright", "pk": 1, "fields": {"name": "принудительная конфискация имущества профсоюза", "active": true}}, {"model": "work.tradeunionbuildingsright", "pk": 2, "fields": {"name": "неправомерно вторжение в помещение профсоюза", "active": true}}, {"model": "work.tradeunionbuildingsright", "pk": 3, "fields": {"name": "другое", "active": true}}, {"model": "work.createorganizationright", "pk": 1, "fields": {"name": "Нарушения права создавать профсоюз без какого бы то ни было различия", "active": true}}, {"model": "work.createorganizationright", "pk": 2, "fields": {"name": "Нарушение права создавать профсоюз без предварительного разрешения", "active": true}}, {"model": "work.createorganizationright", "pk": 3, "fields": {"name": "Требования получения одобрения работодателя в каких-либо формах", "active": true}}, {"model": "work.createorganizationright", "pk": 4, "fields": {"name": "Юридические формальности, препятствующие созданию профсоюза", "active": true}}, {"model": "work.createorganizationright", "pk": 5, "fields": {"name": "Завышенные требования к минимальной численности", "active": true}}, {"model": "work.createorganizationright", "pk": 6, "fields": {"name": "Необоснованный отказ в регистрации профсоюза", "active": true}}, {"model": "work.createorganizationright", "pk": 7, "fields": {"name": "Другое", "active": true}}, {"model": "work.createtradeunionright", "pk": 1, "fields": {"name": "Установления работодателем принципов профсоюзной структуры и единства профсоюза", "active": true}}, {"model": "work.createtradeunionright", "pk": 2, "fields": {"name": "Санкции за попытки создания профсоюза", "active": true}}, {"model": "work.createtradeunionright", "pk": 3, "fields": {"name": "Фаворитизм или дискриминация в отношении определённых профсоюзов", "active": true}}, {"model": "work.createtradeunionright", "pk": 4, "fields": {"name": "Право вступать в профсоюзы по своему выбору", "active": true}}, {"model": "work.createtradeunionright", "pk": 5, "fields": {"name": "Другие", "active": true}}, {"model": "work.electionsright", "pk": 1, "fields": {"name": "Установление требований к выборным представителям", "active": true}}, {"model": "work.electionsright", "pk": 2, "fields": {"name": "Вмешательство в проведение профсоюзных выборов", "active": true}}, {"model": "work.electionsright", "pk": 3, "fields": {"name": "Другие", "active": true}}, {"model": "work.tradeunionactivityright", "pk": 1, "fields": {"name": "Контроль над внутренней жизнью профсоюза", "active": true}}, {"model": "work.tradeunionactivityright", "pk": 2, "fields": {"name": "Вмешательство в ведение финансовой деятельности", "active": true}}, {"model": "work.tradeunionactivityright", "pk": 3, "fields": {"name": "Проверки профсоюзных документов без обоснования причин", "active": true}}, {"model": "work.tradeunionactivityright", "pk": 4, "fields": {"name": "Другое", "active": true}}, {"model": "work.createstrikeright", "pk": 1, "fields": {"name": "Цели забастовки", "active": true}}, {"model": "work.createstrikeright", "pk": 2, "fields": {"name": "Виды забастовок", "active": true}}, {"model": "work.createstrikeright", "pk": 3, "fields": {"name": "Предварительные условия и процедуры для проведения забастовок", "active": true}}, {"model": "work.createstrikeright", "pk": 4, "fields": {"name": "Объявление забастовки незаконной", "active": true}}, {"model": "work.createstrikeright", "pk": 5, "fields": {"name": "Ограничение и запрещение забастовок", "active": true}}, {"model": "work.createstrikeright", "pk": 6, "fields": {"name": "Минимум необходимых работ", "active": true}}, {"model": "work.createstrikeright", "pk": 7, "fields": {"name": "Вмешательство властей и работодателя в проведение забастовки", "active": true}}, {"model": "work.createstrikeright", "pk": 8, "fields": {"name": "Санкции за участие в забастовке", "active": true}}, {"model": "work.createstrikeright", "pk": 9, "fields": {"name": "Дискриминация лиц, участвующих в забастовке", "active": true}}, {"model": "work.createstrikeright", "pk": 10, "fields": {"name": "Другое", "active": true}}, {"model": "work.antitradeuniondiscrimination", "pk": 1, "fields": {"name": "Увольнения профсоюзных активистов", "active": true}}, {"model": "work.antitradeuniondiscrimination", "pk": 2, "fields": {"name": "Незаконные переводы, отправление в простой и иные формы дискриминации", "active": true}}, {"model": "work.antitradeuniondiscrimination", "pk": 3, "fields": {"name": "Давление на членов профсоюза", "active": true}}, {"model": "work.antitradeuniondiscrimination", "pk": 4, "fields": {"name": "Эффективная защита от дискриминации", "active": true}}, {"model": "work.antitradeuniondiscrimination", "pk": 5, "fields": {"name": "Другое", "active": true}}, {"model": "work.сonversationright", "pk": 1, "fields": {"name": "Нарушение принципа добросовестности ведения переговоров", "active": true}}, {"model": "work.сonversationright", "pk": 2, "fields": {"name": "Непризнание за профсоюзом права на коллективные переговоры (в т.ч. вопросы представительности профсоюзов)", "active": true}}, {"model": "work.сonversationright", "pk": 3, "fields": {"name": "Нарушение свободных и добровольных переговоров", "active": true}}, {"model": "work.сonversationright", "pk": 4, "fields": {"name": "Вмешательство властей в проведение коллективных переговоров", "active": true}}, {"model": "work.сonversationright", "pk": 5, "fields": {"name": "Отказ в обсуждении определённых вопросов", "active": true}}, {"model": "work.сonversationright", "pk": 6, "fields": {"name": "Отказ работодателя предоставить необходимую информацию для проведения коллективных переговоров", "active": true}}, {"model": "work.сonversationright", "pk": 7, "fields": {"name": "Отказ органов государственной власти регистрировать коллективный договор", "active": true}}, {"model": "work.сonversationright", "pk": 8, "fields": {"name": "Другие", "active": true}}, {"model": "work.сonvention135", "pk": 1, "fields": {"name": "Непредставление времени для участия в профсоюзных собраниях", "active": true}}, {"model": "work.сonvention135", "pk": 2, "fields": {"name": "Воспрепятствование в сборе профсоюзных взносов", "active": true}}, {"model": "work.сonvention135", "pk": 3, "fields": {"name": "Ограничение доступа представителей профсоюза на рабочие места", "active": true}}, {"model": "work.сonvention135", "pk": 4, "fields": {"name": "Другое", "active": true}}, {"model": "work.consultationright", "pk": 1, "fields": {"name": "Непроведение консультаций относительно докладов Правительства в МОТ", "active": true}}, {"model": "work.consultationright", "pk": 2, "fields": {"name": "Непроведение консультаций в период подготовки и редактирования законодательства", "active": true}}, {"model": "work.consultationright", "pk": 3, "fields": {"name": "Непроведение консультаций в процессе реструктурирования, рационализации и сокращения персонала", "active": true}}, {"model": "work.consultationright", "pk": 4, "fields": {"name": "Другое", "active": true}}, {"model": "work.discriminationvariousgrounds", "pk": 1, "fields": {"name": "Дискриминация по основаниям, перечисленным в Конвенции №111", "active": true}}, {"model": "work.discriminationvariousgrounds", "pk": 2, "fields": {"name": "Дискриминация по основаниям, устанавливаемым национальным законодательством", "active": true}}, {"model": "work.principleofnondiscrimination", "pk": 1, "fields": {"name": "Дискриминация по различным основаниям", "active": true}}, {"model": "work.principleofnondiscrimination", "pk": 2, "fields": {"name": "Дискриминация в различных сферах трудовых отношений", "active": true}}, {"model": "work.principleofnondiscrimination", "pk": 3, "fields": {"name": "Нарушения в области проведения государственной политики по искоренению дискриминации и поощрению равенства прав и возможностей", "active": true}}, {"model": "work.discriminationinvariousareas", "pk": 1, "fields": {"name": "Доступ к профориентации и трудоустройству", "active": true}}, {"model": "work.discriminationinvariousareas", "pk": 2, "fields": {"name": "Доступ к обучению и занятости по своему выбору", "active": true}}, {"model": "work.discriminationinvariousareas", "pk": 3, "fields": {"name": "Возможности карьерного роста и продвижения по службе на основе индивидуальных качеств", "active": true}}, {"model": "work.discriminationinvariousareas", "pk": 4, "fields": {"name": "Доступ к гарантиям сохранения занятости", "active": true}}, {"model": "work.discriminationinvariousareas", "pk": 5, "fields": {"name": "Оплата труда", "active": true}}, {"model": "work.discriminationinvariousareas", "pk": 6, "fields": {"name": "Рабочее время и время отдыха", "active": true}}, {"model": "work.discriminationinvariousareas", "pk": 7, "fields": {"name": "Безопасность условий труда на работе", "active": true}}, {"model": "work.discriminationinvariousareas", "pk": 8, "fields": {"name": "Доступ к социальному обеспечению и медицинскому обслуживанию", "active": true}}, {"model": "work.discriminationinvariousareas", "pk": 9, "fields": {"name": "Доступ к членству в объединениях работников или работодателей и к участию в их делах", "active": true}}, {"model": "work.discriminationinvariousareas", "pk": 10, "fields": {"name": "Другое", "active": true}}, {"model": "work.publicpolicydiscrimination", "pk": 1, "fields": {"name": "Отказ от разработки и проведения государственной политики", "active": true}}, {"model": "work.publicpolicydiscrimination", "pk": 2, "fields": {"name": "Нарушения в сфере антидискриминационного законодательства и практики его применения", "active": true}}, {"model": "work.publicpolicydiscrimination", "pk": 3, "fields": {"name": "Нарушения в сфере социального диалога", "active": true}}, {"model": "work.publicpolicydiscrimination", "pk": 4, "fields": {"name": "Непринятие органами власти мер для предотвращения дискриминации", "active": true}}, {"model": "work.childlabor", "pk": 1, "fields": {"name": "Нарушение положений Конвенции МОТ № 138 «О минимальном возрасте для приема на работу»", "active": true}}, {"model": "work.childlabor", "pk": 2, "fields": {"name": "Нарушения Конвенции МОТ № 182 «О запрещении и немедленных мерах по искоренению наихудших форм детского труда»", "active": true}}, {"model": "work.сonvention138", "pk": 1, "fields": {"name": "Использование труда детей моложе минимального возраста (не опасные работы)", "active": true}}, {"model": "work.сonvention138", "pk": 2, "fields": {"name": "Использование детского труда на опасной работе (ОР)", "active": true}}, {"model": "work.сonvention138", "pk": 3, "fields": {"name": "Нарушения Рекомендации МОТ №146 «О минимальном возрасте для приема на работу»", "active": true}}, {"model": "work.сonvention87", "pk": 1, "fields": {"name": "Нарушение права трудящихся без какого-либо различия создавать организации без предварительного разрешения", "active": true}}, {"model": "work.сonvention87", "pk": 2, "fields": {"name": "Нарушение права свободно создавать профсоюзы и вступать в профсоюзы только лишь на условии подчинения уставу", "active": true}}, {"model": "work.сonvention87", "pk": 3, "fields": {"name": "Нарушение права профсоюза самостоятельно вырабатывать свои уставы и положения", "active": true}}, {"model": "work.сonvention87", "pk": 4, "fields": {"name": "Нарушение права свободно выбирать своих представителей", "active": true}}, {"model": "work.сonvention87", "pk": 5, "fields": {"name": "Нарушения права профсоюза организовывать деятельность своего аппарата", "active": true}}, {"model": "work.сonvention87", "pk": 6, "fields": {"name": "Нарушение права профсоюза свободно организовывать свою деятельность и формулировать свою программу действий", "active": true}}, {"model": "work.сonvention87", "pk": 7, "fields": {"name": "Нарушение права на забастовку", "active": true}}, {"model": "work.сonvention87", "pk": 8, "fields": {"name": "Нарушение права на создание федераций и конфедераций и на вступление в международные организации", "active": true}}, {"model": "work.сonvention87", "pk": 9, "fields": {"name": "Принудительный роспуск и приостановление деятельности профсоюза", "active": true}}, {"model": "work.сonvention98", "pk": 1, "fields": {"name": "Антипрофсоюзная дискриминация", "active": true}}, {"model": "work.сonvention98", "pk": 2, "fields": {"name": "Нарушения права на проведение коллективных переговоров", "active": true}}, {"model": "work.сonvention182", "pk": 1, "fields": {"name": "Привлечение детей к «наихудшим формам детского труда»", "active": true}}, {"model": "work.сonvention182", "pk": 2, "fields": {"name": "Нарушения на уровне государственной политики", "active": true}}, {"model": "work.prohibitionofforcedlabor", "pk": 1, "fields": {"name": "Использование принудительного труда в случаях, прямо запрещенных Конвенциями МОТ №29 и №105", "active": true}}, {"model": "work.prohibitionofforcedlabor", "pk": 2, "fields": {"name": "Косвенное принуждение государством к труду (Рекомендация МОТ № 35 О косвенном принуждении к труду)", "active": true}}, {"model": "work.prohibitionofforcedlabor", "pk": 3, "fields": {"name": "Нарушения при использовании принудительного (обязательного) труда в допустимых случаях (Конвенция МОТ №29 Относительно принудительного или обязательного труда)", "active": true}}, {"model": "work.prohibitionofforcedlabor", "pk": 4, "fields": {"name": "Нарушения, связанные с непринятием государством системных мер", "active": true}}, {"model": "work.useofforcedlabor", "pk": 1, "fields": {"name": "В пользу частных лиц и компаний", "active": true}}, {"model": "work.useofforcedlabor", "pk": 2, "fields": {"name": "Для выполнения подземных работ в шахтах", "active": true}}, {"model": "work.useofforcedlabor", "pk": 3, "fields": {"name": "В качестве коллективного наказания, применяемые к коллективу в целом, за преступления, совершенные какими-либо из его членов", "active": true}}, {"model": "work.useofforcedlabor", "pk": 4, "fields": {"name": "В качестве средства или меры наказания", "active": true}}, {"model": "work.governmentcoercion", "pk": 1, "fields": {"name": "Принятие решений о развитии территорий без учета способности населения к труду, жизненных и трудовых привычек", "active": true}}, {"model": "work.governmentcoercion", "pk": 2, "fields": {"name": "Экономическое давление с целью заставить искать работу по найму", "active": true}}, {"model": "work.governmentcoercion", "pk": 3, "fields": {"name": "Введение ограничений добровольного перехода в иные виды занятости или районы (косвенное принуждение к работе в определенных отраслях или районах)", "active": true}}, {"model": "work.violationsusingcompulsorylabor", "pk": 1, "fields": {"name": "Привлечение к принудительному (обязательному) труду в ситуации, когда отсутствуют условия, позволяющие использовать принудительный труд", "active": true}}, {"model": "work.violationsusingcompulsorylabor", "pk": 2, "fields": {"name": "Привлечение к принудительному труду лиц запрещенных категорий", "active": true}}, {"model": "work.violationsusingcompulsorylabor", "pk": 3, "fields": {"name": "Несоблюдение ограничений при привлечении к принудительному (обязательному труду)", "active": true}}, {"model": "work.violationsusingcompulsorylabor", "pk": 4, "fields": {"name": "Нарушения при оплате принудительного (обязательного) труда", "active": true}}, {"model": "work.violationsusingcompulsorylabor", "pk": 5, "fields": {"name": "Нарушения при несчастных случаях и профзаболеваниях лиц, привлекавшихся к принудительному труду", "active": true}}, {"model": "work.violationsusingcompulsorylabor", "pk": 6, "fields": {"name": "Нарушения в сфере охраны труда (здоровье и безопасность)", "active": true}}, {"model": "work.violationsusingcompulsorylabor", "pk": 7, "fields": {"name": "Нарушения при привлечении к строительным или ремонтным работам на длительное время", "active": true}}, {"model": "work.violationsusingcompulsorylabor", "pk": 8, "fields": {"name": "Нарушения при привлечении к принудительному труду для перевозки лиц или грузов в отсутствие изданной регламентации", "active": true}}, {"model": "work.violationsusingcompulsorylabor", "pk": 9, "fields": {"name": "Нарушения при привлечении к принудительной обработке земли", "active": true}}, {"model": "work.failuresystemicmeasures", "pk": 1, "fields": {"name": "Отсутствие полной регламентации применения принудительного или обязательного труда государством", "active": true}}, {"model": "work.failuresystemicmeasures", "pk": 2, "fields": {"name": "Отсутствие возможности у трудящихся предъявлять претензии по поводу их привлечения к принудительному труду и / или отсутствие гарантий рассмотрения и учета претензий", "active": true}}, {"model": "work.failuresystemicmeasures", "pk": 3, "fields": {"name": "Необеспечение строгого соблюдения правил использования принудительного труда, в частности отсутствие компетентного органа надзора", "active": true}}, {"model": "work.failuresystemicmeasures", "pk": 4, "fields": {"name": "Необеспечение уголовного преследования лиц, незаконно использующих принудительный труд", "active": true}}, {"model": "work.failuresystemicmeasures", "pk": 5, "fields": {"name": "Непринятие мер, предусмотренных в Рекомендации, МОТ № 203", "active": true}}, {"model": "work.casephoto", "pk": 2, "fields": {"photo": "document/2021/08/27/points.xlsx", "card": 4}}, {"model": "work.casephoto", "pk": 3, "fields": {"photo": "document/2021/08/27/card_1_4.docx", "card": 4}}, {"model": "work.casephoto", "pk": 4, "fields": {"photo": "document/2021/08/27/card_1_3.docx", "card": 4}}, {"model": "work.casephoto", "pk": 5, "fields": {"photo": "document/2021/08/27/card_1_2.docx", "card": 4}}, {"model": "work.casephoto", "pk": 6, "fields": {"photo": "document/2021/08/27/card_1_1.docx", "card": 4}}, {"model": "work.casephoto", "pk": 7, "fields": {"photo": "document/2021/08/27/card_1.docx", "card": 4}}, {"model": "work.casephoto", "pk": 8, "fields": {"photo": "document/2021/08/29/card_1257.doc", "card": 6}}, {"model": "work.casephoto", "pk": 11, "fields": {"photo": "document/2021/10/01/photo_2021-10-01_16-28-22.jpg", "card": 12}}, {"model": "work.casephoto", "pk": 12, "fields": {"photo": "document/2021/10/03/photo_2021-10-03_10-59-45.jpg", "card": 13}}, {"model": "work.casephoto", "pk": 13, "fields": {"photo": "document/2021/10/04/20211002_100203.m4a", "card": 14}}, {"model": "work.casephoto", "pk": 14, "fields": {"photo": "document/2021/10/06/photo_2021-10-06_11-00-33.jpg", "card": 19}}, {"model": "work.casephoto", "pk": 15, "fields": {"photo": "document/2021/10/08/20211007_125241.m4a", "card": 32}}, {"model": "work.casephoto", "pk": 16, "fields": {"photo": "document/2021/10/08/photo_2021-10-08_15-41-44.jpg", "card": 33}}, {"model": "work.casephoto", "pk": 17, "fields": {"photo": "document/2021/10/08/photo_2021-10-08_15-41-44_HQGQMyW.jpg", "card": 33}}, {"model": "work.casephoto", "pk": 18, "fields": {"photo": "document/2021/10/09/video_2021-10-09_12-00-59.mp4", "card": 34}}, {"model": "work.casephoto", "pk": 19, "fields": {"photo": "document/2021/10/09/photo_2021-10-09_13-08-43.jpg", "card": 35}}, {"model": "work.casephoto", "pk": 20, "fields": {"photo": "document/2021/10/10/photo_2021-10-10_17-53-24.jpg", "card": 36}}, {"model": "work.casephoto", "pk": 21, "fields": {"photo": "document/2021/10/17/Распоряжение_Гарикова_Д._по_субботнику_г._Семей_16.10.21.docx", "card": 40}}, {"model": "work.casephoto", "pk": 22, "fields": {"photo": "document/2021/10/18/WhatsApp_Image_2021-10-18_at_16.26.37.jpeg", "card": 43}}, {"model": "work.casephoto", "pk": 23, "fields": {"photo": "document/2021/10/18/WhatsApp_Image_2021-10-18_at_16.26.38.jpeg", "card": 43}}, {"model": "work.casephoto", "pk": 24, "fields": {"photo": "document/2021/10/19/Лунёв.pdf", "card": 45}}, {"model": "work.casephoto", "pk": 25, "fields": {"photo": "document/2021/10/19/Школаотказрезол.pdf", "card": 46}}, {"model": "work.casephoto", "pk": 26, "fields": {"photo": "document/2021/10/19/Школаотказрезол_FSqP59c.pdf", "card": 46}}, {"model": "work.casephoto", "pk": 27, "fields": {"photo": "document/2021/10/21/Решение_Куатбекова_Г.У..pdf", "card": 47}}, {"model": "work.casephoto", "pk": 28, "fields": {"photo": "document/2021/10/21/Решение_СВИРДЮКОВ_СЕРГЕЙ_ОЛЕГОВИЧ.pdf", "card": 48}}, {"model": "work.casephoto", "pk": 29, "fields": {"photo": "document/2021/10/24/Решение_Жусупов_Марат.pdf", "card": 49}}, {"model": "work.casefile", "pk": 1, "fields": {"file": "files/work/4/points.xlsx", "card": 4}}, {"model": "work.casefile", "pk": 2, "fields": {"file": "files/work/4/card_1_4.docx", "card": 4}}, {"model": "work.casefile", "pk": 3, "fields": {"file": "files/work/4/card_1_3.docx", "card": 4}}, {"model": "work.casefile", "pk": 4, "fields": {"file": "files/work/4/card_1_2.docx", "card": 4}}, {"model": "work.casefile", "pk": 5, "fields": {"file": "files/work/4/card_1_1.docx", "card": 4}}, {"model": "work.casefile", "pk": 6, "fields": {"file": "files/work/4/card_1.docx", "card": 4}}, {"model": "work.case", "pk": 4, "fields": {"case_name": "Иная важная информация (Другие компании, связанные", "date_create": "2021-08-27T07:20:55.844Z", "date_update": "2021-09-07T09:06:40.618Z", "source_another": null, "source_url": null, "source_content": "", "country": 4, "region": 76, "city_name": "Иная важная информация (Другие компании, связанные с ней, головная компания, подрядчики, поставщики", "case_company_name": "Иная важная информация (Другие компании, связанные с ней, головная компания, подрядчики, поставщики", "groupOfRights": 4, "tradeUnionRight": null, "tradeUnionRightAnother": null, "tradeUnionCrime": null, "tradeUnionCrimeAnother": null, "meetingsRight": null, "meetingsRightAnother": null, "сonvention87": null, "tradeUnionBuildingsRight": null, "tradeUnionBuildingsRightAnother": null, "createOrganizationRight": null, "createOrganizationRightAnother": null, "createTradeUnionRight": null, "createTradeUnionRightAnother": null, "electionsRight": null, "electionsRightAnother": null, "tradeUnionActivityRight": null, "tradeUnionActivityRightAnother": null, "createStrikeRight": null, "createStrikeRightAnother": null, "сonvention98": null, "antiTradeUnionDiscrimination": null, "antiTradeUnionDiscriminationAnother": null, "conversationRight": null, "conversationRightAnother": null, "сonvention135": 4, "сonvention135Another": "start_date", "consultationRight": null, "consultationRightAnother": null, "principleOfNonDiscrimination": null, "discriminatiOnVariousGrounds": null, "discriminationInVariousAreas": null, "discriminationInVariousAreasAnother": null, "publicPolicyDiscrimination": null, "childLabor": null, "сonvention138": null, "convention182": null, "prohibitionOfForcedLabor": null, "useOfForcedLabor": null, "governmentCoercion": null, "violationsUsingCompulsoryLabor": null, "failureSystemicMeasures": null, "start_date": "2021-09-15T18:00:00Z", "end_date": null, "date_type": false, "victim": 2, "tradeUnionInfo": null, "groupOfPersons": null, "intruderAnother": null, "government_agency_name": null, "local_agency_name": null, "police_agency_name": null, "company": null, "exact_data": "", "case_description": "", "tradeunion_actions": "", "case_result": "", "violation_nature": null, "rights_state": null, "rights_state_another": null, "victim_situation": null, "victim_situation_another": null, "tradeUnionSituation": null, "tradeUnionSituation_another": null, "tradeUnionCount": null, "case_text": "", "trade_union_activities": 15, "trade_union_activities_another": null, "user": 1, "active": true, "comment": null, "source": [6], "intruder": [5]}}, {"model": "work.case", "pk": 6, "fields": {"case_name": "Федерация профсоюзов Кыргызстана", "date_create": "2021-08-29T06:38:53.482Z", "date_update": "2021-09-08T08:05:39.896Z", "source_another": null, "source_url": null, "source_content": "", "country": 2, "region": 48, "city_name": "Бишкек", "case_company_name": "Федерация профсоюзов Кыргызстана", "groupOfRights": 2, "tradeUnionRight": null, "tradeUnionRightAnother": null, "tradeUnionCrime": null, "tradeUnionCrimeAnother": null, "meetingsRight": null, "meetingsRightAnother": null, "сonvention87": 1, "tradeUnionBuildingsRight": null, "tradeUnionBuildingsRightAnother": null, "createOrganizationRight": 3, "createOrganizationRightAnother": null, "createTradeUnionRight": null, "createTradeUnionRightAnother": null, "electionsRight": null, "electionsRightAnother": null, "tradeUnionActivityRight": null, "tradeUnionActivityRightAnother": null, "createStrikeRight": null, "createStrikeRightAnother": null, "сonvention98": null, "antiTradeUnionDiscrimination": null, "antiTradeUnionDiscriminationAnother": null, "conversationRight": null, "conversationRightAnother": null, "сonvention135": null, "сonvention135Another": null, "consultationRight": null, "consultationRightAnother": null, "principleOfNonDiscrimination": null, "discriminatiOnVariousGrounds": null, "discriminationInVariousAreas": null, "discriminationInVariousAreasAnother": null, "publicPolicyDiscrimination": null, "childLabor": null, "сonvention138": null, "convention182": null, "prohibitionOfForcedLabor": null, "useOfForcedLabor": null, "governmentCoercion": null, "violationsUsingCompulsoryLabor": null, "failureSystemicMeasures": null, "start_date": "2021-09-22T18:00:00Z", "end_date": null, "date_type": false, "victim": 1, "tradeUnionInfo": 8, "groupOfPersons": null, "intruderAnother": null, "government_agency_name": "Жогорку Кенеш Кыргызской Республики", "local_agency_name": null, "police_agency_name": null, "company": null, "exact_data": "Проект Закона Кыргызской Республики \"О профессиональных союзах\", инициированный депутатами Жогорку Кенеша Кыргызской Республики Толоновым Д.Э., Масабировым Т.А., Асылбаевой Г.К., Примовым У.Б., Тиллаевым Т.Г., Турусбековым Б.С., Гаипкуловым И.Т., Рыспаевым К.Дж., Бакировым М.И", "case_description": "Главная цель этого Закона – формирование централизованного вертикального управления профсоюзной деятельности с усилением полномочий Председателя  ФПК, усложнение процедуры  избрания и отстранения его от должности исключительно съездом ФПК сроком на 5 лет, отсутствие основания для досрочного освобождения председателя от должности и ряда других негативных изменений, в части таких как добровольность вступления в профсоюзные организации и их объединения,  принцип федерализма и равноправия членских организаций, принцип подотчетности выборных профсоюзных органов. Закон противоречит ст.3,7 Конвенции МОТ №87 о праве членских организаций вырабатывать свои Уставы и административные регламенты, свободно выбирать своих представителей, организовывать свой аппарат и свою деятельность и формулировать свою программу действий. С усилением полномочий  в проекте Закона председатель наделяется единоличным правом распоряжаться профсоюзной собственностью, назначать членов Совета и других профсоюзных органов.", "tradeunion_actions": "Были направлены возражение против данного законопроекта от многих Международных профсоюзных объединений, отраслевых профсоюзных организаций и первичных профсоюзных организаций.", "case_result": "На сегодняшний день проект Закона \"О профессиональных союзах\" должны рассмотреть на втором чтении в ЖК КР.", "violation_nature": 2, "rights_state": 2, "rights_state_another": null, "victim_situation": 1, "victim_situation_another": null, "tradeUnionSituation": 1, "tradeUnionSituation_another": null, "tradeUnionCount": 1, "case_text": "", "trade_union_activities": null, "trade_union_activities_another": null, "user": 1, "active": true, "comment": null, "source": [4], "intruder": [1]}}, {"model": "work.case", "pk": 9, "fields": {"case_name": "харасмент", "date_create": "2021-08-29T07:06:55.823Z", "date_update": "2021-08-29T07:06:55.823Z", "source_another": null, "source_url": null, "source_content": "", "country": 2, "region": 56, "city_name": "Кант", "case_company_name": "пивная бочка", "groupOfRights": 6, "tradeUnionRight": null, "tradeUnionRightAnother": null, "tradeUnionCrime": null, "tradeUnionCrimeAnother": null, "meetingsRight": null, "meetingsRightAnother": null, "сonvention87": null, "tradeUnionBuildingsRight": null, "tradeUnionBuildingsRightAnother": null, "createOrganizationRight": null, "createOrganizationRightAnother": null, "createTradeUnionRight": null, "createTradeUnionRightAnother": null, "electionsRight": null, "electionsRightAnother": null, "tradeUnionActivityRight": null, "tradeUnionActivityRightAnother": null, "createStrikeRight": null, "createStrikeRightAnother": null, "сonvention98": null, "antiTradeUnionDiscrimination": null, "antiTradeUnionDiscriminationAnother": null, "conversationRight": null, "conversationRightAnother": null, "сonvention135": null, "сonvention135Another": null, "consultationRight": null, "consultationRightAnother": null, "principleOfNonDiscrimination": 1, "discriminatiOnVariousGrounds": 2, "discriminationInVariousAreas": null, "discriminationInVariousAreasAnother": null, "publicPolicyDiscrimination": null, "childLabor": null, "сonvention138": null, "convention182": null, "prohibitionOfForcedLabor": null, "useOfForcedLabor": null, "governmentCoercion": null, "violationsUsingCompulsoryLabor": null, "failureSystemicMeasures": null, "start_date": "2020-06-14T18:00:00Z", "end_date": "2020-07-24T18:00:00Z", "date_type": false, "victim": 2, "tradeUnionInfo": null, "groupOfPersons": null, "intruderAnother": null, "government_agency_name": null, "local_agency_name": null, "police_agency_name": null, "company": null, "exact_data": "Девушка устроилась продавцов в \"Пивную бочку\" продавцом на лето.", "case_description": "Девушка работала сменами, начальник приходил каждый вечер и снимал кассу. Делал комплементы. С каждым разом комплементы становились все более навязчивыми. В итоге он начал приставать и предлагать секс.", "tradeunion_actions": "Не член профсоюза", "case_result": "Девушка уволилась по собственному желанию. Ни куда не жаловалась.", "violation_nature": 1, "rights_state": 2, "rights_state_another": null, "victim_situation": 3, "victim_situation_another": null, "tradeUnionSituation": null, "tradeUnionSituation_another": null, "tradeUnionCount": null, "case_text": "", "trade_union_activities": null, "trade_union_activities_another": null, "user": 1, "active": true, "comment": null, "source": [2], "intruder": [4]}}, {"model": "work.case", "pk": 12, "fields": {"case_name": "Нам не выплачивают положенную сумму", "date_create": "2021-10-01T11:29:45.999Z", "date_update": "2021-10-01T11:29:45.999Z", "source_another": null, "source_url": "Телеграм канал радио Озодлик     https://t.me/sizdantelegram/36708", "source_content": "Карши. В бывшем здании Банк-колледжа теперь расположен институт Каршинский инженерно-экономический  институт. Мы устно договорились  с владельцами ремонтной фирмы по имени Юля и Алишер о ремонте верхней части институтского здания.  Работу закончили в договорные сроки и качественно.  Во время работы получили только половину договоренной суммы. Но выплату оставшейся суммы в 17 млн сум заказщики под разными предлогами тянут вот уже три месяца. Просим надлежащие инстанции  помочь нам получить наши заработанные деьги.\r\n\r\n                                                    https://t.me/sizdantelegram/36708", "country": 6, "region": 89, "city_name": "город Карши", "case_company_name": "Строительная фирма", "groupOfRights": 6, "tradeUnionRight": null, "tradeUnionRightAnother": null, "tradeUnionCrime": null, "tradeUnionCrimeAnother": null, "meetingsRight": null, "meetingsRightAnother": null, "сonvention87": null, "tradeUnionBuildingsRight": null, "tradeUnionBuildingsRightAnother": null, "createOrganizationRight": null, "createOrganizationRightAnother": null, "createTradeUnionRight": null, "createTradeUnionRightAnother": null, "electionsRight": null, "electionsRightAnother": null, "tradeUnionActivityRight": null, "tradeUnionActivityRightAnother": null, "createStrikeRight": null, "createStrikeRightAnother": null, "сonvention98": null, "antiTradeUnionDiscrimination": null, "antiTradeUnionDiscriminationAnother": null, "conversationRight": null, "conversationRightAnother": null, "сonvention135": null, "сonvention135Another": null, "consultationRight": null, "consultationRightAnother": null, "principleOfNonDiscrimination": 2, "discriminatiOnVariousGrounds": null, "discriminationInVariousAreas": 5, "discriminationInVariousAreasAnother": null, "publicPolicyDiscrimination": null, "childLabor": null, "сonvention138": null, "convention182": null, "prohibitionOfForcedLabor": null, "useOfForcedLabor": null, "governmentCoercion": null, "violationsUsingCompulsoryLabor": null, "failureSystemicMeasures": null, "start_date": "2021-06-30T18:00:00Z", "end_date": "2021-09-29T18:00:00Z", "date_type": true, "victim": 3, "tradeUnionInfo": null, "groupOfPersons": 3, "intruderAnother": null, "government_agency_name": null, "local_agency_name": null, "police_agency_name": null, "company": null, "exact_data": "30.09.2021.  В телеграм канал Радио Озодлик поступило сообщение от нанятых работников строительной фирмы города Карши Кашкадарьинской области о невыплате заробанной суммы со стороны фирмы работникам.", "case_description": "Карши. В бывшем здании Банк-колледжа теперь расположен институт Каршинский инженерно-экономический  институт. Мы устно договорились  с владельцами ремонтной фирмы по имени Юля и Алишер о ремонте верхней части институтского здания.  Работу закончили в договорные сроки и качественно.  Во время работы получили только половину договоренной суммы. Но выплату оставшейся суммы в 17 млн сум заказщики под разными предлогами тянут вот уже три месяца. Просим надлежащие инстанции  помочь нам получить наши заработанные деьги.\r\n\r\n                                                    https://t.me/sizdantelegram/36708", "tradeunion_actions": "не состоят в просоюзе", "case_result": "на стадии", "violation_nature": 2, "rights_state": 4, "rights_state_another": "на стадии", "victim_situation": 3, "victim_situation_another": null, "tradeUnionSituation": 4, "tradeUnionSituation_another": "не состоят в профсоюзе", "tradeUnionCount": 3, "case_text": "", "trade_union_activities": 19, "trade_union_activities_another": "не состоят в профссоюзе", "user": 15, "active": true, "comment": null, "source": [3], "intruder": [4]}}, {"model": "work.case", "pk": 13, "fields": {"case_name": "Директор потребовала деньги за ремонт школы", "date_create": "2021-10-03T06:00:33.041Z", "date_update": "2021-10-03T06:00:33.041Z", "source_another": null, "source_url": "Телеграм канал радио Озодлик     https://t.me/sizdantelegram/36708", "source_content": "“Таъмирга 300 мингдан берасизлар. Хоҳланг, ҳомий топинг, хоҳланг, ёнингиздан тўланг!” – Cамарқанд вилояти Ургут туманидаги 54-мактаб директори ўқитувчилардан пул талаб қилди.\r\n\r\n   Перевод:    ,,За ремонт отдадите по 300 тысяч сум. Хотите найдите спонсора , хотите выкладыватесь сами!\" -- директор школы №54 Ургутского района Самаркандской области потребовала деньги у преподавателей. (имеется аудио) \r\n\r\n                      https://t.me/sizdantelegram/36751", "country": 6, "region": 93, "city_name": "Ургутский район", "case_company_name": "Общеобразовательная школа №54", "groupOfRights": 6, "tradeUnionRight": null, "tradeUnionRightAnother": null, "tradeUnionCrime": null, "tradeUnionCrimeAnother": null, "meetingsRight": null, "meetingsRightAnother": null, "сonvention87": null, "tradeUnionBuildingsRight": null, "tradeUnionBuildingsRightAnother": null, "createOrganizationRight": null, "createOrganizationRightAnother": null, "createTradeUnionRight": null, "createTradeUnionRightAnother": null, "electionsRight": null, "electionsRightAnother": null, "tradeUnionActivityRight": null, "tradeUnionActivityRightAnother": null, "createStrikeRight": null, "createStrikeRightAnother": null, "сonvention98": null, "antiTradeUnionDiscrimination": null, "antiTradeUnionDiscriminationAnother": null, "conversationRight": null, "conversationRightAnother": null, "сonvention135": null, "сonvention135Another": null, "consultationRight": null, "consultationRightAnother": null, "principleOfNonDiscrimination": 1, "discriminatiOnVariousGrounds": 1, "discriminationInVariousAreas": null, "discriminationInVariousAreasAnother": null, "publicPolicyDiscrimination": null, "childLabor": null, "сonvention138": null, "convention182": null, "prohibitionOfForcedLabor": null, "useOfForcedLabor": null, "governmentCoercion": null, "violationsUsingCompulsoryLabor": null, "failureSystemicMeasures": null, "start_date": "2021-09-30T18:00:00Z", "end_date": null, "date_type": false, "victim": 3, "tradeUnionInfo": null, "groupOfPersons": 4, "intruderAnother": null, "government_agency_name": null, "local_agency_name": null, "police_agency_name": null, "company": null, "exact_data": "01.10.2021. Директор школы №54 Ургутского района Самаркандской области потребовала от преподавателей деьнги за ремонт школы.", "case_description": "За ремонт школы отдадте по 300 тысяч сум. Хотите найдите себе спонсоров , хотите выкладывайте сами, потребовала на собрании диретор 54-школы от преподавателей.  (к сообщению приложено аудио)\r\n \r\nhttps://t.me/sizdantelegram/36751", "tradeunion_actions": "об обращениях в профсоюз информаций нет", "case_result": "на стадии", "violation_nature": 2, "rights_state": 4, "rights_state_another": "на стадии", "victim_situation": 1, "victim_situation_another": null, "tradeUnionSituation": 2, "tradeUnionSituation_another": null, "tradeUnionCount": 3, "case_text": "", "trade_union_activities": 3, "trade_union_activities_another": null, "user": 15, "active": true, "comment": null, "source": [3], "intruder": [4]}}, {"model": "work.case", "pk": 14, "fields": {"case_name": "Азимбай Атаниязов", "date_create": "2021-10-04T05:31:29.424Z", "date_update": "2021-10-04T05:31:29.424Z", "source_another": null, "source_url": null, "source_content": "", "country": 6, "region": 92, "city_name": "Амударьинский район", "case_company_name": "Хокимият Амударьинского района", "groupOfRights": 6, "tradeUnionRight": null, "tradeUnionRightAnother": null, "tradeUnionCrime": null, "tradeUnionCrimeAnother": null, "meetingsRight": null, "meetingsRightAnother": null, "сonvention87": null, "tradeUnionBuildingsRight": null, "tradeUnionBuildingsRightAnother": null, "createOrganizationRight": null, "createOrganizationRightAnother": null, "createTradeUnionRight": null, "createTradeUnionRightAnother": null, "electionsRight": null, "electionsRightAnother": null, "tradeUnionActivityRight": null, "tradeUnionActivityRightAnother": null, "createStrikeRight": null, "createStrikeRightAnother": null, "сonvention98": null, "antiTradeUnionDiscrimination": null, "antiTradeUnionDiscriminationAnother": null, "conversationRight": null, "conversationRightAnother": null, "сonvention135": null, "сonvention135Another": null, "consultationRight": null, "consultationRightAnother": null, "principleOfNonDiscrimination": 1, "discriminatiOnVariousGrounds": 1, "discriminationInVariousAreas": null, "discriminationInVariousAreasAnother": null, "publicPolicyDiscrimination": null, "childLabor": null, "сonvention138": null, "convention182": null, "prohibitionOfForcedLabor": null, "useOfForcedLabor": null, "governmentCoercion": null, "violationsUsingCompulsoryLabor": null, "failureSystemicMeasures": null, "start_date": "2021-09-29T18:00:00Z", "end_date": null, "date_type": false, "victim": 3, "tradeUnionInfo": null, "groupOfPersons": 5, "intruderAnother": null, "government_agency_name": null, "local_agency_name": "Хокимият Амударьинского района  Республики Каракалпакстан", "police_agency_name": null, "company": null, "exact_data": "30.09.2021. Давший интервью монторам фермер пожаловался на давление со стороны местной власти. Амударьинский район Республики Каракалпакстан.", "case_description": "3-кейс с Амударьинского района\r\nБеседа с фермером Алишер.  Ф-хозяйство ,,Анвар-Маъсуда»\r\nОбщая территория земель 180 гектаров. Из них 82 гектара посевных полей.\r\nДоговор составил с ,,Аму кластером» на поставку 89 тонн хлопка. Может выполнить только 60 тонн из-за проблем с водой. \r\n  Копию договора не имеет на руках. \r\n В прошлом году платили по 4900 сум за тонну. В этом году цену на хлопок в договоре не указали, но говорят теперь , что цена будет по 7200 сум за тонну.\r\n Кто, исходя из чего назначает цену на хлопок мы не знаем, наверное это делает Хаитов, начальник сообщества фермеров,-- говорит фермер Алишер. \r\n Каждый год выполнял договорной план. В этом году вот такая проблема с водой.\r\nВ прошлом году прибыль от хлопка была около 30 млн сум.\r\nХимические удобрения теперь покупаем сами у частных поставщиков в отличии от прошлых лет, когда этим занимался кластер. Раньше хим-удобрения получали только у ,,Узсельхозхимии» Они делали разные махинации , чтобы повысить сумму на удобрения в отличии от изначальных цен. Так было в прошлые годы. \r\n44 гектаров хлопка. Из них только 14 гектаров удалось оросить и то не во время. Остальные 30 гектаров не орошалось ни разу. Поливную воду забирают на рисовые поля, хозяева которых не составляли договора с водным хозяйством на поставку им воды. После кончины прежнего хокима района Ражаббая Юлдашева  на его месте сейчас работает его сын. Система в аграрной системе вышла из под  контролья, говорит фермер Алишер. Рис посеяли и военные, и вышестоящие чиновники на землях фермеров , сами фермеры. И таким образом предназначенная для орошения хлопка вода почти полностью освоилась теневыми хозяевами незаконно посеянных более 100 гектаров рисовых полей. Эти рисовые поля находятся в начале оросительной системы. Таким образом и так недостающая вода", "tradeunion_actions": "фермеры не состоят в профсоюзе", "case_result": "нак стадии", "violation_nature": 2, "rights_state": 4, "rights_state_another": "на стадии", "victim_situation": 1, "victim_situation_another": null, "tradeUnionSituation": 2, "tradeUnionSituation_another": null, "tradeUnionCount": 3, "case_text": "Загружено аудио с респандентом фермером Алишер", "trade_union_activities": 19, "trade_union_activities_another": "не состоят в профссоюзе", "user": 15, "active": true, "comment": null, "source": [2], "intruder": [2]}}, {"model": "work.case", "pk": 15, "fields": {"case_name": "Не выплата заработной платы", "date_create": "2021-10-04T07:21:23.060Z", "date_update": "2021-10-08T05:31:13.293Z", "source_another": "Родственница", "source_url": null, "source_content": "", "country": 3, "region": 59, "city_name": "Шымкент", "case_company_name": "Индивидуальный предприниматель", "groupOfRights": 6, "tradeUnionRight": null, "tradeUnionRightAnother": null, "tradeUnionCrime": null, "tradeUnionCrimeAnother": null, "meetingsRight": null, "meetingsRightAnother": null, "сonvention87": null, "tradeUnionBuildingsRight": null, "tradeUnionBuildingsRightAnother": null, "createOrganizationRight": null, "createOrganizationRightAnother": null, "createTradeUnionRight": null, "createTradeUnionRightAnother": null, "electionsRight": null, "electionsRightAnother": null, "tradeUnionActivityRight": null, "tradeUnionActivityRightAnother": null, "createStrikeRight": null, "createStrikeRightAnother": null, "сonvention98": null, "antiTradeUnionDiscrimination": null, "antiTradeUnionDiscriminationAnother": null, "conversationRight": null, "conversationRightAnother": null, "сonvention135": null, "сonvention135Another": null, "consultationRight": null, "consultationRightAnother": null, "principleOfNonDiscrimination": 2, "discriminatiOnVariousGrounds": null, "discriminationInVariousAreas": 5, "discriminationInVariousAreasAnother": null, "publicPolicyDiscrimination": null, "childLabor": null, "сonvention138": null, "convention182": null, "prohibitionOfForcedLabor": null, "useOfForcedLabor": null, "governmentCoercion": null, "violationsUsingCompulsoryLabor": null, "failureSystemicMeasures": null, "start_date": "2021-08-03T18:00:00Z", "end_date": null, "date_type": false, "victim": 2, "tradeUnionInfo": null, "groupOfPersons": null, "intruderAnother": null, "government_agency_name": null, "local_agency_name": null, "police_agency_name": null, "company": null, "exact_data": "Индивидуальный предприниматель, имеет бутик на рынке \"Самал\" г. Шымкента.", "case_description": "Индивидуальный предприниматель, имеет бутик на рынке \"Самал\" г. Шымкента. Приняла на работу Сайыпову К., которой первое время выплачивала заработную плату, в мае 2021 года сообщила, что у Сайыповой К. недостача, перестала ей платить з/п.  В августе 2021 года Сайыпова К. сообщила работодателю, что не будет работать, хозяйка бутика написала заявление о краже в полицию, на Сайыпову К. начато досудебное производство.\r\nРаботодатель при принятии на работу Сайыпову К. не заключила трудовой договор.", "tradeunion_actions": "В профсоюзе не состоит. Юристом КМБПЧ оказана юридическая консультация родственнице, которая приехала с г. Байконур, даны контакты адвокатов для защиты интересов Сайыповой К. в уголовном деле.", "case_result": "Еще не завершилось", "violation_nature": 2, "rights_state": 2, "rights_state_another": null, "victim_situation": 4, "victim_situation_another": "Начато досудебное производство", "tradeUnionSituation": null, "tradeUnionSituation_another": null, "tradeUnionCount": null, "case_text": "", "trade_union_activities": 17, "trade_union_activities_another": null, "user": 29, "active": true, "comment": null, "source": [10], "intruder": [4]}}, {"model": "work.case", "pk": 16, "fields": {"case_name": "Предоставление отпуска", "date_create": "2021-10-05T15:15:48.443Z", "date_update": "2021-10-25T08:16:34.497Z", "source_another": null, "source_url": null, "source_content": "", "country": 3, "region": 69, "city_name": "Костанай", "case_company_name": "Заявитель не сообщил наименование организации", "groupOfRights": 3, "tradeUnionRight": null, "tradeUnionRightAnother": null, "tradeUnionCrime": null, "tradeUnionCrimeAnother": null, "meetingsRight": null, "meetingsRightAnother": null, "сonvention87": null, "tradeUnionBuildingsRight": null, "tradeUnionBuildingsRightAnother": null, "createOrganizationRight": null, "createOrganizationRightAnother": null, "createTradeUnionRight": null, "createTradeUnionRightAnother": null, "electionsRight": null, "electionsRightAnother": null, "tradeUnionActivityRight": null, "tradeUnionActivityRightAnother": null, "createStrikeRight": null, "createStrikeRightAnother": null, "сonvention98": 2, "antiTradeUnionDiscrimination": null, "antiTradeUnionDiscriminationAnother": null, "conversationRight": 5, "conversationRightAnother": null, "сonvention135": null, "сonvention135Another": null, "consultationRight": null, "consultationRightAnother": null, "principleOfNonDiscrimination": null, "discriminatiOnVariousGrounds": null, "discriminationInVariousAreas": null, "discriminationInVariousAreasAnother": null, "publicPolicyDiscrimination": null, "childLabor": null, "сonvention138": null, "convention182": null, "prohibitionOfForcedLabor": null, "useOfForcedLabor": null, "governmentCoercion": null, "violationsUsingCompulsoryLabor": null, "failureSystemicMeasures": null, "start_date": "2021-07-31T18:00:00Z", "end_date": null, "date_type": false, "victim": 2, "tradeUnionInfo": null, "groupOfPersons": null, "intruderAnother": null, "government_agency_name": null, "local_agency_name": null, "police_agency_name": null, "company": null, "exact_data": "август 2021г. - гражданин РК, мужчина обратился с просьбой предоставить консультацию о порядке предоставления очередного отпуска. Заявитель сообщил, что работодатель отказывается предоставлять отпуск в размере 24 календарных дней  работнику.  Работнику предложено выйти в отпуск 2 раза по 12 календарных дней.", "case_description": "", "tradeunion_actions": "", "case_result": "После предоставления консультации  заявитель повторно не обращался", "violation_nature": 2, "rights_state": 4, "rights_state_another": null, "victim_situation": 1, "victim_situation_another": null, "tradeUnionSituation": null, "tradeUnionSituation_another": null, "tradeUnionCount": null, "case_text": "", "trade_union_activities": 8, "trade_union_activities_another": null, "user": 21, "active": true, "comment": null, "source": [1], "intruder": [4]}}, {"model": "work.case", "pk": 17, "fields": {"case_name": "Информация со СМИ: Расторжение трудового договора", "date_create": "2021-10-05T15:24:01.177Z", "date_update": "2021-10-05T15:24:01.177Z", "source_another": null, "source_url": "сми   https://www.instagram.com/p/CRMSjZ5NgQj/?utm_medium=copy_link", "source_content": "Укравшая пособие постояльца Экибастузского Центра ресоциализации лиц, оказавшихся в трудной жизненной ситуации, восстановилась и продолжит работу, передает КазТАГ.\r\n«Исковое заявление И. к о признании и отмене приказа о расторжении трудового договора, восстановлении на работе, взыскании заработной платы со дня увольнения по день фактического восстановления на работе и компенсации морального вреда – удовлетворить частично», - решил городской суд Экибастуза.\r\nСуд отменил приказ о расторжении трудового договора с укравшей пособие, решив восстановив ее в должности специалиста по социальной работе. Кроме того, с центра взыскивается в пользу соцработника зарплата со дня увольнения по день восстановления на работе в размере Т360 549, а также компенсация морального вреда – Т50 тыс., расходы по оплате помощи представителя Т150 тыс. и в доход государства – госпошлина Т10 816.\r\nИзвестно, что женщина работала в центре инспектором по кадрам с 30 мая 2013 года. Кроме того, с октября 2018 года за доплату выполняла дополнительную работу специалиста по социальной работе. \r\nВ феврале 2021 года на сотрудницу центра было возбуждено уголовное дело по факту мошенничества, но производство по уголовному делу было прекращено в связи с примирением сторон.\r\n15 марта 2021 года на основании приказа с женщиной был расторгнут трудовой договор. Она обратилась в суд с иском. \r\nНапомним, 25 мая КазТАГ сообщал, что факт кражи пособия у постояльца центра подтвердили в отделе занятости и социальных программ акимата Экибастуза. Потерпевшему был возмещен причиненный ущерб в полном объеме, дело было прекращено в связи с примирением сторон.", "country": 3, "region": 72, "city_name": "Экибастуз", "case_company_name": "КГУ «Центр ресоциализации лиц, оказавшихся в трудной жизненной ситуации» г.Экибастуз", "groupOfRights": 3, "tradeUnionRight": null, "tradeUnionRightAnother": null, "tradeUnionCrime": null, "tradeUnionCrimeAnother": null, "meetingsRight": null, "meetingsRightAnother": null, "сonvention87": null, "tradeUnionBuildingsRight": null, "tradeUnionBuildingsRightAnother": null, "createOrganizationRight": null, "createOrganizationRightAnother": null, "createTradeUnionRight": null, "createTradeUnionRightAnother": null, "electionsRight": null, "electionsRightAnother": null, "tradeUnionActivityRight": null, "tradeUnionActivityRightAnother": null, "createStrikeRight": null, "createStrikeRightAnother": null, "сonvention98": 2, "antiTradeUnionDiscrimination": null, "antiTradeUnionDiscriminationAnother": null, "conversationRight": 3, "conversationRightAnother": null, "сonvention135": null, "сonvention135Another": null, "consultationRight": null, "consultationRightAnother": null, "principleOfNonDiscrimination": null, "discriminatiOnVariousGrounds": null, "discriminationInVariousAreas": null, "discriminationInVariousAreasAnother": null, "publicPolicyDiscrimination": null, "childLabor": null, "сonvention138": null, "convention182": null, "prohibitionOfForcedLabor": null, "useOfForcedLabor": null, "governmentCoercion": null, "violationsUsingCompulsoryLabor": null, "failureSystemicMeasures": null, "start_date": "2021-02-04T18:00:00Z", "end_date": null, "date_type": true, "victim": 2, "tradeUnionInfo": null, "groupOfPersons": null, "intruderAnother": null, "government_agency_name": null, "local_agency_name": null, "police_agency_name": null, "company": null, "exact_data": "КГУ «Центр ресоциализации лиц, оказавшихся в трудной жизненной ситуации» отдела занятости и социальных программ акимата Экибастуза.", "case_description": "В феврале 2021 года на сотрудницу центра было возбуждено уголовное дело по факту мошенничества, но производство по уголовному делу было прекращено в связи с примирением сторон.", "tradeunion_actions": "15 марта 2021 года на основании приказа с женщиной был расторгнут трудовой договор. Она обратилась в суд с иском.", "case_result": "Суд отменил приказ о расторжении трудового договора с укравшей пособие, решив восстановив ее в должности специалиста по социальной работе. Кроме того, с центра взыскивается в пользу соцработника зарплата со дня увольнения по день восстановления на работе в размере Т360 549, а также компенсация морального вреда – Т50 тыс., расходы по оплате помощи представителя Т150 тыс. и в доход государства – госпошлина Т10 816.\r\nИзвестно, что женщина работала в центре инспектором по кадрам с 30 мая 2013 года. Кроме того, с октября 2018 года за доплату выполняла дополнительную работу специалиста по социальной работе.", "violation_nature": 1, "rights_state": 1, "rights_state_another": null, "victim_situation": 1, "victim_situation_another": null, "tradeUnionSituation": 1, "tradeUnionSituation_another": null, "tradeUnionCount": 3, "case_text": "https://www.instagram.com/p/CRMSjZ5NgQj/?utm_medium=copy_link", "trade_union_activities": null, "trade_union_activities_another": null, "user": 22, "active": true, "comment": null, "source": [1, 2, 3, 5], "intruder": [4]}}, {"model": "work.case", "pk": 18, "fields": {"case_name": "невыдача расчета при увольнении", "date_create": "2021-10-05T16:39:25.718Z", "date_update": "2021-10-05T16:39:25.718Z", "source_another": null, "source_url": null, "source_content": "", "country": 3, "region": 67, "city_name": "Уральск", "case_company_name": "ИП Ветрова", "groupOfRights": 6, "tradeUnionRight": null, "tradeUnionRightAnother": null, "tradeUnionCrime": null, "tradeUnionCrimeAnother": null, "meetingsRight": null, "meetingsRightAnother": null, "сonvention87": null, "tradeUnionBuildingsRight": null, "tradeUnionBuildingsRightAnother": null, "createOrganizationRight": null, "createOrganizationRightAnother": null, "createTradeUnionRight": null, "createTradeUnionRightAnother": null, "electionsRight": null, "electionsRightAnother": null, "tradeUnionActivityRight": null, "tradeUnionActivityRightAnother": null, "createStrikeRight": null, "createStrikeRightAnother": null, "сonvention98": null, "antiTradeUnionDiscrimination": null, "antiTradeUnionDiscriminationAnother": null, "conversationRight": null, "conversationRightAnother": null, "сonvention135": null, "сonvention135Another": null, "consultationRight": null, "consultationRightAnother": null, "principleOfNonDiscrimination": 2, "discriminatiOnVariousGrounds": null, "discriminationInVariousAreas": 4, "discriminationInVariousAreasAnother": null, "publicPolicyDiscrimination": null, "childLabor": null, "сonvention138": null, "convention182": null, "prohibitionOfForcedLabor": null, "useOfForcedLabor": null, "governmentCoercion": null, "violationsUsingCompulsoryLabor": null, "failureSystemicMeasures": null, "start_date": "2021-09-30T18:00:00Z", "end_date": null, "date_type": false, "victim": 2, "tradeUnionInfo": null, "groupOfPersons": null, "intruderAnother": null, "government_agency_name": null, "local_agency_name": null, "police_agency_name": null, "company": null, "exact_data": "Уральск, октябрь 2021 год", "case_description": "Обратившаяся девушка позвонив по телефону, пояснила что работает в ИП Ветрова. Данная организация оказывает юридические услуги населению. Со слов девушки с ней был заключен трудовой договор, но с указанием минимальной заработной платы, остальной первый месяц ей выплачивалось в конверте. В конце второго месяца, когда подходило время получения заработной платы за отработанное время, ей в грубой форме с применением ненормативной лексики было объявлено об ее увольнении. Девушка начав требовать выплаты ей причитающийся заработной платы, получила ответ о том, что не стоит угрожать и хозяйка не кого не боится. \r\nЗаявительнице были даны устные консультации.", "tradeunion_actions": "в ИП профсоюза нет.", "case_result": "Сегодня стало известно, о том, что хозяйку ИП задержали по уголовному делу и поместили в СИЗО.", "violation_nature": 1, "rights_state": 3, "rights_state_another": null, "victim_situation": 2, "victim_situation_another": null, "tradeUnionSituation": null, "tradeUnionSituation_another": null, "tradeUnionCount": null, "case_text": "", "trade_union_activities": null, "trade_union_activities_another": null, "user": 25, "active": true, "comment": null, "source": [2], "intruder": [4]}}, {"model": "work.case", "pk": 19, "fields": {"case_name": "Директор школы привлек к принудительному труду", "date_create": "2021-10-06T06:01:48.289Z", "date_update": "2021-10-06T06:01:48.289Z", "source_another": null, "source_url": "Телеграм канал радио Озодлик     https://t.me/sizdantelegram/36708", "source_content": "По раньее опубликованной статье на канале   http://t.me/sizdantelegram  о том , что в школе для одаренных детей ,,Баркамол Авлод\" Гурленского района Хорезмской области, приехавшие проверяющие из разных инстанций. Но факт принуждения со стороны директора школы не подтвердился, потому что , директор под угрозой увольнения заставил учителей написать объяснительные, о том что принудительно труда не было. Проверяющая группа закрыло дело на основании этих объяснительных. Просим провести повторное тшательное расследование и принять меры. ( на раньее опубликованном сообщении было видео с доказательством, на котором четко было видно , что стоящие в ряд преподаватели и ученики передают кирпичи по цепи друг другу. То же видео приложено и к этому сообщению)", "country": 6, "region": 98, "city_name": "Гурленский район", "case_company_name": "Школа для одаренных детей ,,Баркамол Авлод\"", "groupOfRights": 6, "tradeUnionRight": null, "tradeUnionRightAnother": null, "tradeUnionCrime": null, "tradeUnionCrimeAnother": null, "meetingsRight": null, "meetingsRightAnother": null, "сonvention87": null, "tradeUnionBuildingsRight": null, "tradeUnionBuildingsRightAnother": null, "createOrganizationRight": null, "createOrganizationRightAnother": null, "createTradeUnionRight": null, "createTradeUnionRightAnother": null, "electionsRight": null, "electionsRightAnother": null, "tradeUnionActivityRight": null, "tradeUnionActivityRightAnother": null, "createStrikeRight": null, "createStrikeRightAnother": null, "сonvention98": null, "antiTradeUnionDiscrimination": null, "antiTradeUnionDiscriminationAnother": null, "conversationRight": null, "conversationRightAnother": null, "сonvention135": null, "сonvention135Another": null, "consultationRight": null, "consultationRightAnother": null, "principleOfNonDiscrimination": 1, "discriminatiOnVariousGrounds": 1, "discriminationInVariousAreas": null, "discriminationInVariousAreasAnother": null, "publicPolicyDiscrimination": null, "childLabor": null, "сonvention138": null, "convention182": null, "prohibitionOfForcedLabor": null, "useOfForcedLabor": null, "governmentCoercion": null, "violationsUsingCompulsoryLabor": null, "failureSystemicMeasures": null, "start_date": "2021-10-04T18:00:00Z", "end_date": null, "date_type": false, "victim": 3, "tradeUnionInfo": null, "groupOfPersons": 6, "intruderAnother": null, "government_agency_name": null, "local_agency_name": null, "police_agency_name": null, "company": null, "exact_data": "05.10.2021.  Преподавателей школы для одаренных детей ,,Баркамол авлод\" Гурленского района Хорезмской области привлекли к принудительному труду. Затем заставили написать объянительные о том , что не было принудительного труда под угрозой увольнения.", "case_description": "По раньее опубликованной статье на канале   http://t.me/sizdantelegram  о том , что в школе для одаренных детей ,,Баркамол Авлод\" Гурленского района Хорезмской области, приехавшие проверяющие из разных инстанций. Но факт принуждения со стороны директора школы не подтвердился, потому что , директор под угрозой увольнения заставил учителей написать объяснительные, о том что принудительно труда не было. Проверяющая группа закрыло дело на основании этих объяснительных. Просим провести повторное тшательное расследование и принять меры. ( на раньее опубликованном сообщении было видео с доказательством, на котором четко было видно , что стоящие в ряд преподаватели и ученики передают кирпичи по цепи друг другу. То же видео приложено и к этому сообщению)\r\n\r\n                                        https://t.me/sizdantelegram/36794", "tradeunion_actions": "об обращениях в пофсоюз информаций нет", "case_result": "на стадии", "violation_nature": 2, "rights_state": 2, "rights_state_another": null, "victim_situation": 1, "victim_situation_another": null, "tradeUnionSituation": 2, "tradeUnionSituation_another": null, "tradeUnionCount": 3, "case_text": "", "trade_union_activities": 3, "trade_union_activities_another": null, "user": 15, "active": true, "comment": null, "source": [3], "intruder": [4]}}, {"model": "work.case", "pk": 24, "fields": {"case_name": "Тест три", "date_create": "2021-10-08T06:26:27.429Z", "date_update": "2021-10-08T06:41:53.840Z", "source_another": null, "source_url": null, "source_content": "Частный колледж \"Отличник\" избавляется от пенсионеров, увольняет недовольных.", "country": 3, "region": 57, "city_name": "Нур-Султан", "case_company_name": "частный колледж \"Отличник\"", "groupOfRights": 6, "tradeUnionRight": null, "tradeUnionRightAnother": null, "tradeUnionCrime": null, "tradeUnionCrimeAnother": null, "meetingsRight": null, "meetingsRightAnother": null, "сonvention87": null, "tradeUnionBuildingsRight": null, "tradeUnionBuildingsRightAnother": null, "createOrganizationRight": null, "createOrganizationRightAnother": null, "createTradeUnionRight": null, "createTradeUnionRightAnother": null, "electionsRight": null, "electionsRightAnother": null, "tradeUnionActivityRight": null, "tradeUnionActivityRightAnother": null, "createStrikeRight": null, "createStrikeRightAnother": null, "сonvention98": null, "antiTradeUnionDiscrimination": null, "antiTradeUnionDiscriminationAnother": null, "conversationRight": null, "conversationRightAnother": null, "сonvention135": null, "сonvention135Another": null, "consultationRight": null, "consultationRightAnother": null, "principleOfNonDiscrimination": 1, "discriminatiOnVariousGrounds": 1, "discriminationInVariousAreas": null, "discriminationInVariousAreasAnother": null, "publicPolicyDiscrimination": null, "childLabor": null, "сonvention138": null, "convention182": null, "prohibitionOfForcedLabor": null, "useOfForcedLabor": null, "governmentCoercion": null, "violationsUsingCompulsoryLabor": null, "failureSystemicMeasures": null, "start_date": "2021-05-07T18:00:00Z", "end_date": null, "date_type": false, "victim": 2, "tradeUnionInfo": null, "groupOfPersons": null, "intruderAnother": null, "government_agency_name": null, "local_agency_name": null, "police_agency_name": null, "company": null, "exact_data": "Асия О. дата не известно, место событий в частном колледже \"Отличник\".", "case_description": "преподаватель Асия О., с 35 летним стажем, имеющая звание \" Отличник образования КР\" работала в ЧК \"Отличник\" с нагрузкой  0,6 ставки, была уволена директором колледжа Шамиловой Д.Ж. сама Шамилова Д.Ж. объяснила свое решение тем, что ЧК делает ставку на молодых специалистов. Что молодые учителя готовы к экспериментам, хотят использовать новые методы, инновационные программы. Что уважаемых педагогов не обижает, оставляя им часы работы, что б они могли помогать молодым и делились с ними своим опытом. \r\nОднако, после обращения в редакцию АСия О.., была уволена по статье на несоответствие занимаемой должности, что не прошла аттестацию.", "tradeunion_actions": "не известно", "case_result": "не известно", "violation_nature": 1, "rights_state": 4, "rights_state_another": "не известно", "victim_situation": 1, "victim_situation_another": null, "tradeUnionSituation": 1, "tradeUnionSituation_another": null, "tradeUnionCount": 1, "case_text": "", "trade_union_activities": 3, "trade_union_activities_another": null, "user": 19, "active": true, "comment": null, "source": [3], "intruder": [4]}}, {"model": "work.case", "pk": 25, "fields": {"case_name": "Тест онлайн", "date_create": "2021-10-08T06:29:34.555Z", "date_update": "2021-10-08T06:31:47.271Z", "source_another": null, "source_url": null, "source_content": "", "country": 3, "region": 62, "city_name": "Актобе", "case_company_name": "АО  Банк Мечта", "groupOfRights": 6, "tradeUnionRight": null, "tradeUnionRightAnother": null, "tradeUnionCrime": null, "tradeUnionCrimeAnother": null, "meetingsRight": null, "meetingsRightAnother": null, "сonvention87": null, "tradeUnionBuildingsRight": null, "tradeUnionBuildingsRightAnother": null, "createOrganizationRight": null, "createOrganizationRightAnother": null, "createTradeUnionRight": null, "createTradeUnionRightAnother": null, "electionsRight": null, "electionsRightAnother": null, "tradeUnionActivityRight": null, "tradeUnionActivityRightAnother": null, "createStrikeRight": null, "createStrikeRightAnother": null, "сonvention98": null, "antiTradeUnionDiscrimination": null, "antiTradeUnionDiscriminationAnother": null, "conversationRight": null, "conversationRightAnother": null, "сonvention135": null, "сonvention135Another": null, "consultationRight": null, "consultationRightAnother": null, "principleOfNonDiscrimination": 2, "discriminatiOnVariousGrounds": null, "discriminationInVariousAreas": 6, "discriminationInVariousAreasAnother": null, "publicPolicyDiscrimination": null, "childLabor": null, "сonvention138": null, "convention182": null, "prohibitionOfForcedLabor": null, "useOfForcedLabor": null, "governmentCoercion": null, "violationsUsingCompulsoryLabor": null, "failureSystemicMeasures": null, "start_date": "2021-10-07T18:00:00Z", "end_date": null, "date_type": false, "victim": 2, "tradeUnionInfo": null, "groupOfPersons": null, "intruderAnother": null, "government_agency_name": null, "local_agency_name": null, "police_agency_name": null, "company": null, "exact_data": "Ринат Исагалиев, устроился водителем в АО Банк Мечта  апреле месяце 2021", "case_description": "Исагалиев Р., с апреля месяца работает в АО Банк Мечта, водителем (развозка сотрудников банка)\r\nПроработав 6 месяц, директор попросил временно заменить его личного, на пару недель.\r\nПрошло две недели, прошел месяц - водителя так и не нашли.\r\nИсагалиев Р. был вынужден и утром и вечером развозить сотрудников, а днем возить директора.\r\nШло время, времени катастрофически на развозку не хватало, пошли устные упреки от директора.\r\nВремени на личный отдых не было, так как по личном делам я возил директора в 12 часов ночи, а утром развозка сотрудников.\r\nВ один из дней, Исагалиев проспал и не развез сотрудников до места работы\r\nВозникла перепалка с отделом кадров\r\nобратился за помощью к директору, однако ему было сказано что это его проблемы\r\nПо рекомендации директора , уволился\r\nОднако расчёт получил только как за водителя сотрудников", "tradeunion_actions": "профсоюза нет", "case_result": "не завершилась", "violation_nature": 1, "rights_state": 2, "rights_state_another": null, "victim_situation": 3, "victim_situation_another": null, "tradeUnionSituation": null, "tradeUnionSituation_another": null, "tradeUnionCount": null, "case_text": "", "trade_union_activities": 19, "trade_union_activities_another": "нет профсоюза", "user": 26, "active": true, "comment": null, "source": [2], "intruder": [4]}}, {"model": "work.case", "pk": 26, "fields": {"case_name": "Карточка - Тест 1", "date_create": "2021-10-08T06:36:02.029Z", "date_update": "2021-10-08T06:36:02.030Z", "source_another": null, "source_url": null, "source_content": "", "country": 3, "region": 58, "city_name": "Алматы", "case_company_name": "Банк \"Мечта\"", "groupOfRights": 6, "tradeUnionRight": null, "tradeUnionRightAnother": null, "tradeUnionCrime": null, "tradeUnionCrimeAnother": null, "meetingsRight": null, "meetingsRightAnother": null, "сonvention87": null, "tradeUnionBuildingsRight": null, "tradeUnionBuildingsRightAnother": null, "createOrganizationRight": null, "createOrganizationRightAnother": null, "createTradeUnionRight": null, "createTradeUnionRightAnother": null, "electionsRight": null, "electionsRightAnother": null, "tradeUnionActivityRight": null, "tradeUnionActivityRightAnother": null, "createStrikeRight": null, "createStrikeRightAnother": null, "сonvention98": null, "antiTradeUnionDiscrimination": null, "antiTradeUnionDiscriminationAnother": null, "conversationRight": null, "conversationRightAnother": null, "сonvention135": null, "сonvention135Another": null, "consultationRight": null, "consultationRightAnother": null, "principleOfNonDiscrimination": 2, "discriminatiOnVariousGrounds": null, "discriminationInVariousAreas": 6, "discriminationInVariousAreasAnother": null, "publicPolicyDiscrimination": null, "childLabor": null, "сonvention138": null, "convention182": null, "prohibitionOfForcedLabor": null, "useOfForcedLabor": null, "governmentCoercion": null, "violationsUsingCompulsoryLabor": null, "failureSystemicMeasures": null, "start_date": "2021-10-07T18:00:00Z", "end_date": null, "date_type": false, "victim": 2, "tradeUnionInfo": null, "groupOfPersons": null, "intruderAnother": null, "government_agency_name": null, "local_agency_name": null, "police_agency_name": null, "company": null, "exact_data": "Заявитель отказался представиться. Устроился в 2021 году на работу в банк Мечта, водителем в городе Алматы. Через 6 месяцев, то есть в августе 2021 года ему  рекомендовали уволиться в связи с тем, что он опаздывает на работу и не согласен с заработной платой.", "case_description": "Заявитель устроился на работу водителем развозки, через 6 месяцев дополнительно выполнял работу персонального водителя директора. После работы в ночное время, водитель опоздал на основную работу. После чего его оповестили о том, что он будет лишен части премии. Однако заявитель с этим не согласился. Обратился к директору с надеждой, что его поддержит директор, однако положительного результат не было и тогда заявитель высказал все свои претензии, на что ему рекомендовали уволиться. Заявитель так и поступил.", "tradeunion_actions": "Заявителю было рекомендовано обратиться в согласительную комиссию. Так как работодатель нарушил права заявителя, не выплатив ему заработную плату за совмещение должностей, согласно законодательства.", "case_result": "Ситуация пока не завершилась, заявитель обращается в согласительную комиссию", "violation_nature": 1, "rights_state": 2, "rights_state_another": null, "victim_situation": 3, "victim_situation_another": null, "tradeUnionSituation": null, "tradeUnionSituation_another": null, "tradeUnionCount": null, "case_text": "", "trade_union_activities": null, "trade_union_activities_another": null, "user": 23, "active": true, "comment": null, "source": [2], "intruder": [4]}}, {"model": "work.case", "pk": 27, "fields": {"case_name": "Тест группы 2", "date_create": "2021-10-08T06:39:04.236Z", "date_update": "2021-10-08T06:39:04.236Z", "source_another": null, "source_url": null, "source_content": "", "country": 3, "region": 67, "city_name": "Уральск", "case_company_name": "Частная компания", "groupOfRights": 6, "tradeUnionRight": null, "tradeUnionRightAnother": null, "tradeUnionCrime": null, "tradeUnionCrimeAnother": null, "meetingsRight": null, "meetingsRightAnother": null, "сonvention87": null, "tradeUnionBuildingsRight": null, "tradeUnionBuildingsRightAnother": null, "createOrganizationRight": null, "createOrganizationRightAnother": null, "createTradeUnionRight": null, "createTradeUnionRightAnother": null, "electionsRight": null, "electionsRightAnother": null, "tradeUnionActivityRight": null, "tradeUnionActivityRightAnother": null, "createStrikeRight": null, "createStrikeRightAnother": null, "сonvention98": null, "antiTradeUnionDiscrimination": null, "antiTradeUnionDiscriminationAnother": null, "conversationRight": null, "conversationRightAnother": null, "сonvention135": null, "сonvention135Another": null, "consultationRight": null, "consultationRightAnother": null, "principleOfNonDiscrimination": 2, "discriminatiOnVariousGrounds": null, "discriminationInVariousAreas": 4, "discriminationInVariousAreasAnother": null, "publicPolicyDiscrimination": null, "childLabor": null, "сonvention138": null, "convention182": null, "prohibitionOfForcedLabor": null, "useOfForcedLabor": null, "governmentCoercion": null, "violationsUsingCompulsoryLabor": null, "failureSystemicMeasures": null, "start_date": "2021-09-07T18:00:00Z", "end_date": null, "date_type": true, "victim": 2, "tradeUnionInfo": null, "groupOfPersons": null, "intruderAnother": null, "government_agency_name": null, "local_agency_name": null, "police_agency_name": null, "company": null, "exact_data": "г.Уральск, сентябрь 2021 год", "case_description": "Девушка работала в частной кампании почти 3 года. Когда настала пандемия, всех перевели на дистанционную работу и руководство в связи со снижением выработки, всем снизили премию. Она считала заработную плату и налоги на основании этого распоряжения. \r\nПозже один из сотрудников пожаловался в профсоюз, началось разбирательство и выяснилось, что это было не законно, потому что не было письменного приказа. Все сотрудники узнали об этом и потребовали перерасчета. Кампания получила большую сумму неустойки, и директор потребовал, что б эти деньги выплатила она, так как неправильно его поняла и самовольно привела кампанию к убыткам. Она отказалась, ее уволили и подали не нее в суд. Кампания требовала возмещения убытков и настаивала на служебном несоответствии. Девушка выйграла дело. В кампании прошла служебная проверка, действия директора признали не правомерными и уволили с работы. Теперь девушка хочет не только вернуться в эту кампанию работать, но и получить компенсацию за потерянный заработок.", "tradeunion_actions": "Профсоюз после разбирательств признал, что данные действия были не законными, потому что не было письменного приказа.", "case_result": "длится", "violation_nature": 1, "rights_state": 3, "rights_state_another": null, "victim_situation": 2, "victim_situation_another": null, "tradeUnionSituation": 1, "tradeUnionSituation_another": null, "tradeUnionCount": 3, "case_text": "", "trade_union_activities": 17, "trade_union_activities_another": null, "user": 25, "active": true, "comment": null, "source": [5], "intruder": [4]}}, {"model": "work.case", "pk": 28, "fields": {"case_name": "Тест группы 2", "date_create": "2021-10-08T06:40:39.299Z", "date_update": "2021-10-08T06:40:39.299Z", "source_another": null, "source_url": null, "source_content": "", "country": 3, "region": 68, "city_name": "Караганда", "case_company_name": "Частная компания Компас", "groupOfRights": 6, "tradeUnionRight": null, "tradeUnionRightAnother": null, "tradeUnionCrime": null, "tradeUnionCrimeAnother": null, "meetingsRight": null, "meetingsRightAnother": null, "сonvention87": null, "tradeUnionBuildingsRight": null, "tradeUnionBuildingsRightAnother": null, "createOrganizationRight": null, "createOrganizationRightAnother": null, "createTradeUnionRight": null, "createTradeUnionRightAnother": null, "electionsRight": null, "electionsRightAnother": null, "tradeUnionActivityRight": null, "tradeUnionActivityRightAnother": null, "createStrikeRight": null, "createStrikeRightAnother": null, "сonvention98": null, "antiTradeUnionDiscrimination": null, "antiTradeUnionDiscriminationAnother": null, "conversationRight": null, "conversationRightAnother": null, "сonvention135": null, "сonvention135Another": null, "consultationRight": null, "consultationRightAnother": null, "principleOfNonDiscrimination": 2, "discriminatiOnVariousGrounds": null, "discriminationInVariousAreas": 4, "discriminationInVariousAreasAnother": null, "publicPolicyDiscrimination": null, "childLabor": null, "сonvention138": null, "convention182": null, "prohibitionOfForcedLabor": null, "useOfForcedLabor": null, "governmentCoercion": null, "violationsUsingCompulsoryLabor": null, "failureSystemicMeasures": null, "start_date": "2021-09-08T18:00:00Z", "end_date": "2021-10-07T18:00:00Z", "date_type": true, "victim": 2, "tradeUnionInfo": null, "groupOfPersons": null, "intruderAnother": null, "government_agency_name": null, "local_agency_name": null, "police_agency_name": null, "company": null, "exact_data": "Карагандинская область, г. Караганда, ул. Абая, д. 8.", "case_description": "- Девушка работала бухгалтером в частной компании Компас, почти 3 года. Когда настала пандемия, всех перевели на дистанционную работу и руководство в связи со снижением выработки, всем снизи премию.\r\n- Бухгалтер без официального приказа считала заработную плату и налоги на основании этого распоряжения.\r\n- Позже один из сотрудников пожаловался в профсоюз, началось разбирательство и выяснилось, что это было не законно, потому что не было письменного приказа.\r\n- Узнав о жалобе, все сотрудники потребовали перерасчета.\r\n- Компания получила большую сумму неустойки и директор потребовал, чтоб эти деньги выплатила заявительница, якобы она неправильно его поняла и самовольно привела компанию к убыткам.\r\n- Она отказалась выплачивать неустойку в связи с этим, директор ее уволил и подал на нее в суд.\r\n- В суде компания настаивала на возмещение убытков и на служебное несоответствие.\r\n- Компания проиграла судебное дело.\r\n- После в компании прошла служебная проверка, действия директора признали не правомерным и уволили с работы .\r\n- В настоящее время уволенный бухгалтер хочет вернуться на работу и получить компенсацию за потерянный заработок.", "tradeunion_actions": "Профсоюз начал разбирательство и выяснил, что снижение премии было незаконным и письменного приказа не было.\r\nТакже заявительница за нарушенным правом обратилась в НКО.", "case_result": "Ситуация завершилась частично. Девушка не была восстановлена в прежней работе.", "violation_nature": 1, "rights_state": 2, "rights_state_another": null, "victim_situation": 2, "victim_situation_another": null, "tradeUnionSituation": 2, "tradeUnionSituation_another": null, "tradeUnionCount": null, "case_text": "", "trade_union_activities": 17, "trade_union_activities_another": null, "user": 24, "active": true, "comment": null, "source": [5], "intruder": [4]}}, {"model": "work.case", "pk": 30, "fields": {"case_name": "группа4", "date_create": "2021-10-08T06:44:06.224Z", "date_update": "2021-10-08T06:44:06.224Z", "source_another": null, "source_url": null, "source_content": "", "country": 3, "region": 58, "city_name": "Алматы", "case_company_name": "неизвестно", "groupOfRights": 6, "tradeUnionRight": null, "tradeUnionRightAnother": null, "tradeUnionCrime": null, "tradeUnionCrimeAnother": null, "meetingsRight": null, "meetingsRightAnother": null, "сonvention87": null, "tradeUnionBuildingsRight": null, "tradeUnionBuildingsRightAnother": null, "createOrganizationRight": null, "createOrganizationRightAnother": null, "createTradeUnionRight": null, "createTradeUnionRightAnother": null, "electionsRight": null, "electionsRightAnother": null, "tradeUnionActivityRight": null, "tradeUnionActivityRightAnother": null, "createStrikeRight": null, "createStrikeRightAnother": null, "сonvention98": null, "antiTradeUnionDiscrimination": null, "antiTradeUnionDiscriminationAnother": null, "conversationRight": null, "conversationRightAnother": null, "сonvention135": null, "сonvention135Another": null, "consultationRight": null, "consultationRightAnother": null, "principleOfNonDiscrimination": 2, "discriminatiOnVariousGrounds": null, "discriminationInVariousAreas": 10, "discriminationInVariousAreasAnother": "работа за сотрудника без договора", "publicPolicyDiscrimination": null, "childLabor": null, "сonvention138": null, "convention182": null, "prohibitionOfForcedLabor": null, "useOfForcedLabor": null, "governmentCoercion": null, "violationsUsingCompulsoryLabor": null, "failureSystemicMeasures": null, "start_date": "2021-08-31T18:00:00Z", "end_date": null, "date_type": true, "victim": 2, "tradeUnionInfo": null, "groupOfPersons": null, "intruderAnother": null, "government_agency_name": null, "local_agency_name": null, "police_agency_name": null, "company": null, "exact_data": "Заявитель Александр, в сентябре 2021 года в г.Алматы при развозке товаров, сел за руль служебного авто, для подмены водителя.", "case_description": "В сентябре 2021 года заявитель Александр, осуществляя трудовую деятельность в ТОО Радость, принял на короткий срок трудовые обязанности водителя Павла, для управления рабочего автомобиля. Александр имеет водительские права на управление машинами данной категории, что известно работодателю. \r\nЗа подмену водителя работодатель вынес  штраф в размере 500000 тенге на экипаж.", "tradeunion_actions": "профсоюз отсутствует", "case_result": "не завершено", "violation_nature": 1, "rights_state": 2, "rights_state_another": null, "victim_situation": 1, "victim_situation_another": null, "tradeUnionSituation": null, "tradeUnionSituation_another": null, "tradeUnionCount": null, "case_text": "", "trade_union_activities": null, "trade_union_activities_another": null, "user": 17, "active": true, "comment": null, "source": [1], "intruder": [4]}}, {"model": "work.case", "pk": 31, "fields": {"case_name": "группа 4", "date_create": "2021-10-08T06:47:45.006Z", "date_update": "2021-10-08T06:47:45.006Z", "source_another": null, "source_url": null, "source_content": "", "country": 3, "region": 58, "city_name": "Алмата", "case_company_name": "Наименование организации неизвестно", "groupOfRights": 6, "tradeUnionRight": null, "tradeUnionRightAnother": null, "tradeUnionCrime": null, "tradeUnionCrimeAnother": null, "meetingsRight": null, "meetingsRightAnother": null, "сonvention87": null, "tradeUnionBuildingsRight": null, "tradeUnionBuildingsRightAnother": null, "createOrganizationRight": null, "createOrganizationRightAnother": null, "createTradeUnionRight": null, "createTradeUnionRightAnother": null, "electionsRight": null, "electionsRightAnother": null, "tradeUnionActivityRight": null, "tradeUnionActivityRightAnother": null, "createStrikeRight": null, "createStrikeRightAnother": null, "сonvention98": null, "antiTradeUnionDiscrimination": null, "antiTradeUnionDiscriminationAnother": null, "conversationRight": null, "conversationRightAnother": null, "сonvention135": null, "сonvention135Another": null, "consultationRight": null, "consultationRightAnother": null, "principleOfNonDiscrimination": 2, "discriminatiOnVariousGrounds": null, "discriminationInVariousAreas": 10, "discriminationInVariousAreasAnother": "Выполнение обязанностей другого сотрудника ммммммм", "publicPolicyDiscrimination": null, "childLabor": null, "сonvention138": null, "convention182": null, "prohibitionOfForcedLabor": null, "useOfForcedLabor": null, "governmentCoercion": null, "violationsUsingCompulsoryLabor": null, "failureSystemicMeasures": null, "start_date": "2021-08-31T18:00:00Z", "end_date": "2021-10-18T18:00:00Z", "date_type": true, "victim": 2, "tradeUnionInfo": null, "groupOfPersons": null, "intruderAnother": null, "government_agency_name": null, "local_agency_name": null, "police_agency_name": null, "company": null, "exact_data": "В сентябре 2021г. Александр, торговый представитель ТОО \"Радость\", осуществлял развоз товаров совместно с водителем, Павлом. Из-за ухудшения самочувствия водителя Александр взял управления транспортного средства для завершения работы.", "case_description": "С 2012г. Заявитель трудоустроен в ТОО \"Радость\" в качестве торгового агента.  Работник осуществляется развозку товара по торговым точкам в сопровождении водителя. В сентябре 2021г. во время очередного развоза товара торговому представителю пришлось самостоятельно управлять транспортным средством.  Александр имеет водительские права категории В,С,D. Работодатель дал приказ оштрафовать работников на 500 000 тыс. тенге.\r\nПо условиям трудового договора не предусмотрено взыскание санкций со стороны работодателя в подобных случая.", "tradeunion_actions": "", "case_result": "Заявитель был проконсультирован, ожидание согласие работника в трудовую инспекцию", "violation_nature": 1, "rights_state": 2, "rights_state_another": null, "victim_situation": 1, "victim_situation_another": null, "tradeUnionSituation": null, "tradeUnionSituation_another": null, "tradeUnionCount": null, "case_text": "", "trade_union_activities": null, "trade_union_activities_another": null, "user": 21, "active": true, "comment": null, "source": [1], "intruder": [4]}}, {"model": "work.case", "pk": 32, "fields": {"case_name": "Сборшица хлопка жалуется на плохие условия труда", "date_create": "2021-10-08T10:06:27.686Z", "date_update": "2021-10-08T10:06:27.686Z", "source_another": null, "source_url": null, "source_content": "", "country": 6, "region": 92, "city_name": "Кунградский район", "case_company_name": "Фермерские хозяйства", "groupOfRights": 6, "tradeUnionRight": null, "tradeUnionRightAnother": null, "tradeUnionCrime": null, "tradeUnionCrimeAnother": null, "meetingsRight": null, "meetingsRightAnother": null, "сonvention87": null, "tradeUnionBuildingsRight": null, "tradeUnionBuildingsRightAnother": null, "createOrganizationRight": null, "createOrganizationRightAnother": null, "createTradeUnionRight": null, "createTradeUnionRightAnother": null, "electionsRight": null, "electionsRightAnother": null, "tradeUnionActivityRight": null, "tradeUnionActivityRightAnother": null, "createStrikeRight": null, "createStrikeRightAnother": null, "сonvention98": null, "antiTradeUnionDiscrimination": null, "antiTradeUnionDiscriminationAnother": null, "conversationRight": null, "conversationRightAnother": null, "сonvention135": null, "сonvention135Another": null, "consultationRight": null, "consultationRightAnother": null, "principleOfNonDiscrimination": 2, "discriminatiOnVariousGrounds": null, "discriminationInVariousAreas": 7, "discriminationInVariousAreasAnother": null, "publicPolicyDiscrimination": null, "childLabor": null, "сonvention138": null, "convention182": null, "prohibitionOfForcedLabor": null, "useOfForcedLabor": null, "governmentCoercion": null, "violationsUsingCompulsoryLabor": null, "failureSystemicMeasures": null, "start_date": "2021-09-04T18:00:00Z", "end_date": "2021-10-04T18:00:00Z", "date_type": true, "victim": 3, "tradeUnionInfo": null, "groupOfPersons": 10, "intruderAnother": null, "government_agency_name": null, "local_agency_name": null, "police_agency_name": null, "company": null, "exact_data": "07.10.2021. Во время интервью жительница города Кунград пожаловалась на плохие условия работы и низкую оплату за сбор хлопка.", "case_description": "Жительница общежития для малообеспеченных семей города Кунград рассказала, что с первых дней сбора хлопка то есть с 5 сентября 2021 года собирает хлопок в селе Ахунбабаев у разных фермеров. Спервых дней по сей день вместо 1200 сум назначенный государством за килограмм собранного хлопка, фермеры платят по 1000 сум за кг. Так же нет никаких санитарных условий. В обеденный перерыв сборщикам не придоставляется пища. Обедом обеспечили всего пару раз за весь месяц.  Фермеры грубо обращаются со сборщиками. \r\n     \r\n                   Прилагается аудиозапись интервью.", "tradeunion_actions": "не состоят в профсоюзе", "case_result": "на стадии", "violation_nature": 2, "rights_state": 2, "rights_state_another": null, "victim_situation": 4, "victim_situation_another": "сезон сбора хлопка подходит к концу", "tradeUnionSituation": 4, "tradeUnionSituation_another": "не состоят в профсоюзе", "tradeUnionCount": 3, "case_text": "приложен аудифайл с интервью", "trade_union_activities": 19, "trade_union_activities_another": "не состоят в профссоюзе", "user": 15, "active": true, "comment": null, "source": [2], "intruder": [4]}}, {"model": "work.case", "pk": 33, "fields": {"case_name": "Работников благоустройства принуждают к труду", "date_create": "2021-10-08T10:42:29.247Z", "date_update": "2021-10-08T10:47:56.577Z", "source_another": null, "source_url": "Телеграм канал радио Озодлик     https://t.me/sizdantelegram/36708", "source_content": "Мы работники отдела благоустройства, сторожи кладбища. Начальник отдела благоустройства Уртачирчикского района Ташкентской области заставляет работников благоустройства собирать хлопок на полях своего фермерского хозяйства. Нас же, сторожей кладбища заставляет очищать улицы вместо рабочих отдела благоустройства. Даже трактор принадлежащий отделу благоустройства работает на перевозке хлопка фермерского хозяйства. На сколько это законно.\r\n\r\n                                                  https://t.me/sizdantelegram/36841", "country": 6, "region": 96, "city_name": "Уртачирчикский район", "case_company_name": "Отдел благоустройства Уртачирчикского района", "groupOfRights": 8, "tradeUnionRight": null, "tradeUnionRightAnother": null, "tradeUnionCrime": null, "tradeUnionCrimeAnother": null, "meetingsRight": null, "meetingsRightAnother": null, "сonvention87": null, "tradeUnionBuildingsRight": null, "tradeUnionBuildingsRightAnother": null, "createOrganizationRight": null, "createOrganizationRightAnother": null, "createTradeUnionRight": null, "createTradeUnionRightAnother": null, "electionsRight": null, "electionsRightAnother": null, "tradeUnionActivityRight": null, "tradeUnionActivityRightAnother": null, "createStrikeRight": null, "createStrikeRightAnother": null, "сonvention98": null, "antiTradeUnionDiscrimination": null, "antiTradeUnionDiscriminationAnother": null, "conversationRight": null, "conversationRightAnother": null, "сonvention135": null, "сonvention135Another": null, "consultationRight": null, "consultationRightAnother": null, "principleOfNonDiscrimination": null, "discriminatiOnVariousGrounds": null, "discriminationInVariousAreas": null, "discriminationInVariousAreasAnother": null, "publicPolicyDiscrimination": null, "childLabor": null, "сonvention138": null, "convention182": null, "prohibitionOfForcedLabor": 1, "useOfForcedLabor": null, "governmentCoercion": null, "violationsUsingCompulsoryLabor": null, "failureSystemicMeasures": null, "start_date": "2021-10-06T18:00:00Z", "end_date": null, "date_type": false, "victim": 3, "tradeUnionInfo": null, "groupOfPersons": 12, "intruderAnother": null, "government_agency_name": null, "local_agency_name": null, "police_agency_name": null, "company": null, "exact_data": "07.10.2021. Работники отдела благоустройства Уртачирчикского района Ташкентской области пожаловались на принудительный труд.", "case_description": "“Тошкент вилояти Ўрта Чирчиқ тумани ободонлаштириш бошқармаси қабристон қоровулларимиз. Раҳбаримиз ишчиларни ўз фермер хўжалигида пахта тердириб, биз қоровулларни кўча тозалашга мажбур қиляпти. Ҳатто давлат пулига келган трактор ҳам далада пахта ташишга олиб кетилган. Бу ҳолат қонунга тўғри келадими?”\r\n\r\n    ,,Мы сторожа кладбища, который прикреплен к отделу благоустройства Уртачирчикского района  Ташкентской области.  Началник отдела благоустройства заставляет рабочих собирать хлопок на хлопковых поях своего фермерского хозяйства. Нас же сторожей кладбища вместо рабочих заставляет чистить улицы. \r\n\r\nhttps://t.me/sizdantelegram/36841", "tradeunion_actions": "Об обращениях в профсоюз информаций нет", "case_result": "на стадии", "violation_nature": 2, "rights_state": 2, "rights_state_another": null, "victim_situation": 1, "victim_situation_another": null, "tradeUnionSituation": 2, "tradeUnionSituation_another": null, "tradeUnionCount": 3, "case_text": "прикреплен скриншот сообщения", "trade_union_activities": 7, "trade_union_activities_another": null, "user": 15, "active": true, "comment": null, "source": [3], "intruder": [4]}}, {"model": "work.case", "pk": 34, "fields": {"case_name": "Работникам УП ,,Тоза худуд\" не платят зарплаты", "date_create": "2021-10-09T07:04:29.823Z", "date_update": "2021-10-09T07:04:29.823Z", "source_another": null, "source_url": "Телеграм канал радио Озодлик     https://t.me/sizdantelegram/36708", "source_content": "ДЕХКАНАБАД.  ,,Мы водители мусоровозов УП ,,Тоза худуд\" Дехканабадского района Кашкадарьинской области. С 31 августа нами никто не интересуется. Накопленные с августа зарплаты по 10-15 млн сумов не выплачиваются. Не выплачиваются и праздничные деньги. Мы не смогли даже детям обеспечить условия для посещений школ. Хокимият района тоже почемуто не хочет помочь нам. Просим обратить внимание на обращения работников\".\r\n\r\n                                                     https://t.me/sizdantelegram/36831", "country": 6, "region": 89, "city_name": "Дехканабадский район", "case_company_name": "Унитарное предприятие ,,Тоза худуд\" (вывоз мусора)", "groupOfRights": 6, "tradeUnionRight": null, "tradeUnionRightAnother": null, "tradeUnionCrime": null, "tradeUnionCrimeAnother": null, "meetingsRight": null, "meetingsRightAnother": null, "сonvention87": null, "tradeUnionBuildingsRight": null, "tradeUnionBuildingsRightAnother": null, "createOrganizationRight": null, "createOrganizationRightAnother": null, "createTradeUnionRight": null, "createTradeUnionRightAnother": null, "electionsRight": null, "electionsRightAnother": null, "tradeUnionActivityRight": null, "tradeUnionActivityRightAnother": null, "createStrikeRight": null, "createStrikeRightAnother": null, "сonvention98": null, "antiTradeUnionDiscrimination": null, "antiTradeUnionDiscriminationAnother": null, "conversationRight": null, "conversationRightAnother": null, "сonvention135": null, "сonvention135Another": null, "consultationRight": null, "consultationRightAnother": null, "principleOfNonDiscrimination": 2, "discriminatiOnVariousGrounds": null, "discriminationInVariousAreas": 5, "discriminationInVariousAreasAnother": null, "publicPolicyDiscrimination": null, "childLabor": null, "сonvention138": null, "convention182": null, "prohibitionOfForcedLabor": null, "useOfForcedLabor": null, "governmentCoercion": null, "violationsUsingCompulsoryLabor": null, "failureSystemicMeasures": null, "start_date": "2021-08-30T18:00:00Z", "end_date": "2021-09-29T18:00:00Z", "date_type": true, "victim": 3, "tradeUnionInfo": null, "groupOfPersons": 13, "intruderAnother": null, "government_agency_name": null, "local_agency_name": null, "police_agency_name": null, "company": null, "exact_data": "С 31 августа 2021 года по 07.10.2021 водителям и работникам Государственного унитарного предприятия ,,Хоза худуд\" Дехканабадского района Кашкадарьинской области не выплачиваются зарплаты.", "case_description": "Водители и работники ГУП ,,Тоза худуд\" Дехканабадского района пожаловались в видеообращении о невылате им зарплат с август месяца 2021 года. Задолженность по зарплатам каждому работнику сотавляет не менее 10-15 млн сум. Работники жалуются, что не могут обеспечить детей даже школьными принадлежностями. Обращались даже в хокимият района и те не обращают на них внимание.\r\n\r\n                                         https://t.me/sizdantelegram/36831", "tradeunion_actions": "об обращениях в профсоюз информаций нет", "case_result": "на стадии", "violation_nature": 2, "rights_state": 2, "rights_state_another": null, "victim_situation": 1, "victim_situation_another": null, "tradeUnionSituation": 2, "tradeUnionSituation_another": null, "tradeUnionCount": 3, "case_text": "Прилагается видеообращение водителей и работников предприятия", "trade_union_activities": 7, "trade_union_activities_another": null, "user": 15, "active": true, "comment": null, "source": [3], "intruder": [4]}}, {"model": "work.case", "pk": 35, "fields": {"case_name": "Принудительное удержание с зарплат на счет ННО", "date_create": "2021-10-09T08:09:21.091Z", "date_update": "2021-10-09T08:09:21.091Z", "source_another": null, "source_url": "Телеграм канал радио Озодлик     https://t.me/sizdantelegram/36708", "source_content": "ҚАШҚАДАРЁ – “Истеъмолчилар ҳуқуқлари ташкилоти маошимиздан мажбурий бадал пули олмоқчи”\r\n\r\n\r\nШАҲРИСАБЗ. “Қашқадарё вилояти Шаҳрисабз тумани ободонлаштириш бошқармаси ишчилари номидан ёзмоқдамиз. Маошимизни ойма-ой зўрға етказамиз. Яқинда эса туман истеъмолчилар ҳуқуқларини ҳимоя қилиш ташкилоти бошлиғи келиб, ўзаро бошлиқларимиз билан мажлис ўтказиб, ишчилар маошидан ҳар ой истеъмолчиларга жамиятига 16500 сўмдан ўтказиш ҳақида қарор қабул қилишди. Биз маошимиздан бадал пули тўлашга рози эмасмиз. Президентимиз ноқонуний мажбуриятларга қарши курашмоқда. Биздан ҳам истеъмолчилар ҳуқуқини ҳимоя қилиш жамияти бадал пули талаб қилмаслигини сўраймиз”.\r\n\r\nКАШКАДАРЬЯ. ,,В пользу Непарвительственной организации  собираются удерживать с наших зарплат\".\r\n ШАХРИСАБЗ. ,,Пишем от имени работников Управления по благоустройству Шахрисабзского района Кашкадарьинской области. Мы кое-как протягиваем с зарплаты до зарплаты.  На днях к нам приехал председатель организации по защите прав потребителей. Провели совместное собрание с нашим начальством, где было принято решение о ежемесчной выплате взносов с наших зарплат на счет Общества прав потребителей по 16 500 сум ($ 1,5).  Мы не согласны с этим.  Президент сам лично выступает против подобных незаконных объязательств. Просим не требовать от нас платить взносы Обществу прав потребителей\"\r\n                                                     https://t.me/sizdantelegram/36858", "country": 6, "region": 89, "city_name": "город Шахрисабз", "case_company_name": "Управление по благоустройству города Шахризабза Кашкадарьинской области", "groupOfRights": 6, "tradeUnionRight": null, "tradeUnionRightAnother": null, "tradeUnionCrime": null, "tradeUnionCrimeAnother": null, "meetingsRight": null, "meetingsRightAnother": null, "сonvention87": null, "tradeUnionBuildingsRight": null, "tradeUnionBuildingsRightAnother": null, "createOrganizationRight": null, "createOrganizationRightAnother": null, "createTradeUnionRight": null, "createTradeUnionRightAnother": null, "electionsRight": null, "electionsRightAnother": null, "tradeUnionActivityRight": null, "tradeUnionActivityRightAnother": null, "createStrikeRight": null, "createStrikeRightAnother": null, "сonvention98": null, "antiTradeUnionDiscrimination": null, "antiTradeUnionDiscriminationAnother": null, "conversationRight": null, "conversationRightAnother": null, "сonvention135": null, "сonvention135Another": null, "consultationRight": null, "consultationRightAnother": null, "principleOfNonDiscrimination": 2, "discriminatiOnVariousGrounds": null, "discriminationInVariousAreas": 5, "discriminationInVariousAreasAnother": null, "publicPolicyDiscrimination": null, "childLabor": null, "сonvention138": null, "convention182": null, "prohibitionOfForcedLabor": null, "useOfForcedLabor": null, "governmentCoercion": null, "violationsUsingCompulsoryLabor": null, "failureSystemicMeasures": null, "start_date": "2021-10-07T18:00:00Z", "end_date": null, "date_type": false, "victim": 3, "tradeUnionInfo": null, "groupOfPersons": 14, "intruderAnother": null, "government_agency_name": null, "local_agency_name": null, "police_agency_name": null, "company": null, "exact_data": "08.10.2021. Работники Управления благоустройства города Шахрисабза Кашкадарьинской области пожаловались о незаконном решении рукаводства об удержании с зарплат на счет ННО по защите прав потребтелей.", "case_description": "Работники Управления багоустройства города Шахрисабза Кашкадарьинской области пишут о том, что их начальство совместно с начальником ННО по защите прав потребителей (https://www.goldenpages.uz/rubrics/?Id=1163)  провели собрание , где было принято решение об удержании взносов с зарплат работников на счет общества прав потребителей. Пишут, что они против этого незаконного  решения. \r\n                                    \r\n                                              https://t.me/sizdantelegram/36858?single", "tradeunion_actions": "об обращениях в пофсоюз информаций нет", "case_result": "на стадии", "violation_nature": 2, "rights_state": 4, "rights_state_another": "на стадии", "victim_situation": 1, "victim_situation_another": null, "tradeUnionSituation": 2, "tradeUnionSituation_another": null, "tradeUnionCount": 3, "case_text": "приложен скриншот сообщения", "trade_union_activities": 4, "trade_union_activities_another": null, "user": 15, "active": true, "comment": null, "source": [3], "intruder": [4]}}, {"model": "work.case", "pk": 36, "fields": {"case_name": "Через 4 месяца восстановили и тут же уволили", "date_create": "2021-10-10T12:54:15.279Z", "date_update": "2021-10-10T12:54:15.279Z", "source_another": null, "source_url": "Телеграм канал радио Озодлик     https://t.me/sizdantelegram/36708", "source_content": "ФЕРГАНА. ,, Через 4 месяца восстановили на работе и уволили в тот же день\"\r\n  \r\n  ,,Пишем от имени сутрудников налоговой службы Ферганской области,которые были уволены 4 месяца назад. 13 сотрудников налоговой службы были восстановлены на работу через 4 месяца после незаконного увольнения, и в тот же день снова были уволены. Вот пять месяцев уже не работаем. По этому поводу прокурор ввёл протест. Хотим, чтобы было верховенство закона , а не кумовство\"\r\n\r\n                                                https://t.me/sizdantelegram/36868", "country": 6, "region": 97, "city_name": "город Фергана", "case_company_name": "Налоговая инспекция Ферганской области", "groupOfRights": 6, "tradeUnionRight": null, "tradeUnionRightAnother": null, "tradeUnionCrime": null, "tradeUnionCrimeAnother": null, "meetingsRight": null, "meetingsRightAnother": null, "сonvention87": null, "tradeUnionBuildingsRight": null, "tradeUnionBuildingsRightAnother": null, "createOrganizationRight": null, "createOrganizationRightAnother": null, "createTradeUnionRight": null, "createTradeUnionRightAnother": null, "electionsRight": null, "electionsRightAnother": null, "tradeUnionActivityRight": null, "tradeUnionActivityRightAnother": null, "createStrikeRight": null, "createStrikeRightAnother": null, "сonvention98": null, "antiTradeUnionDiscrimination": null, "antiTradeUnionDiscriminationAnother": null, "conversationRight": null, "conversationRightAnother": null, "сonvention135": null, "сonvention135Another": null, "consultationRight": null, "consultationRightAnother": null, "principleOfNonDiscrimination": 2, "discriminatiOnVariousGrounds": null, "discriminationInVariousAreas": 4, "discriminationInVariousAreasAnother": null, "publicPolicyDiscrimination": null, "childLabor": null, "сonvention138": null, "convention182": null, "prohibitionOfForcedLabor": null, "useOfForcedLabor": null, "governmentCoercion": null, "violationsUsingCompulsoryLabor": null, "failureSystemicMeasures": null, "start_date": "2021-04-14T18:00:00Z", "end_date": "2021-10-08T18:00:00Z", "date_type": true, "victim": 3, "tradeUnionInfo": null, "groupOfPersons": 15, "intruderAnother": null, "government_agency_name": "Налоговая служба Ферганской области", "local_agency_name": null, "police_agency_name": null, "company": null, "exact_data": "С 15.04.2021 по 15.09.2021. Сотрудники налоговой службы Феганской области были незаконно уволены. Через суд восстановились на работу через 4 месяца и в тот же день уволены.", "case_description": "25 апреля 2021 года 13 сотрудников Налоговой службы Ферганской области были незаконно уволены с работы. В середине августа были восстановлены на работу по решению суда и в тот же день снова уволены. И вот уже пять месцев налоговики безработны, хотя по этому поводу введен протест прокурора области. Налоговики требуют восстановления на работе.\r\n                                                            https://t.me/sizdantelegram/36868", "tradeunion_actions": "об обращениях в профсоюз информаций нет", "case_result": "на стадии", "violation_nature": 2, "rights_state": 2, "rights_state_another": null, "victim_situation": 2, "victim_situation_another": null, "tradeUnionSituation": 2, "tradeUnionSituation_another": null, "tradeUnionCount": 3, "case_text": "Прилагается скриншот сообщения", "trade_union_activities": 6, "trade_union_activities_another": null, "user": 15, "active": true, "comment": null, "source": [3], "intruder": [1]}}, {"model": "work.case", "pk": 38, "fields": {"case_name": "невыдача полного расчета при увольнении", "date_create": "2021-10-14T09:34:06.178Z", "date_update": "2021-10-14T09:34:06.179Z", "source_another": null, "source_url": null, "source_content": "", "country": 3, "region": 67, "city_name": "Уральск", "case_company_name": "Казахское общество слепых", "groupOfRights": 6, "tradeUnionRight": null, "tradeUnionRightAnother": null, "tradeUnionCrime": null, "tradeUnionCrimeAnother": null, "meetingsRight": null, "meetingsRightAnother": null, "сonvention87": null, "tradeUnionBuildingsRight": null, "tradeUnionBuildingsRightAnother": null, "createOrganizationRight": null, "createOrganizationRightAnother": null, "createTradeUnionRight": null, "createTradeUnionRightAnother": null, "electionsRight": null, "electionsRightAnother": null, "tradeUnionActivityRight": null, "tradeUnionActivityRightAnother": null, "createStrikeRight": null, "createStrikeRightAnother": null, "сonvention98": null, "antiTradeUnionDiscrimination": null, "antiTradeUnionDiscriminationAnother": null, "conversationRight": null, "conversationRightAnother": null, "сonvention135": null, "сonvention135Another": null, "consultationRight": null, "consultationRightAnother": null, "principleOfNonDiscrimination": 2, "discriminatiOnVariousGrounds": null, "discriminationInVariousAreas": 6, "discriminationInVariousAreasAnother": null, "publicPolicyDiscrimination": null, "childLabor": null, "сonvention138": null, "convention182": null, "prohibitionOfForcedLabor": null, "useOfForcedLabor": null, "governmentCoercion": null, "violationsUsingCompulsoryLabor": null, "failureSystemicMeasures": null, "start_date": "2021-10-13T18:00:00Z", "end_date": null, "date_type": false, "victim": 2, "tradeUnionInfo": null, "groupOfPersons": null, "intruderAnother": null, "government_agency_name": null, "local_agency_name": null, "police_agency_name": null, "company": null, "exact_data": "г.Уральск, 11 октября 2021 года заявительница уволилась по собственному желанию", "case_description": "В 2019 году Фокина Лариса устроилась закройщицей в Казахское общество слепых. Данное Общественное Объединение предоставляет специальные социальные услуги для лиц с ограниченными возможностями.  Первые 2 года работы, заявительнице предоставляли очередной трудовой отпуск по 24 календарных дня. В сентябре 2021 года, заявительница решила взять отпуск, написав при этом заявление. Но работодатель отказал предоставить отпуск на 24 календарных дня, сказав что может предоставить только 14 дней, т.к. отпуск зависит от выработки, которой на предприятии не было. Заявительница не согласившись с этим, обратилась за разъяснением о законности действий работодателя в правозащитную организацию. На что ей были даны разъяснения, о том ,что в ТК РК очередной трудовой не должен составлять менее 24 календарных дней.", "tradeunion_actions": "в ОО нет профсоюза", "case_result": "Заявительница решила пойти написать заявление работодателю, чтобы разъяснили причины отказа", "violation_nature": 1, "rights_state": 2, "rights_state_another": null, "victim_situation": 3, "victim_situation_another": null, "tradeUnionSituation": null, "tradeUnionSituation_another": null, "tradeUnionCount": null, "case_text": "", "trade_union_activities": null, "trade_union_activities_another": null, "user": 25, "active": true, "comment": null, "source": [2], "intruder": [4]}}, {"model": "work.case", "pk": 39, "fields": {"case_name": "оооооооооооооооо", "date_create": "2021-10-15T05:53:58.508Z", "date_update": "2021-10-15T05:53:58.508Z", "source_another": null, "source_url": null, "source_content": "", "country": 2, "region": 48, "city_name": "Бишкек", "case_company_name": "пивная точка", "groupOfRights": 7, "tradeUnionRight": null, "tradeUnionRightAnother": null, "tradeUnionCrime": null, "tradeUnionCrimeAnother": null, "meetingsRight": null, "meetingsRightAnother": null, "сonvention87": null, "tradeUnionBuildingsRight": null, "tradeUnionBuildingsRightAnother": null, "createOrganizationRight": null, "createOrganizationRightAnother": null, "createTradeUnionRight": null, "createTradeUnionRightAnother": null, "electionsRight": null, "electionsRightAnother": null, "tradeUnionActivityRight": null, "tradeUnionActivityRightAnother": null, "createStrikeRight": null, "createStrikeRightAnother": null, "сonvention98": null, "antiTradeUnionDiscrimination": null, "antiTradeUnionDiscriminationAnother": null, "conversationRight": null, "conversationRightAnother": null, "сonvention135": null, "сonvention135Another": null, "consultationRight": null, "consultationRightAnother": null, "principleOfNonDiscrimination": null, "discriminatiOnVariousGrounds": null, "discriminationInVariousAreas": null, "discriminationInVariousAreasAnother": null, "publicPolicyDiscrimination": null, "childLabor": 1, "сonvention138": 2, "convention182": null, "prohibitionOfForcedLabor": null, "useOfForcedLabor": null, "governmentCoercion": null, "violationsUsingCompulsoryLabor": null, "failureSystemicMeasures": null, "start_date": "2021-11-21T18:00:00Z", "end_date": null, "date_type": false, "victim": 2, "tradeUnionInfo": null, "groupOfPersons": null, "intruderAnother": null, "government_agency_name": null, "local_agency_name": null, "police_agency_name": null, "company": null, "exact_data": "рррррррррррррррррррррр", "case_description": "рррррррррррррррррррррррррррр", "tradeunion_actions": "ррррррррррррррррррррррррррррр", "case_result": "рррррррррррррррррррррр", "violation_nature": 1, "rights_state": 1, "rights_state_another": null, "victim_situation": 2, "victim_situation_another": null, "tradeUnionSituation": null, "tradeUnionSituation_another": null, "tradeUnionCount": null, "case_text": "", "trade_union_activities": null, "trade_union_activities_another": null, "user": 1, "active": true, "comment": null, "source": [2], "intruder": [5]}}, {"model": "work.case", "pk": 40, "fields": {"case_name": "Незаконное привлечение учителей г.Семей к уборке г", "date_create": "2021-10-17T16:44:21.811Z", "date_update": "2021-10-22T02:13:37.995Z", "source_another": null, "source_url": "https://www.arnapress.kz/vasha-novost/216817-stali-izvestny-novye-fakty-uchitelskih-subbotnikov-v-semee?news=1", "source_content": "Учителей сняли с уроков и отправили мести улицы в Семее. \r\nВ редакцию Arnapress.kz обратилась жительница Семея, прислав фотографии школьных учителей, убирающих городские улицы. Автор снимков сообщила, что у ее ребенка сегодня, 16 октября, отменили занятия в школе из-за того, что преподавателей обязали выйти на субботник. Это обстоятельство немало возмутило родительницу.\r\n\"У ребенка сегодня отменили учебу. Оказывается, учителей отправили на субботник. Когда шла на работу, увидела их – метут проспект Шакарима в районе остановки Пестеля. На каком основании их вывели на уборку вместо того, чтобы вести уроки? У нас коммунальные службы на что? Отменять занятия в школе и гнать учителей подметать улицы – это уже край. Каждый должен заниматься своим делом. Тем более весь прошлый год как попало учились из-за этой пандемии. Сейчас учителям наверстывать надо, а не улицы мести\", − пишет родительница.\r\nКомментируя инцидент, руководитель отдела образования Семея Наталья Фесенко сообщила, что ее ведомство никаких распоряжений насчет субботника не давало.\r\n\r\n\"Я сейчас написала директорам, почему учителя привлечены и не проводят уроки по расписанию. Что это такое? Пока никто не отозвался. Но я кураторам дала задание выяснить\", − сообщила Наталья Фесенко.\r\n\r\nКорреспонденту Arnapress.kz удалось найти распоряжение об организации сегодняшнего субботника. Оно подписано заместителем акима города Димитрием Гариковым. Согласно этому документу, руководителям отделов поручено организовать выход на субботник всех учреждений и предприятий независимо от форм собственности.\r\nМежду тем, согласно Закону \"О статусе педагогов\", не допускается \"привлекать учителей к видам работ, не связанным с профессиональными обязанностями\".\r\n\r\nВ случае, о котором рассказала родительница, учителей мало того, что обязали выйти на субботник, но еще и сделали это в ущерб учебному процессу.", "country": 3, "region": 65, "city_name": "Семей", "case_company_name": "Общеобразовательные школы г. Семей", "groupOfRights": 8, "tradeUnionRight": null, "tradeUnionRightAnother": null, "tradeUnionCrime": null, "tradeUnionCrimeAnother": null, "meetingsRight": null, "meetingsRightAnother": null, "сonvention87": null, "tradeUnionBuildingsRight": null, "tradeUnionBuildingsRightAnother": null, "createOrganizationRight": null, "createOrganizationRightAnother": null, "createTradeUnionRight": null, "createTradeUnionRightAnother": null, "electionsRight": null, "electionsRightAnother": null, "tradeUnionActivityRight": null, "tradeUnionActivityRightAnother": null, "createStrikeRight": null, "createStrikeRightAnother": null, "сonvention98": null, "antiTradeUnionDiscrimination": null, "antiTradeUnionDiscriminationAnother": null, "conversationRight": null, "conversationRightAnother": null, "сonvention135": null, "сonvention135Another": null, "consultationRight": null, "consultationRightAnother": null, "principleOfNonDiscrimination": null, "discriminatiOnVariousGrounds": null, "discriminationInVariousAreas": null, "discriminationInVariousAreasAnother": null, "publicPolicyDiscrimination": null, "childLabor": null, "сonvention138": null, "convention182": null, "prohibitionOfForcedLabor": 2, "useOfForcedLabor": null, "governmentCoercion": null, "violationsUsingCompulsoryLabor": null, "failureSystemicMeasures": null, "start_date": "2021-10-15T18:00:00Z", "end_date": null, "date_type": false, "victim": 3, "tradeUnionInfo": null, "groupOfPersons": 21, "intruderAnother": null, "government_agency_name": "Акимат города Семей", "local_agency_name": null, "police_agency_name": null, "company": null, "exact_data": "Дмитрий Гариков, заместитель акима города Семей, 16.10.2021 г., г. Семей", "case_description": "В редакцию Arnapress.kz обратилась жительница Семея, прислав фотографии школьных учителей, убирающих городские улицы. Автор снимков сообщила, что у ее ребенка сегодня, 16 октября, отменили занятия в школе из-за того, что преподавателей обязали выйти на субботник. Это обстоятельство немало возмутило родительницу. Корреспонденту Arnapress.kz удалось найти распоряжение об организации сегодняшнего субботника. Оно подписано заместителем акима города Димитрием Гариковым. Согласно этому документу, руководителям отделов поручено организовать выход на субботник всех учреждений и предприятий независимо от форм собственности.\r\nМежду тем, согласно Закону \"О статусе педагогов\", не допускается \"привлекать учителей к видам работ, не связанным с профессиональными обязанностями\". В случае, о котором рассказала родительница, учителей мало того, что обязали выйти на субботник, но еще и сделали это в ущерб учебному процессу.\r\nСм. приложение 1 Распоряжение заместителя акима г. Семей о проведении субботника 16.10.21.", "tradeunion_actions": "профсоюз работников образования проигнорировал данную ситуацию.", "case_result": "Министр образования и науки Асхат Аймагамбетов прокомментировал инцидент с учителями Семея, которых вывели подметать улицы 16 октября, отменив при этом занятия в школе. \"Учителей в городе Семее отвлекли от учебного процесса и отправили подметать улицы. Судя по всему, такое поручение было дано заместителем акима города. По крайней мере, письмо с таким содержанием было направлено в школы. Привлечение к несвойственным функциям запрещено законом, который был принят в декабре 2019-го года. С тех пор прошло достаточно времени, чтобы понять – учителя должны заниматься только прямыми функциональными обязанностями\", − отметил министр образования. Он напомнил, что за подобные нарушения уже наказано порядка 200 руководителей, начиная от привлечения к дисциплинарной и административной ответственности и заканчивая увольнением. \"В связи с инцидентом в городе Семей департаментом по обеспечению качества в сфере образования начато административное дело, проводится проверка. В случае подтверждения причастности заместителя акима города данное должностное лицо и иные лица будут привлечены к административной ответственности. Мы также обратимся в Агентство по делам государственной службы для принятия необходимых мер. Также к ответственности должна быть привлечена и руководитель отдела образования города\", − резюмировал министр. \r\n21.10.21 по данным СМИ К административной ответственности привлечены должностные лица, отправившие педагогов подметать улицы в Семее. Речь идёт о заместителе акима Семея Димитрии Гарикове. МОН направило письмо о применении в отношении заместителя акима и дисциплинарных мер. Руководитель отдела образования Семея Наталья Фесенко получила дисциплинарное наказание в виде выговора. При этом она также привлечена к административной ответственности. Помимо сотрудников акимата к административной ответственности привлекли директора школы №9 Тегай Н.В. и исполняющего обязанности директора школы №43 Искрина А.В.", "violation_nature": 2, "rights_state": 3, "rights_state_another": null, "victim_situation": 1, "victim_situation_another": null, "tradeUnionSituation": null, "tradeUnionSituation_another": null, "tradeUnionCount": null, "case_text": "https://informburo.kz/novosti/zamakima-semeya-kotoryj-otpravil-uchitelej-podmetat-ulicy-privlekli-k-otvetstvennosti", "trade_union_activities": 3, "trade_union_activities_another": null, "user": 28, "active": true, "comment": null, "source": [3], "intruder": [1]}}, {"model": "work.case", "pk": 41, "fields": {"case_name": "Субботник медиков Талдыкоргана", "date_create": "2021-10-18T10:00:22.606Z", "date_update": "2021-10-18T10:00:22.606Z", "source_another": null, "source_url": "Статья от ratel.kz", "source_content": "Медики Талдыкоргана в свой законный выходной вынуждены ремонтировать поликлиники\r\n\r\nВ руководстве говорят, строительный энтузиазм у них - по доброте душевной\r\nВ субботу, 2 октября, корреспондент Ratel.kz зафиксировала на фото факт \"трудовой эксплуатации\" медиков в здании городской женской консультации. Учреждение находится в центре города недалеко от зеленного рынка. Как выяснилось, несмотря на выходной день, медсестры, санитарки и даже врачи таскали по лестницам тяжелые шкафы, мыли окна, красили стены и потолки, а также отмывали полы от налипшей краски.На наш вопрос, что они тут делают, некоторые работницы в белых халатах отмолчались, а другие, попросив не называть их имена, пожаловались на то, что вынуждены были выйти на работу, так как им пригрозили увольнением. \r\n\r\nГлавный врач детской поликлиники Талдыкоргана Мария ОМАРОВА, к слову, её самой на субботнике не было, рассказала о причине несвойственной для медиков трудовой деятельности.\r\n- Мы решили детскую поликлинику перевезти в здание женской консультации, а консультацию переведут в другое место. Мы хотели сделать побыстрее. Медперсонал никто не заставлял выходить на субботник. Они сами так решили. Мы не можем запретить им выходить на субботники, - констатировала Мария Омарова.", "country": 3, "region": 63, "city_name": "Талдыкорган", "case_company_name": "Детская поликлиника г.Талдыкоргана", "groupOfRights": 6, "tradeUnionRight": null, "tradeUnionRightAnother": null, "tradeUnionCrime": null, "tradeUnionCrimeAnother": null, "meetingsRight": null, "meetingsRightAnother": null, "сonvention87": null, "tradeUnionBuildingsRight": null, "tradeUnionBuildingsRightAnother": null, "createOrganizationRight": null, "createOrganizationRightAnother": null, "createTradeUnionRight": null, "createTradeUnionRightAnother": null, "electionsRight": null, "electionsRightAnother": null, "tradeUnionActivityRight": null, "tradeUnionActivityRightAnother": null, "createStrikeRight": null, "createStrikeRightAnother": null, "сonvention98": null, "antiTradeUnionDiscrimination": null, "antiTradeUnionDiscriminationAnother": null, "conversationRight": null, "conversationRightAnother": null, "сonvention135": null, "сonvention135Another": null, "consultationRight": null, "consultationRightAnother": null, "principleOfNonDiscrimination": 2, "discriminatiOnVariousGrounds": null, "discriminationInVariousAreas": 6, "discriminationInVariousAreasAnother": null, "publicPolicyDiscrimination": null, "childLabor": null, "сonvention138": null, "convention182": null, "prohibitionOfForcedLabor": null, "useOfForcedLabor": null, "governmentCoercion": null, "violationsUsingCompulsoryLabor": null, "failureSystemicMeasures": null, "start_date": "2021-10-02T18:00:00Z", "end_date": null, "date_type": false, "victim": 3, "tradeUnionInfo": null, "groupOfPersons": 18, "intruderAnother": null, "government_agency_name": null, "local_agency_name": null, "police_agency_name": null, "company": null, "exact_data": "В свой выходной день, то есть в воскресенье 3 октября 2021 года, работники Детской поликлиники города Талдыкорган делали ремонт на своем рабочем месте, то есть в здании поликлиники. Все работники и врачи и медицинские сестра, санитарки, так как им пригрозили увольнением.", "case_description": "Со слов главного врача, Городская поликлиника переезжала со своего здания в другое и чтобы ускорить процесс переезда и ремонта работники решили весь ремонт взять на себя. Однако, когда корреспондент брала интервью, работники, среди которых были врачи, мед.сестра и другие, сказали, что их в этом труде обязали, пригрозили уволить, если не выйдут на тот якобы субботник.  Кто-то из персонала дал интервью, скрывая имена, а кто-то побоялся.", "tradeunion_actions": "Никаких действий предпринято не было", "case_result": "Работники продолжают работать, так как обращении не было", "violation_nature": 1, "rights_state": 2, "rights_state_another": null, "victim_situation": 1, "victim_situation_another": null, "tradeUnionSituation": null, "tradeUnionSituation_another": null, "tradeUnionCount": null, "case_text": "", "trade_union_activities": null, "trade_union_activities_another": null, "user": 23, "active": true, "comment": null, "source": [3], "intruder": [4]}}, {"model": "work.case", "pk": 42, "fields": {"case_name": "Жалобы водителей Скорой помощи Алматы", "date_create": "2021-10-18T11:48:38.839Z", "date_update": "2021-10-18T11:48:38.839Z", "source_another": null, "source_url": "https://informburo.kz/", "source_content": "Они уверяют, что их заставляют ремонтировать автомобили за свой счёт, а также не выплачивают надбавки.\r\nВодители и медики Службы скорой помощи Алматы пожаловались на руководство на пресс-конференции. По их словам, давление на несогласных продолжается, не выплачиваются надбавки, а ремонт автомобилей и покупка запчастей ложится на их плечи.\r\n\r\nПозиция водителей и медиков. Адвокат Андрей Ушаков, представляющий интересы водителя Кенжебулата Есимсеитова, напомнил, что напряжённая ситуация наблюдается уже несколько лет. В первый раз он представлял интересы медиков в 2014 году, с тех пор сохранились всё те же проблемы.\r\n\r\n80 сотрудников службы написали письмо, в котором изложили свои жалобы. В одном из пунктов письма говорилось о предыдущих местах работы нынешнего директора Службы скорой помощи Алматы Ербола Сарсенбаева и обстоятельствах его ухода.\r\n\r\n\"От наших правоохранительных органов последовала неадекватная реакция – по заявлению директора Службы скорой медицинской помощи Ербола Сарсенбаева возбудили дело по статье 274 УК РК – \"Распространение заведомо ложной информации\", – рассказал Андрей Ушаков.\r\n\r\nПо словам Кенжкбулата Есимсеитова, 7 октября его доставили в Алмалинский РУВД, отняли телефон и допросили. А после дали повестку, в которой он значится свидетелем. \r\n\r\n\"Мы с 2020 года, с начала пандемии, выходили и на телевидение, СМИ и блогеров. Мы просим, чтобы защитили наши права. Обращались в акимат, в прокуратуру – всё без ответа. Мы стучались во все двери, но нас не услышали. Написали в Нур-Султан – в Министерство здравоохранения, Генеральную прокуратуру и Администрацию президента\", – рассказал Кенжебулат Есимсеитов.\r\n\r\nПосле этого, продолжил водитель станции скорой помощи, началось давление со стороны руководства. Сотрудникам якобы угрожали увольнением. Из 80 человек оставили свои подписи 24. \r\n\r\nКенжебулат Есимсеитов на пресс-конференции зачитал обращение к президенту Касым-Жомарту Токаеву. От имени коллектива он попросил разобраться в ситуации и защитить права работников. \r\n\r\nЧто ответили в ДП Алматы. Уголовное дело по статье 274 находится в производстве следственного отдела УП Алмалинского района по заявлению главврача Ербола Сарсенбаева. \r\n\r\n\"В рамках уголовного дела доставлен водитель Есимсеитов, которого допросили в качестве свидетеля, имеющего право на защиту, с участием защитника. Проводятся следственные действия\", – сообщили в полиции.\r\n\r\nПозиция руководства службы. Директор Службы скорой медицинской помощи Алматы Ербол Сарсенбаев опроверг информацию о том, что водителей вынуждают ремонтировать автомобили за свой счёт. Он сообщил, что службу проверяли по жалобам сотрудников несколько раз и проверки не подтвердили доводы, изложенные в заявлениях водителей.\r\nОн добавил, что написал заявление о распространении заведомо ложной информации и защите чести и достоинства как частное лицо, а не как руководитель службы.\r\n\r\nЕрбол Сарсенбаев отметил, что в ходе проверки он выяснил, что многих людей, подписавших жалобу, заставили сделать это обманом. Именно поэтому, по словам главы службы, позже число подписавшихся сократилось до 24 человек. \r\n\r\nКомментарий пресс-службы управления общественного здоровья Алматы. В ведомстве также отметили, что доводы водителей были предметом неоднократных проверок, проводимых различными уполномоченными органами. Факты не нашли своего подтверждения и были признаны необоснованными.\r\nВ ведомстве подчеркнули, что директор Сарсенбаев, как любой другой гражданин, имел право обратиться в правоохранительные органы, чтобы защитить свои права.\r\n\r\n\"И поскольку в настоящее время проводится досудебное расследование по заявлению Сарсенбаева, в связи с необходимостью соблюдения тайны следствия никто не вправе давать какие-либо комментарии\", – добавили в пресс-службе управления общественного здоровья.", "country": 3, "region": 58, "city_name": "Алматы", "case_company_name": "KГП на ПХВ «Служба скорой медицинской помощи»", "groupOfRights": 6, "tradeUnionRight": null, "tradeUnionRightAnother": null, "tradeUnionCrime": null, "tradeUnionCrimeAnother": null, "meetingsRight": null, "meetingsRightAnother": null, "сonvention87": null, "tradeUnionBuildingsRight": null, "tradeUnionBuildingsRightAnother": null, "createOrganizationRight": null, "createOrganizationRightAnother": null, "createTradeUnionRight": null, "createTradeUnionRightAnother": null, "electionsRight": null, "electionsRightAnother": null, "tradeUnionActivityRight": null, "tradeUnionActivityRightAnother": null, "createStrikeRight": null, "createStrikeRightAnother": null, "сonvention98": null, "antiTradeUnionDiscrimination": null, "antiTradeUnionDiscriminationAnother": null, "conversationRight": null, "conversationRightAnother": null, "сonvention135": null, "сonvention135Another": null, "consultationRight": null, "consultationRightAnother": null, "principleOfNonDiscrimination": 2, "discriminatiOnVariousGrounds": null, "discriminationInVariousAreas": 4, "discriminationInVariousAreasAnother": null, "publicPolicyDiscrimination": null, "childLabor": null, "сonvention138": null, "convention182": null, "prohibitionOfForcedLabor": null, "useOfForcedLabor": null, "governmentCoercion": null, "violationsUsingCompulsoryLabor": null, "failureSystemicMeasures": null, "start_date": "2021-07-26T18:00:00Z", "end_date": "2021-10-17T18:00:00Z", "date_type": true, "victim": 3, "tradeUnionInfo": null, "groupOfPersons": 19, "intruderAnother": null, "government_agency_name": null, "local_agency_name": null, "police_agency_name": null, "company": null, "exact_data": "С 2020 года водители ГКП на ПХВ «Служба скорой медицинской помощи», 80 человек обратились с заявлением к президенту РК Токаеву К. на нарушение их законных прав.", "case_description": "Со слов водителей Скорой помощи, у которых брали интервью корреспонденты, указывают на то, что руководство оказывает на них давление, не выплачивает надбавки, а ремонт автомобилей и покупка запчастей также ложится на плечи самих водителей. В одном из пунктов заявления  говорилось о предыдущих местах работы нынешнего директора Службы скорой помощи Алматы Ербола Сарсенбаева и обстоятельствах его ухода. Сообщается, что после прихода нового директора, «ковидные надбавки» водителям скорой помощи резко сократились, хотя министерство не издавало соответствующих приказов. Согласно обращению, водителям не выдается спецодежда, автомобили они вынуждены ремонтировать за свой счет. Руководство нередко привлекает к ответственности за превышение скорости, зафиксированное системой GPS, со слов водителей, это деятельность других структурных подразделении власти. После заявления водителей, руководство начало оказывать давление на водителей с угрозой увольнения и в итоге из 80 подписавшихся человек осталось 24 водителя. В октябре 2021 года от руководителя работодателя, то есть от руководителя Службы скорой помощи Алматы было составлено заявление в правоохранительные органы за \"клевету\", где водитель Есимсеитов К. является свидетелем. Ведется расследование.", "tradeunion_actions": "Нет сведении", "case_result": "Ведется разбирательство со стороны правоохранительных органов", "violation_nature": 1, "rights_state": 2, "rights_state_another": null, "victim_situation": 1, "victim_situation_another": null, "tradeUnionSituation": null, "tradeUnionSituation_another": null, "tradeUnionCount": null, "case_text": "", "trade_union_activities": 2, "trade_union_activities_another": null, "user": 23, "active": true, "comment": null, "source": [3], "intruder": [4]}}, {"model": "work.case", "pk": 43, "fields": {"case_name": "Требование о выплате заработной платы", "date_create": "2021-10-18T12:08:40.859Z", "date_update": "2021-10-18T12:13:02.895Z", "source_another": null, "source_url": "https://bureau.kz/novosti/gosudarstvo-otygryvaet-nazad/", "source_content": "Сегодня неожиданно вызвали в Службу пробации. Оказывается из ДУИС г.Алматы по мою душу прибыл глава ОРСП подполковник Закирбаев М.А. Состоялась почти часовая беседа, поводом для которой послужило мое требование к Медеу Акимат о выплате заработной платы за отработанные часы принудительных работ. Мне напомнили о праве обратиться за УДО, но услышали о моем желании отказаться от этого по примеру Арон Атабек - ведь и мой приговор тоже был вынесен по сфабрикованному властями обвинению. \r\nМурат Акимбаевич продемонстрировал свою осведомленность о прецедентах когда главами государств становились бывшие политзаключенные (в частности, он упомянул Садыра Жапарова, Эрдогана и Саакашвили). И это хороший признак - значит все больше наших граждан осознают, что ничто не вечно под Луной и в том числе правление Назарбаева (который был многократно назван мной как основной источник большинства бед современного Казахстана). \r\nВ общем, диалог прошел на равных. В итоге мне пожелали скорейшего отбытия наказания и попросили войти в положение, завершив отработку оставшихся часов принудительного труда (несмотря на мое устройство на постоянную работу по специальности). Чем я непременно воспользуюсь для увеличения размера своих требований к Акимату Медеуского района, возглавляемому председателем соответствующего районного филиала \"Nur Otan\".😉\r\n\r\nДвигаемся дальше, ибо с нами Бог☝ и Конституция✊!", "country": 3, "region": 58, "city_name": "Алматы", "case_company_name": "Принудительная работа", "groupOfRights": 6, "tradeUnionRight": null, "tradeUnionRightAnother": null, "tradeUnionCrime": null, "tradeUnionCrimeAnother": null, "meetingsRight": null, "meetingsRightAnother": null, "сonvention87": null, "tradeUnionBuildingsRight": null, "tradeUnionBuildingsRightAnother": null, "createOrganizationRight": null, "createOrganizationRightAnother": null, "createTradeUnionRight": null, "createTradeUnionRightAnother": null, "electionsRight": null, "electionsRightAnother": null, "tradeUnionActivityRight": null, "tradeUnionActivityRightAnother": null, "createStrikeRight": null, "createStrikeRightAnother": null, "сonvention98": null, "antiTradeUnionDiscrimination": null, "antiTradeUnionDiscriminationAnother": null, "conversationRight": null, "conversationRightAnother": null, "сonvention135": null, "сonvention135Another": null, "consultationRight": null, "consultationRightAnother": null, "principleOfNonDiscrimination": 2, "discriminatiOnVariousGrounds": null, "discriminationInVariousAreas": 5, "discriminationInVariousAreasAnother": null, "publicPolicyDiscrimination": null, "childLabor": null, "сonvention138": null, "convention182": null, "prohibitionOfForcedLabor": null, "useOfForcedLabor": null, "governmentCoercion": null, "violationsUsingCompulsoryLabor": null, "failureSystemicMeasures": null, "start_date": "2021-10-12T18:00:00Z", "end_date": null, "date_type": false, "victim": 2, "tradeUnionInfo": null, "groupOfPersons": null, "intruderAnother": null, "government_agency_name": null, "local_agency_name": "Аппарат акима Медеуского района", "police_agency_name": null, "company": null, "exact_data": "Альнур Ильяшев в июне 2020 года был осужден на три года, как политический активист, за заведомо ложную информацию о партии в РК. А также был привлечен к принудительному труду.", "case_description": "Ильяшев имел санкцию - принудительный труд, за что не получал заработную плату. Так как человек грамотный и знающий свои права (юрист по образования), он обратился в местный муниципалитет по месту проживания о выплате заработной платы за отработанные часы принудительных работ. На сегодняшний день, ответа на свой запрос не получил.", "tradeunion_actions": "Не участник профсоюза", "case_result": "Пока ничем", "violation_nature": 1, "rights_state": 2, "rights_state_another": null, "victim_situation": 1, "victim_situation_another": null, "tradeUnionSituation": null, "tradeUnionSituation_another": null, "tradeUnionCount": null, "case_text": "", "trade_union_activities": null, "trade_union_activities_another": null, "user": 23, "active": true, "comment": null, "source": [3], "intruder": [2]}}, {"model": "work.case", "pk": 44, "fields": {"case_name": "200 работникам «Шыгыс Акпарат» задержали зарплату", "date_create": "2021-10-19T14:48:25.034Z", "date_update": "2021-10-19T14:48:25.034Z", "source_another": null, "source_url": "https://orda.kz/na-avtobus-net-deneg-okolo-200-rabotnikov-smi-bez-zarplaty-v-vko/", "source_content": "Около 200 работников государственного медиахолдинга «Шыгыс Акпарат» в Восточном Казахстане не могут получить заработную плату, передаёт Orda.kz. «Только что депутаты говорили, что пришло время уточнить статус журналистов. Подождем со статусом, на востоке журналисты третий месяц сидят без зарплаты. И снова «Шыгыс Акпарат». Вернулись в 90-е. Ежегодно начинают разговор о тендерах, интригах, деньгах, креслах. Несчастные 150 тысяч тенге не можем получить. В августе не смогли собрать детей в школу. Уже и октябрь подошел. Кто ответит за это?«, — задается вопросом главный редактор сайта Аltaynews.kz Дарын Нурсапар в Facebook. \r\nВ комментарии журналисту Orda.kz Нурсапар сообщил, что невыплату зарплат около 200 работников медиа-холдинга руководство объясняет отсутствием денег и тендеров.\r\n— Говорят нам, чтобы мы потерпели. Мы терпели. Сколько еще терпеть? В холдинге каждый год меняется директор, причины нам не известны. Известно лишь, что идут интриги из-за тендеров. У всех журналистов кредиты, ипотека. Даже на автобус нет денег, журналисты не могут из дома выйти. Нет денег на интернет, живем в долг, — поделился он. Председатель правления ТОО «Медиа-холдинг «Шыгыс Акпарат» Ерлан Смагулов уточнил, что «задолжали зарплату только за август — только 30%, а 70% оплатили.»\r\n\r\n— За сентябрь до 10 октября еще есть время оплатить. В 2019 году по госинформзаказу в «Шыгыс Акпарат» от управления внутренней политики ВКО поступило 431 миллион тенге. В 2020 году – 376 миллионов тенге. В этом году – всего 182 миллиона тенге. СММ-департаменту в два раза урезали госзаказ. В СММ-департаменте два отдела — 14 человек, они не приносят дохода «Шыгыс Акпарат», работают на УВП. Госинформзаказ в этом году специально затянули, до сих разыгрывают. В этом году по заказу УВП делали спецвыпуск, они до сих пор за него 6 миллионов тенге не оплатили. Меня хотят уволить. Замакима области Азамат Мухамедчинов сказал, что пока я не уйду, зарплаты никому не платить, пусть народ шумит, — рассказал свою версию конфликта глава холдинга.\r\nОн также ответил на вопрос, по какой причине в акимате требуют его увольнения.\r\n— Кто-то сказал, что я помогаю в интересах ТОО «Semey Bus», участвую в информационной войне против акима области, которую ведёт ряд предпринимателей города Семей. На самом деле в марте Мухамедчинов отправил ко мне своего знакомого, чтобы я назначил его своим заместителем, но я не согласился. Вторая причина в госинформзаказе, который мне предлагали взять, но я отказываюсь, так как это не законно, — объяснил Смагулов.\r\nЗа комментариями по данному вопросу пресс-служба акима ВКО направила журналиста Orda.kz к руководителю управления внутренней политики области. Жанат Мекеева вопросы получила, но на момент публикации материала не прокомментировала ситуацию.\r\nТОО «Шыгыс Акпарат» — крупнейший медиа-холдинг Восточно-Казахстанской области. В его составе две областные газеты – Didar и «Рудный Алтай», шесть районных газет, сайт Altaynews, региональная служба коммуникаций, отдел по работе в социальных сетях (SMM), типография. Собственником ТОО со 100% долей участия в уставном капитале является акимат Восточно- Казахстанской области.", "country": 3, "region": 65, "city_name": "г Усть-Каменогорск", "case_company_name": "ТОО «Шыгыс Акпарат»", "groupOfRights": 6, "tradeUnionRight": null, "tradeUnionRightAnother": null, "tradeUnionCrime": null, "tradeUnionCrimeAnother": null, "meetingsRight": null, "meetingsRightAnother": null, "сonvention87": null, "tradeUnionBuildingsRight": null, "tradeUnionBuildingsRightAnother": null, "createOrganizationRight": null, "createOrganizationRightAnother": null, "createTradeUnionRight": null, "createTradeUnionRightAnother": null, "electionsRight": null, "electionsRightAnother": null, "tradeUnionActivityRight": null, "tradeUnionActivityRightAnother": null, "createStrikeRight": null, "createStrikeRightAnother": null, "сonvention98": null, "antiTradeUnionDiscrimination": null, "antiTradeUnionDiscriminationAnother": null, "conversationRight": null, "conversationRightAnother": null, "сonvention135": null, "сonvention135Another": null, "consultationRight": null, "consultationRightAnother": null, "principleOfNonDiscrimination": 2, "discriminatiOnVariousGrounds": null, "discriminationInVariousAreas": 5, "discriminationInVariousAreasAnother": null, "publicPolicyDiscrimination": null, "childLabor": null, "сonvention138": null, "convention182": null, "prohibitionOfForcedLabor": null, "useOfForcedLabor": null, "governmentCoercion": null, "violationsUsingCompulsoryLabor": null, "failureSystemicMeasures": null, "start_date": "2021-06-30T18:00:00Z", "end_date": "2021-06-30T18:00:00Z", "date_type": true, "victim": 3, "tradeUnionInfo": null, "groupOfPersons": 20, "intruderAnother": null, "government_agency_name": "Акимат Восточно-Казахстанской области", "local_agency_name": null, "police_agency_name": null, "company": null, "exact_data": "главный редактор сайта Аltaynews.kz Дарын Нурсапар, Председатель правления ТОО «Медиа-холдинг «Шыгыс Акпарат» Ерлан Смагулов, 01.10.2021 г., г. Усть-Каменогорск", "case_description": "01.10.2021 г. главный редактор сайта Аltaynews.kz Дарын Нурсапар на своей странице в Фейсбуке написал, что \"Только что депутаты говорили, что пришло время уточнить статус журналистов. Подождем со статусом, на востоке журналисты третий месяц сидят без зарплаты. И снова «Шыгыс Акпарат». Вернулись в 90-е. Ежегодно начинают разговор о тендерах, интригах, деньгах, креслах. Несчастные 150 тысяч тенге не можем получить. В августе не смогли собрать детей в школу. Уже и октябрь подошел. Кто ответит за это?\". Журналист сообщил, что заработную плату задерживают более 200 работникам ТОО \"Шыгыс Акпарат».\r\nПредседатель правления ТОО «Медиа-холдинг «Шыгыс Акпарат» Ерлан Смагулов уточнил, что «задолжали зарплату только за август — только 30%, а 70% оплатили.»\r\n— За сентябрь до 10 октября еще есть время оплатить. В 2019 году по госинформзаказу в «Шыгыс Акпарат» от управления внутренней политики ВКО поступило 431 миллион тенге. В 2020 году – 376 миллионов тенге. В этом году – всего 182 миллиона тенге. СММ-департаменту в два раза урезали госзаказ. В СММ-департаменте два отдела — 14 человек, они не приносят дохода «Шыгыс Акпарат», работают на УВП. Госинформзаказ в этом году специально затянули, до сих разыгрывают. В этом году по заказу УВП делали спецвыпуск, они до сих пор за него 6 миллионов тенге не оплатили. Меня хотят уволить. Замакима области Азамат Мухамедчинов сказал, что пока я не уйду, зарплаты никому не платить, пусть народ шумит, — рассказал свою версию конфликта глава холдинга.\r\nЗа комментариями по данному вопросу пресс-служба акима ВКО направила журналиста Orda.kz к руководителю управления внутренней политики области. Жанат Мекеева вопросы получила, но на момент публикации материала не прокомментировала ситуацию.", "tradeunion_actions": "Профсоюз работников СМИ не вмешивается в конфликтную ситуацию.", "case_result": "На 19.10.2021 г. задолженность по заработной плате за сентябрь была погашена. Сохраняется конфликтная ситуация между председателем правления ТОО «Медиа-холдинг «Шыгыс Акпарат» Ерланом Смагуловым и заместителем акима ВКО Азаматом Мухамедчиновым.", "violation_nature": 2, "rights_state": 3, "rights_state_another": null, "victim_situation": 1, "victim_situation_another": null, "tradeUnionSituation": null, "tradeUnionSituation_another": null, "tradeUnionCount": null, "case_text": "", "trade_union_activities": 19, "trade_union_activities_another": "Средств массовой информации", "user": 28, "active": true, "comment": null, "source": [3], "intruder": [1]}}, {"model": "work.case", "pk": 45, "fields": {"case_name": "О взыскании компенсации ИП Лунева М.С. к Князеву В", "date_create": "2021-10-19T17:07:00.767Z", "date_update": "2021-10-19T17:07:00.767Z", "source_another": null, "source_url": null, "source_content": "", "country": 3, "region": 65, "city_name": "г Усть-Каменогорск", "case_company_name": "Индивидуальный предприниматель Лунёв М.С.", "groupOfRights": 6, "tradeUnionRight": null, "tradeUnionRightAnother": null, "tradeUnionCrime": null, "tradeUnionCrimeAnother": null, "meetingsRight": null, "meetingsRightAnother": null, "сonvention87": null, "tradeUnionBuildingsRight": null, "tradeUnionBuildingsRightAnother": null, "createOrganizationRight": null, "createOrganizationRightAnother": null, "createTradeUnionRight": null, "createTradeUnionRightAnother": null, "electionsRight": null, "electionsRightAnother": null, "tradeUnionActivityRight": null, "tradeUnionActivityRightAnother": null, "createStrikeRight": null, "createStrikeRightAnother": null, "сonvention98": null, "antiTradeUnionDiscrimination": null, "antiTradeUnionDiscriminationAnother": null, "conversationRight": null, "conversationRightAnother": null, "сonvention135": null, "сonvention135Another": null, "consultationRight": null, "consultationRightAnother": null, "principleOfNonDiscrimination": 1, "discriminatiOnVariousGrounds": 2, "discriminationInVariousAreas": null, "discriminationInVariousAreasAnother": null, "publicPolicyDiscrimination": null, "childLabor": null, "сonvention138": null, "convention182": null, "prohibitionOfForcedLabor": null, "useOfForcedLabor": null, "governmentCoercion": null, "violationsUsingCompulsoryLabor": null, "failureSystemicMeasures": null, "start_date": "2021-02-05T18:00:00Z", "end_date": null, "date_type": false, "victim": 2, "tradeUnionInfo": null, "groupOfPersons": null, "intruderAnother": null, "government_agency_name": null, "local_agency_name": null, "police_agency_name": null, "company": null, "exact_data": "Индивидуальный предприниматель Лунёв Михаил Сергеевич, Князев Валентин Анатольевич, 06.02.2021 г., г. усть-Каменогорск", "case_description": "Согласно трудовому договору от 22 января 2021 года Князев В.А. принят на работу к ИП Лунёву М.С. в качестве риелтора. 22 января 2021 года между сторонами подписан Договор о неразглашении коммерческой тайны и не конкуренции (далее – Договор). 6 февраля 2021 года Князев В.А. уволен в связи с отсутствием на рабочем месте без уважительных причин три и более часа. ИП Лунёв М.С. считает, что Князев В.А. нарушил пункт 2.1. Договора, просит взыскать с него компенсацию в сумме 10 000 0000 тенге, а также судебные расходы по оплате услуг нотариуса в сумме 3 209 тенге, по оплате услуг представителя в сумме 100 000 тенге. Князев В.А. с иском о взыскании компенсации не согласился, считает, что стороной истца не представлено доказательств нарушения им\r\nусловий Договора, просил в иске отказать. Предъявил встречные исковые требования о признании раздела 5 Договора недействительным. Затем увеличил исковые требования взысканием заработной платы. Увеличение\r\nвстречных исковых требований о взыскании с ИП Лунёва М.С. невыплаченной заработной платы и компенсации за неиспользованный отпуск в общей сумме 45 000 тенге, судом не приняты, так как не относятся к предмету первоначального иска, не взаимосвязаны с ним, и кроме того, взыскание заработной платы подлежит разрешению в досудебном порядке. В судебном заседании представитель ответчика Соколов И.Н. просил в удовлетворении исковых требований отказать, удовлетворить встречные исковые требования.", "tradeunion_actions": "В профсоюз не обращался", "case_result": "5.05.2021 г. судья Усть-Каменогорского городского суда Уалиева Б.К. вынесла решение, в котором удовлетворении искового заявления ИП Лунёва М,С. к Князеву В.А. о взыскании компенсации отказать. Встречные исковые требования Князева В.А. к ИП Лунёву М.С.  о признании раздела 5 Договора о неразглашении коммерческой тайны и неконкуренции недействительным удовлетворить частично. Признать недействительным пункт 5.2. раздела 5 Договора о неразглашении коммерческой тайны и неконкуренции от 22 января 2021 года, заключенного между ИП Лунёвым М.С.  и Князевым Валентином Анатольевичем. В удовлетворении требований о признании пункта 5.1. раздела 5 Договора о неразглашении коммерческой тайны и неконкуренции от 22 января 2021 года недействительным отказать. Взыскать с ИП Лунёва М.С. в пользу Князева В.А.  судебные расходы по оформлению нотариальной доверенности в сумме 3 209 (три тысячи двести девять) тенге, по оплате государственной пошлины в сумме 1459 тенге.", "violation_nature": 1, "rights_state": 1, "rights_state_another": null, "victim_situation": 2, "victim_situation_another": null, "tradeUnionSituation": null, "tradeUnionSituation_another": null, "tradeUnionCount": null, "case_text": "", "trade_union_activities": 17, "trade_union_activities_another": null, "user": 28, "active": true, "comment": null, "source": [2], "intruder": [4]}}, {"model": "work.case", "pk": 46, "fields": {"case_name": "О признании действий администрации Гагаринской шк.", "date_create": "2021-10-19T17:46:22.924Z", "date_update": "2021-10-19T17:53:00.429Z", "source_another": null, "source_url": null, "source_content": "", "country": 3, "region": 65, "city_name": "с. Гагарино, Уланский района ВКО", "case_company_name": "Коммунальное государственное учреждение «Гагаринская средняя школа»", "groupOfRights": 6, "tradeUnionRight": null, "tradeUnionRightAnother": null, "tradeUnionCrime": null, "tradeUnionCrimeAnother": null, "meetingsRight": null, "meetingsRightAnother": null, "сonvention87": null, "tradeUnionBuildingsRight": null, "tradeUnionBuildingsRightAnother": null, "createOrganizationRight": null, "createOrganizationRightAnother": null, "createTradeUnionRight": null, "createTradeUnionRightAnother": null, "electionsRight": null, "electionsRightAnother": null, "tradeUnionActivityRight": null, "tradeUnionActivityRightAnother": null, "createStrikeRight": null, "createStrikeRightAnother": null, "сonvention98": null, "antiTradeUnionDiscrimination": null, "antiTradeUnionDiscriminationAnother": null, "conversationRight": null, "conversationRightAnother": null, "сonvention135": null, "сonvention135Another": null, "consultationRight": null, "consultationRightAnother": null, "principleOfNonDiscrimination": 2, "discriminatiOnVariousGrounds": null, "discriminationInVariousAreas": 5, "discriminationInVariousAreasAnother": null, "publicPolicyDiscrimination": null, "childLabor": null, "сonvention138": null, "convention182": null, "prohibitionOfForcedLabor": null, "useOfForcedLabor": null, "governmentCoercion": null, "violationsUsingCompulsoryLabor": null, "failureSystemicMeasures": null, "start_date": "2020-01-31T18:00:00Z", "end_date": null, "date_type": false, "victim": 2, "tradeUnionInfo": null, "groupOfPersons": null, "intruderAnother": null, "government_agency_name": null, "local_agency_name": null, "police_agency_name": null, "company": null, "exact_data": "учителя физкультуры  школы с. Гагарино Уланского района ВКО Сапаргалиев Равиль Жанарбекович, Нұрлан Нұрболат, директор школы Аширбекова Б.Ш., 01.02.2020  г., С. Гагарино Уланского района ВКО", "case_description": "Нұрлан Н. и Сапаргалиев Р.Ж. были приняты 5 сентября 2013 года и 16 августа 2010 года соответственно в КГУ  «Гагаринская средняя школа» учителями физкультуры. В сентябре 2019 года Нұрлан Н. была протарифицирована учебная нагрузка в размере 27 часов в неделю на весь 2019-2020 учебный год, а Сапаргазину Р.Ж. 28 часов.\r\nОднако 1 февраля 2020 года директор, без предупреждения и без согласия истцов уменьшила учебную нагрузку в количестве 9 часов в неделю, приняв 3-го учителя физкультуры. В январе 2021 года истцы обратились в согласительную комиссию. Решение комиссии было единогласным, что директор своими действиями\r\nнарушила трудовые права истцов и должна немедленно вернуть им все часы их педагогической нагрузки, но директор данные указания не выполнила. В результате неправомерных действий директора школы -Аширбековой Б.Ш. заработная плата истцов стала намного меньше, в связи с чем, просили признать действия директора школы по уменьшению их педагогической нагрузки с 1 февраля 2020 года незаконными, а так же взыскать с ответчика всю недополученную мной заработную плату, какую бы они получали до уменьшения их педагогической нагрузки с 1 февраля 2020 года до 1 февраля 2021 года в сумме 716 800 тенге в пользу Нұрлан Н. и 637947 тенге в пользу\r\nСапаргазина Р.Ж. Учителя физкультуры обратились в профсоюз работников образования ВКО. В судебном заседании представитель истцов пояснил что, поддерживает исковые требования доверителей на основании изложенных доводов в иске. В судебном заседании ответчик и третье лицо, не заявляющее самостоятельные требования исковое заявление истца не признали полностью по доводам указанных в отзыве.", "tradeunion_actions": "Интересы Нұрлан Н. и Сапаргалиев Р.Ж. представлял юрист ВК профсоюза работников образования Соколов И.Н. В судебном заседании привлеченный в качестве специалиста -государственный инспектор труда ВКО Сейтов Е. пояснил, что работодатель мог забрать дополнительные часы у Нұрболат Н. и Сапаргалиева Р.Ж. и предоставить их основному третьему работнику. Так же Нұрболат Н. и Сапаргалиев Р.Ж. должны получать заработную плату за фактически отработанное время. Приказ о принятии третьего учителя физической культуры - Кумарбекова О.М. на работу ни кем был оспорен, производилась выплата заработной платы за фактически им отработанное время.\r\nВ соответствии с статьей 23 ТК, работодатель имеет право на свободу выбора при приеме на работу; изменять, дополнять, прекращать и расторгать трудовые договоры с работниками в порядке и по основаниям, установленным ТК. В соответствии с пунктом 2 статьи 52 ТК, трудовой договор о работе по совместительству может быть расторгнут по инициативе работодателя в случае заключения трудового договора с работником, для которого эта работа будет являться основной. Приняв третьего учителя физической культуры, работодатель вправе на основании пункта 2 статьи 52 ТК расторгнуть трудовые договора о работе по совместительству с Нурболат Н. и Сапаргалиевым Р.Ж., однако с работниками не были заключены дополнительные трудовые договора на\r\nсовместительство, вместо этого издавались приказы на расширение зоны обслуживания. Начиная с 1 сентября 2020 года была установлена новая тарификация, согласно которой изменились условия труда, были подписаны дополнительные трудовые соглашения с нагрузкой 18 часов у Сапаргалиева Р.Ж. и 19 часов у Нұрлан Н.", "case_result": "Принимая во внимание вышеизложенное, суд приходит к выводу об отказе в требовании №1, поскольку, уменьшение педагогической нагрузки истцам с 1 февраля 2020 года суд считает обоснованным Директор Аширбекова Б.Ш. неправильно оформляла документы по осуществлению трудовой деятельности работников, но правомерно уменьшила нагрузку у истцов, приняв третьего учителя. \r\n05.04.2021 г. судья Уланского городского суда Байжуманова А.А. вынесла решение в котором исковые заявления Нұрлан Нұрболат к КГУ «Гагаринская средняя школа» в лице директора Аширбековой Б.Ш.  о признании действий работодателя незаконными и взыскании недополученной заработной платы и Сапаргалиева Р.Ж.  к КГУ «Гагаринская средняя школа» в лице директора Аширбековой Б.Ш.  о признании действий работодателя незаконными\r\nи взыскании недополученной заработной платы отказать в полном объеме.", "violation_nature": 1, "rights_state": 2, "rights_state_another": null, "victim_situation": 1, "victim_situation_another": null, "tradeUnionSituation": 1, "tradeUnionSituation_another": null, "tradeUnionCount": 3, "case_text": "", "trade_union_activities": 3, "trade_union_activities_another": null, "user": 28, "active": true, "comment": null, "source": [2, 4], "intruder": [4]}}, {"model": "work.case", "pk": 47, "fields": {"case_name": "О взыскании задолженности по зарплате Куатбековой", "date_create": "2021-10-21T13:28:33.043Z", "date_update": "2021-10-21T13:28:33.044Z", "source_another": null, "source_url": null, "source_content": "", "country": 3, "region": 65, "city_name": "г Усть-Каменогорск", "case_company_name": "ТОО «Grand Premier Logistics»", "groupOfRights": 6, "tradeUnionRight": null, "tradeUnionRightAnother": null, "tradeUnionCrime": null, "tradeUnionCrimeAnother": null, "meetingsRight": null, "meetingsRightAnother": null, "сonvention87": null, "tradeUnionBuildingsRight": null, "tradeUnionBuildingsRightAnother": null, "createOrganizationRight": null, "createOrganizationRightAnother": null, "createTradeUnionRight": null, "createTradeUnionRightAnother": null, "electionsRight": null, "electionsRightAnother": null, "tradeUnionActivityRight": null, "tradeUnionActivityRightAnother": null, "createStrikeRight": null, "createStrikeRightAnother": null, "сonvention98": null, "antiTradeUnionDiscrimination": null, "antiTradeUnionDiscriminationAnother": null, "conversationRight": null, "conversationRightAnother": null, "сonvention135": null, "сonvention135Another": null, "consultationRight": null, "consultationRightAnother": null, "principleOfNonDiscrimination": 2, "discriminatiOnVariousGrounds": null, "discriminationInVariousAreas": 5, "discriminationInVariousAreasAnother": null, "publicPolicyDiscrimination": null, "childLabor": null, "сonvention138": null, "convention182": null, "prohibitionOfForcedLabor": null, "useOfForcedLabor": null, "governmentCoercion": null, "violationsUsingCompulsoryLabor": null, "failureSystemicMeasures": null, "start_date": "2019-12-31T18:00:00Z", "end_date": "2020-02-29T18:00:00Z", "date_type": true, "victim": 2, "tradeUnionInfo": null, "groupOfPersons": null, "intruderAnother": null, "government_agency_name": null, "local_agency_name": null, "police_agency_name": null, "company": null, "exact_data": "Куатбекова Гульзат Умаргалиевна, УТЕГУЛОВ АЛИ ТАРЬЕРОВИЧ, 01.01.2020 по 01.06.2021 г., г. Усть-Каменогорск", "case_description": "С 2 сентября 2019 года по 25 марта 2020 года Куатбекова Г.У.  состояла в трудовых отношений с ответчиком, в качестве HR - менеджера с окладом 250 000 тенге. В целях восстановления своих нарушенных прав, Куатбекова Г.У. обратилась в суд г. Усть-Каменогорска, считает, что ей ТОО не выплачена заработная плата за период с 1 января по 25 марта 2020 года и компенсация за неиспользованный трудовой отпуск за период работы в сумме 500 000 тенге, в связи с этим необходимо взыскать с ответчика пеню, а также просит суд взыскать с ответчика нанесенный ответчиком ущерб в сумме 288 300 тенге, который сложился из-за не выкупленного ею из ломбарда золотых изделий, из-за незаконных действий ответчика ей нанесен моральный ущерб в сумме 1000 000 тенге.  В судебном заседании представитель ответчика иск признал частично на сумму 172 728 тенге, в остальной части за необоснованностью просил отказать. Представитель Управления государственной инспекции труда ВКО просил удовлетворить иск частично, в части фактической задолженности по заработной плате, компенсации за неиспользованный трудовой отпуск и положенной за несвоевременную выплату пене, по сумме морального\r\nвреда оставил разрешение спора в этой части на усмотрение суда.", "tradeunion_actions": "не была членом профсоюза, Куатбекова Г.У. представляла свои интересы в суде самостоятельно.", "case_result": "3.02.2021 г. Судья Усть-Каменогорского городского суда Нуржанова М.Б. вынесла решение, согласно которому исковое заявление Куатбековой Гульзат Умаргалиевны к ТОО «Grand Premier Logistics» о взыскании задолженности по заработной плате, задолженности по компенсации за неиспользованный трудовой отпуск, пени, ущерба и\r\nморального вреда удовлетворить частично. Взыскать с товарищества с ограниченной ответственностью «Grand\r\nPremier Logistics» в пользу Куатбековой Гульзат Умаргалиевны задолженность по заработной плате в сумме 194 446  тенге, задолженность по компенсации за неиспользованный трудовой отпуск в сумме 122 786 тенге, пеню в сумме 33 741  тенге, материальный ущерб в сумме 14 822 тенге и моральный ущерб в сумме 50 000  тенге, всего 415 795 тенге.\r\nВ удовлетворении иска в части взыскания 1 372 505 тенге отказать. Трудовые права Куатбековой Г.У. были восстановлены.", "violation_nature": 1, "rights_state": 1, "rights_state_another": null, "victim_situation": 3, "victim_situation_another": null, "tradeUnionSituation": null, "tradeUnionSituation_another": null, "tradeUnionCount": null, "case_text": "", "trade_union_activities": 12, "trade_union_activities_another": null, "user": 28, "active": true, "comment": null, "source": [2], "intruder": [4]}}, {"model": "work.case", "pk": 48, "fields": {"case_name": "о взыскании материального ущерба с Свирдюкова С.О.", "date_create": "2021-10-21T14:10:44.157Z", "date_update": "2021-10-21T15:23:19.476Z", "source_another": null, "source_url": null, "source_content": "", "country": 3, "region": 65, "city_name": "г Усть-Каменогорск", "case_company_name": "Товарищество с ограниченной ответственностью «FORA TRADE ASIA»", "groupOfRights": 6, "tradeUnionRight": null, "tradeUnionRightAnother": null, "tradeUnionCrime": null, "tradeUnionCrimeAnother": null, "meetingsRight": null, "meetingsRightAnother": null, "сonvention87": null, "tradeUnionBuildingsRight": null, "tradeUnionBuildingsRightAnother": null, "createOrganizationRight": null, "createOrganizationRightAnother": null, "createTradeUnionRight": null, "createTradeUnionRightAnother": null, "electionsRight": null, "electionsRightAnother": null, "tradeUnionActivityRight": null, "tradeUnionActivityRightAnother": null, "createStrikeRight": null, "createStrikeRightAnother": null, "сonvention98": null, "antiTradeUnionDiscrimination": null, "antiTradeUnionDiscriminationAnother": null, "conversationRight": null, "conversationRightAnother": null, "сonvention135": null, "сonvention135Another": null, "consultationRight": null, "consultationRightAnother": null, "principleOfNonDiscrimination": 2, "discriminatiOnVariousGrounds": null, "discriminationInVariousAreas": 10, "discriminationInVariousAreasAnother": "о взыскании материального ущерба работника", "publicPolicyDiscrimination": null, "childLabor": null, "сonvention138": null, "convention182": null, "prohibitionOfForcedLabor": null, "useOfForcedLabor": null, "governmentCoercion": null, "violationsUsingCompulsoryLabor": null, "failureSystemicMeasures": null, "start_date": "2020-05-05T18:00:00Z", "end_date": null, "date_type": false, "victim": 2, "tradeUnionInfo": null, "groupOfPersons": null, "intruderAnother": null, "government_agency_name": null, "local_agency_name": null, "police_agency_name": null, "company": null, "exact_data": "Свирдюков Сергей Олегович, 06.06. по 05.06.2020, г. Усть-Каменогорск", "case_description": "Свирдюков С.О. с 22.04. по 15.06.2020 г.  выполнял работу в должности оператора пункта товарных расчетов в магазине «FORA» в г. Усть-Каменогорске. Между сторонами 22 апреля 2020 года заключены договора об\r\nиндивидуальной трудовой деятельности и полной материальной ответственности Свирдюкова С.О. 6 мая 2020 года при приемке товарно-материальных ценностей Свирдюковым С.О.  и третьими лицами на предмет включения и визуального осмотра, в присутствии директора филиала по городу Усть-Каменогорск Смекалиной А.В. заведующего пункта товарных расчетов Свирдюкова А.О. был разбит телевизор SAMSUNG UE65TU7100UXCE, принадлежащий  ТОО «FORA TRADE ASIA\". На основании служебного письма директора Смекалиной А.В.,\r\nприказом Свирдюкова С.О.  №43 от 05 июня 2020 года создана комиссия для расследования факта причинения ущерба работниками. Согласно Акту о результатах расследования факта причинения ущерба работниками ТОО «FORA TRADE ASIA» от 05 июня 2020 года установлена вина ответчика в причинении ущерба истцу, выразившемся в ненадлежащем исполнении своих трудовых обязанностей, повлекших разбитие вышеуказанного телевизора, таким образом, нанесение материального ущерба истцу стоимостью 334 392,40 тенге. Так как Свирдюков С.О.  категорически отказывался возместить вышеуказанный размер ущерба, ТОО  просит суд взыскать со Свирдюкова\r\nС.О. в пользу ТОО данную сумму и судебные расходы. В судебном заседании представители ТОО \"Фора\"  доводы, изложенные в иске подтвердив, просили иск удовлетворить в полном объеме. В судебном заседании ответчик иск не признал, пояснил, что вина в случившемся не только его, но и третьих лиц и самого директора Смекалиной А.В., которая допустила его - неопытного работника к ТМЦ, поэтому возмещать ущерб должны все четверо, согласно договору солидарной отвественности.", "tradeunion_actions": "не являлся членом профсоюза", "case_result": "В судебном заседании представители Управления государственной инспекции труда Сизов С.А. и Семенов М.Ю.\r\nдоводы иска поддержав, пояснили, что на видеосъемке видно, что именно Свирдюков С.О., который держал, также как и Семенов М.Ю. телевизор с одной стороны, поставил его на тонкий пенопласт, к тому же на скользящую целофан. тем самым допустил его падение. В судебном заседании представитель третьего лица Сеитов Е.К. просил требования истца, в связи с наличием вины данного работника, удовлетворить. Судья Усть-Каменогорского городского суда Нуржанова М.Б исковое заявление ТОО «FORA TRADE ASIA» к Свирдюкову Сергею Олеговичу о взыскании материального ущерба за ненадлежащее исполнение своих трудовых обязанностей - удовлетворить.  Взыскать со Свирдюкова Сергея Олеговича в пользу ТОО «FORA TRADE ASIA» сумму материального ущерба в размере 334 392  тенге и судебные расходы в размере 10 032  тенге. Свирдюков С.О. не согласен с решением суда.", "violation_nature": 1, "rights_state": 2, "rights_state_another": null, "victim_situation": 3, "victim_situation_another": null, "tradeUnionSituation": null, "tradeUnionSituation_another": null, "tradeUnionCount": null, "case_text": "", "trade_union_activities": 17, "trade_union_activities_another": null, "user": 28, "active": true, "comment": null, "source": [2], "intruder": [4]}}, {"model": "work.case", "pk": 49, "fields": {"case_name": "Взыскании экологической доплаты Жусупова М.Ж.", "date_create": "2021-10-24T05:26:36.709Z", "date_update": "2021-10-24T05:26:36.709Z", "source_another": null, "source_url": null, "source_content": "", "country": 3, "region": 65, "city_name": "г Усть-Каменогорск", "case_company_name": "ГУ «Восточно-Казахстанская инспекция Комитета ветеринарного контроля и надзора Минсельхоза РК\"", "groupOfRights": 6, "tradeUnionRight": null, "tradeUnionRightAnother": null, "tradeUnionCrime": null, "tradeUnionCrimeAnother": null, "meetingsRight": null, "meetingsRightAnother": null, "сonvention87": null, "tradeUnionBuildingsRight": null, "tradeUnionBuildingsRightAnother": null, "createOrganizationRight": null, "createOrganizationRightAnother": null, "createTradeUnionRight": null, "createTradeUnionRightAnother": null, "electionsRight": null, "electionsRightAnother": null, "tradeUnionActivityRight": null, "tradeUnionActivityRightAnother": null, "createStrikeRight": null, "createStrikeRightAnother": null, "сonvention98": null, "antiTradeUnionDiscrimination": null, "antiTradeUnionDiscriminationAnother": null, "conversationRight": null, "conversationRightAnother": null, "сonvention135": null, "сonvention135Another": null, "consultationRight": null, "consultationRightAnother": null, "principleOfNonDiscrimination": 2, "discriminatiOnVariousGrounds": null, "discriminationInVariousAreas": 8, "discriminationInVariousAreasAnother": null, "publicPolicyDiscrimination": null, "childLabor": null, "сonvention138": null, "convention182": null, "prohibitionOfForcedLabor": null, "useOfForcedLabor": null, "governmentCoercion": null, "violationsUsingCompulsoryLabor": null, "failureSystemicMeasures": null, "start_date": "2021-01-27T18:00:00Z", "end_date": null, "date_type": false, "victim": 2, "tradeUnionInfo": null, "groupOfPersons": null, "intruderAnother": null, "government_agency_name": "ГУ «Восточно-Казахстанская инспекция Комитета ветеринарного контроля и надзора Минсельхоза РК\"", "local_agency_name": null, "police_agency_name": null, "company": null, "exact_data": "Жусупов Марат Жасуланович, 28.01.2021 г., г. Усть-Каменогорск", "case_description": "Жусупов М.Ж. сообщил, что ему на работе не проводилось начисления дополнительной оплаты труда в размере 1,5 месячного расчетного показателя, ввиду отсутствия у него экологического удостоверения пострадавшего по\r\nвследствие ядеpных испытаний на Семипалатинском испытательном ядеpном полигоне. Жусупов М.Ж. считает действия работодателя незаконными действия по не начислению ему надбавки в виде 1,5 МРП к его заработной плате с момента поступления на административную государственную службу как проживающему с момента назначения его на административную государственную должность в городе Усть-Каменогорске. В связи с этим он обратился в Усть-Каменогорский городской суд с исковым заявлением  взыскать с ответчика сумму указанной доплаты в размере 37 503 тенге. В судебном заседании Жусупов М.Ж. , доводы иска поддержав, просил\r\nтребования удовлетворить в полном объеме. В судебном заседании представитель ответчика, с доводами иска\r\nполностью не согласившись, просил в требованиях истцов отказать, считают, что при отсутствии у истца экологического удостоверения, правовых оснований у ответчика для выплаты доплаты нет. Жусупов М.Ж. сообщил, что буду сотрудников Департамента полиции ВКО получил доплату.", "tradeunion_actions": "профсоюз действия Жусупова М.Ж. не поддержал.", "case_result": "Суд г. Усть-Каменогорска установил, что Жусупов М.Ж. в период с 1949 по 1990 годы не проживал в зонах, которые Законом отнесены к территориям, подвергшимся радиационному загрязнению, данный факт подтверждает тем, что у истца отсутствует удостоверение, являющееся документом, подтверждающим его право на льготы и компенсации, предусмотренные Законом. Следовательно, Жусупов М.Ж. не входит в перечень категорий граждан, обладающих статусом пострадавших граждан вследствие ядерных испытаний, на которых распространяется действие Закона, соответственно, он не обладает правом получения указанных в статье 3 Закона социальных выплат. Суд вынес решение о том, что в удовлетворении иска Жусупова М.Ж. к ГУ «Восточно-Казахстанская инспекция Комитета ветеринарного контроля и надзора Минсельхоза РК» о признании действия по невыплате ежемесячной доплаты незаконными и взыскании доплаты отказать. Юристом проекта Рахимбердиным К.Х. была данная консультация в котором было отмечено, что решение суда правомерное.", "violation_nature": 1, "rights_state": 2, "rights_state_another": null, "victim_situation": 1, "victim_situation_another": null, "tradeUnionSituation": 1, "tradeUnionSituation_another": null, "tradeUnionCount": 3, "case_text": "", "trade_union_activities": 13, "trade_union_activities_another": null, "user": 28, "active": true, "comment": null, "source": [2], "intruder": [1]}}, {"model": "work.case", "pk": 50, "fields": {"case_name": "Нарушение трудовых прав работников \"Семей Тазалык\"", "date_create": "2021-10-24T14:18:15.080Z", "date_update": "2021-10-24T14:18:15.080Z", "source_another": null, "source_url": "https://www.youtube.com/watch?v=JcCOMK1vo_Q    https://www.youtube.com/watch?v=YznYi7IcnCY", "source_content": "", "country": 3, "region": 65, "city_name": "г. Семей", "case_company_name": "ТОО \"Семей Тазалык\"", "groupOfRights": 6, "tradeUnionRight": null, "tradeUnionRightAnother": null, "tradeUnionCrime": null, "tradeUnionCrimeAnother": null, "meetingsRight": null, "meetingsRightAnother": null, "сonvention87": null, "tradeUnionBuildingsRight": null, "tradeUnionBuildingsRightAnother": null, "createOrganizationRight": null, "createOrganizationRightAnother": null, "createTradeUnionRight": null, "createTradeUnionRightAnother": null, "electionsRight": null, "electionsRightAnother": null, "tradeUnionActivityRight": null, "tradeUnionActivityRightAnother": null, "createStrikeRight": null, "createStrikeRightAnother": null, "сonvention98": null, "antiTradeUnionDiscrimination": null, "antiTradeUnionDiscriminationAnother": null, "conversationRight": null, "conversationRightAnother": null, "сonvention135": null, "сonvention135Another": null, "consultationRight": null, "consultationRightAnother": null, "principleOfNonDiscrimination": 2, "discriminatiOnVariousGrounds": null, "discriminationInVariousAreas": 7, "discriminationInVariousAreasAnother": null, "publicPolicyDiscrimination": null, "childLabor": null, "сonvention138": null, "convention182": null, "prohibitionOfForcedLabor": null, "useOfForcedLabor": null, "governmentCoercion": null, "violationsUsingCompulsoryLabor": null, "failureSystemicMeasures": null, "start_date": "2021-10-18T18:00:00Z", "end_date": "2021-10-23T18:00:00Z", "date_type": true, "victim": 3, "tradeUnionInfo": null, "groupOfPersons": 22, "intruderAnother": null, "government_agency_name": null, "local_agency_name": null, "police_agency_name": null, "company": null, "exact_data": "КАПЫШЕВ БЕКЖАН КАДЫРОВИЧ, учредитель ТОО \"Семей Тазалык\", 19.10.2021 - 23.10.2021 г., г. Семей.", "case_description": "С 19-23 октября 2021 г идет забастовка водителей и работников ТОО «Семей Тазалык» в городе Семей. Со слов работников предприятия их главным требованием является – повышение тарифа на сбор, вывоз, переработку и захоронение ТБО  по городу Семей. Работники предприятия сообщили, что они направили в государственные органы власти города Семей и ВКО информацию о своей акции протеста, а также об основном требовании забастовки. Но пока никто из акимата города Семей к работникам не вышел. Почему вышли работники ТОО «Семей Тазалык» на забастовку? Причина проста, без увеличения тарифа на сбор, вывоз, переработку и захоронение твердых бытовых отходов учредители предприятия не смогут увеличить им размер заработной платы. Один работник предприятия сказал, что цены на продукты питания, одежды «растут», а размер заработный платы остается прежний (была озвучен размер заработной платы в сумме – 70 тыс. тенге в месяц). А условия работы очень сложные, а работа не престижная. Водители и работники  ТОО «Семей Тазалык» пожаловались также на тяжелые условия труда, на старую спецтехнику и отсутствие  специальной одежды (сапоги, перчатки, курток и т.п.). Еще одним требование работников предприятия, чтобы администрация установила горячий душ, который смогут принять работники после тяжелого рабочего дня.", "tradeunion_actions": "Профсоюз не высказался по поводу нарушений трудовых прав работников (по низкой заработной платы, отсутствие специальной одежды, горячего душа и т.п.). Блогеры города Семей сняли видео материал забастовки и разместили на своей странице в фейсбуке (ХКХ города Семей).", "case_result": "Руководство предприятия ТОО «Семей Тазалык» объясняет причину того, почему они не могут увеличить размер заработной платы для работников своего предприятия – низкий размер тарифа на сбор, вывоз, переработку и захоронение твердых бытовых отходов. Данный тариф не повышался с 2015 года, хотя цены за этот период на горюче-смазочные материалы, электричество увеличилось в разы. К слову, тариф в размере 190 тенге на одного человека, является одним из самых низких в Казахстане. Администрация ТОО «Семей Тазалык» говорит, что предприятие работает в убыток, поэтому городские власти должны предпринять все меры на повышение тарифа за вывоз и уборку мусора. Работники предприятия ТОО «Семей Тазалык» намерены продолжить забастовку до тех пор, пока не будет увеличен тариф на сбор, вывоз, переработку и захоронение твердых бытовых отходов и размер заработной платы.", "violation_nature": 2, "rights_state": 1, "rights_state_another": null, "victim_situation": 1, "victim_situation_another": null, "tradeUnionSituation": null, "tradeUnionSituation_another": null, "tradeUnionCount": null, "case_text": "https://www.youtube.com/watch?v=JcCOMK1vo_Q\r\nhttps://www.youtube.com/watch?v=YznYi7IcnCY", "trade_union_activities": 7, "trade_union_activities_another": null, "user": 28, "active": true, "comment": null, "source": [3], "intruder": [4]}}, {"model": "work.case", "pk": 51, "fields": {"case_name": "сроки выплаты заработной платы", "date_create": "2021-10-25T08:29:25.977Z", "date_update": "2021-10-25T08:29:25.977Z", "source_another": null, "source_url": null, "source_content": "", "country": 3, "region": 69, "city_name": "Костанай", "case_company_name": "Заявитель не сообщил наименование организации", "groupOfRights": 3, "tradeUnionRight": null, "tradeUnionRightAnother": null, "tradeUnionCrime": null, "tradeUnionCrimeAnother": null, "meetingsRight": null, "meetingsRightAnother": null, "сonvention87": null, "tradeUnionBuildingsRight": null, "tradeUnionBuildingsRightAnother": null, "createOrganizationRight": null, "createOrganizationRightAnother": null, "createTradeUnionRight": null, "createTradeUnionRightAnother": null, "electionsRight": null, "electionsRightAnother": null, "tradeUnionActivityRight": null, "tradeUnionActivityRightAnother": null, "createStrikeRight": null, "createStrikeRightAnother": null, "сonvention98": 2, "antiTradeUnionDiscrimination": null, "antiTradeUnionDiscriminationAnother": null, "conversationRight": 5, "conversationRightAnother": null, "сonvention135": null, "сonvention135Another": null, "consultationRight": null, "consultationRightAnother": null, "principleOfNonDiscrimination": null, "discriminatiOnVariousGrounds": null, "discriminationInVariousAreas": null, "discriminationInVariousAreasAnother": null, "publicPolicyDiscrimination": null, "childLabor": null, "сonvention138": null, "convention182": null, "prohibitionOfForcedLabor": null, "useOfForcedLabor": null, "governmentCoercion": null, "violationsUsingCompulsoryLabor": null, "failureSystemicMeasures": null, "start_date": "2021-08-11T18:00:00Z", "end_date": null, "date_type": false, "victim": 2, "tradeUnionInfo": null, "groupOfPersons": null, "intruderAnother": null, "government_agency_name": null, "local_agency_name": null, "police_agency_name": null, "company": null, "exact_data": "Со слов заявительницы, она работала кассиром, по истечению 4 месяцев её была выплачена  заработная плата в размере 20тыс. тенге, в то время как по договору в месяц оклад составляет 70 тыс. тенге. \r\nВо время смены заявительница не раз отпускала товар знакомым без оплаты, из-за чего работодателем было удержана компенсация из -заработной платы.", "case_description": "", "tradeunion_actions": "", "case_result": "После получения консультации заявительница повторно не обращалась", "violation_nature": 1, "rights_state": null, "rights_state_another": null, "victim_situation": null, "victim_situation_another": null, "tradeUnionSituation": null, "tradeUnionSituation_another": null, "tradeUnionCount": null, "case_text": "", "trade_union_activities": 1, "trade_union_activities_another": null, "user": 21, "active": true, "comment": null, "source": [1, 2], "intruder": [4]}}, {"model": "work.case", "pk": 52, "fields": {"case_name": "сроки выплаты заработной платы", "date_create": "2021-10-25T08:36:49.247Z", "date_update": "2021-10-25T08:36:49.247Z", "source_another": null, "source_url": null, "source_content": "", "country": 3, "region": 69, "city_name": "Костанай", "case_company_name": "Заявитель не сообщил наименование организации", "groupOfRights": 3, "tradeUnionRight": null, "tradeUnionRightAnother": null, "tradeUnionCrime": null, "tradeUnionCrimeAnother": null, "meetingsRight": null, "meetingsRightAnother": null, "сonvention87": null, "tradeUnionBuildingsRight": null, "tradeUnionBuildingsRightAnother": null, "createOrganizationRight": null, "createOrganizationRightAnother": null, "createTradeUnionRight": null, "createTradeUnionRightAnother": null, "electionsRight": null, "electionsRightAnother": null, "tradeUnionActivityRight": null, "tradeUnionActivityRightAnother": null, "createStrikeRight": null, "createStrikeRightAnother": null, "сonvention98": 2, "antiTradeUnionDiscrimination": null, "antiTradeUnionDiscriminationAnother": null, "conversationRight": 5, "conversationRightAnother": null, "сonvention135": null, "сonvention135Another": null, "consultationRight": null, "consultationRightAnother": null, "principleOfNonDiscrimination": null, "discriminatiOnVariousGrounds": null, "discriminationInVariousAreas": null, "discriminationInVariousAreasAnother": null, "publicPolicyDiscrimination": null, "childLabor": null, "сonvention138": null, "convention182": null, "prohibitionOfForcedLabor": null, "useOfForcedLabor": null, "governmentCoercion": null, "violationsUsingCompulsoryLabor": null, "failureSystemicMeasures": null, "start_date": "2021-09-06T18:00:00Z", "end_date": null, "date_type": false, "victim": 2, "tradeUnionInfo": null, "groupOfPersons": null, "intruderAnother": null, "government_agency_name": null, "local_agency_name": null, "police_agency_name": null, "company": null, "exact_data": "Заявительница сообщила, что установленный законом срок оплата за произведенную работу не была произведена.", "case_description": "", "tradeunion_actions": "", "case_result": "Заявительница устно обратилась к работодателем с требованием провозвести выплату, где были сообщены причины задержки выплат. Работница не обратилась в трудовую инспекцию, так оплата ЗП была произведена.", "violation_nature": 1, "rights_state": 1, "rights_state_another": null, "victim_situation": 1, "victim_situation_another": null, "tradeUnionSituation": null, "tradeUnionSituation_another": null, "tradeUnionCount": null, "case_text": "", "trade_union_activities": null, "trade_union_activities_another": null, "user": 21, "active": true, "comment": null, "source": [1, 2], "intruder": [4]}}, {"model": "work.case", "pk": 53, "fields": {"case_name": "Выплата компенсации медработникам в пандемии", "date_create": "2021-10-25T09:06:14.121Z", "date_update": "2021-10-25T09:06:14.121Z", "source_another": null, "source_url": null, "source_content": "", "country": 3, "region": 69, "city_name": "Рудный", "case_company_name": "Перинатальный центр КГП «Рудненская городская многопрофильная больница»", "groupOfRights": 3, "tradeUnionRight": null, "tradeUnionRightAnother": null, "tradeUnionCrime": null, "tradeUnionCrimeAnother": null, "meetingsRight": null, "meetingsRightAnother": null, "сonvention87": null, "tradeUnionBuildingsRight": null, "tradeUnionBuildingsRightAnother": null, "createOrganizationRight": null, "createOrganizationRightAnother": null, "createTradeUnionRight": null, "createTradeUnionRightAnother": null, "electionsRight": null, "electionsRightAnother": null, "tradeUnionActivityRight": null, "tradeUnionActivityRightAnother": null, "createStrikeRight": null, "createStrikeRightAnother": null, "сonvention98": 2, "antiTradeUnionDiscrimination": null, "antiTradeUnionDiscriminationAnother": null, "conversationRight": 1, "conversationRightAnother": null, "сonvention135": null, "сonvention135Another": null, "consultationRight": null, "consultationRightAnother": null, "principleOfNonDiscrimination": null, "discriminatiOnVariousGrounds": null, "discriminationInVariousAreas": null, "discriminationInVariousAreasAnother": null, "publicPolicyDiscrimination": null, "childLabor": null, "сonvention138": null, "convention182": null, "prohibitionOfForcedLabor": null, "useOfForcedLabor": null, "governmentCoercion": null, "violationsUsingCompulsoryLabor": null, "failureSystemicMeasures": null, "start_date": "2021-08-09T18:00:00Z", "end_date": null, "date_type": false, "victim": 3, "tradeUnionInfo": null, "groupOfPersons": 23, "intruderAnother": null, "government_agency_name": null, "local_agency_name": null, "police_agency_name": null, "company": null, "exact_data": "В июле 2020г. на базе Перинатального центра г. Рудного было создано карантинное отделение для работы врачей с пациентами, имеющим положительный тест ПЦР. Многие сотрудники, оказавшие помощь пациентам, заразились короновирусной инфекцией.  В результате медицинские работники не получили компенсацию в рамках Приказа Министра труда и социальной защиты населения Республики Казахстан от 9\r\nапреля 2020г №129 и Министра здравоохранения от 9 апреля 2020г №КР ДСМ-35/2020 «Об\r\nутверждении Правил осуществления единовременной социальной выплаты работникам\r\nорганизаций здравоохранения, задействованным в противоэпидемических мероприятиях по\r\nборьбе с коронавирусной инфекцией COVID-19, в случае их заражения или смерти от указанной\r\nинфекции»", "case_description": "5 августа 2020г. по итогам проведения эпидимиологического расследования случаев Covid-19  у медицинских работников было решено представить 8 работников на комиссию, рассматривающую вопрос единовременной социальной выплаты.  2м сотрудникам выплата была одобрена, 6  работникам ответ не был предоставлен. \r\nВ марте 2021г. 6 работников были вынуждены самостоятельно обратиться в Управление здравоохранения для получения разъяснений по социальным выплатам. \r\n11 марта 2021г. - Управление здравоохранения сообщило, что  всем 6 работникам было отказано в социальной выплате  по причинам не установления источника заражения и не соответствия международного штамп-кода заболевания. К тому же на момент обращения закон, регулирующий социальную выплату, утратил силу.", "tradeunion_actions": "", "case_result": "Учитывая утрату силы закона, а также пропуска срока обжалования, заявителям не представлялось возможным защитить свои права через суд.", "violation_nature": 2, "rights_state": 2, "rights_state_another": null, "victim_situation": 1, "victim_situation_another": null, "tradeUnionSituation": null, "tradeUnionSituation_another": null, "tradeUnionCount": null, "case_text": "", "trade_union_activities": 2, "trade_union_activities_another": null, "user": 21, "active": true, "comment": null, "source": [1, 2], "intruder": [4]}}, {"model": "work.case", "pk": 54, "fields": {"case_name": "Сайдлер А. - выплата ЗП за дополнительные смены", "date_create": "2021-10-25T09:15:26.718Z", "date_update": "2021-10-25T09:15:26.719Z", "source_another": "Письменное обращение заявителя", "source_url": null, "source_content": "", "country": 3, "region": 69, "city_name": "Костанай", "case_company_name": "РГУ \"Учреждение УК 161/11\" КУИС МВД РК", "groupOfRights": 3, "tradeUnionRight": null, "tradeUnionRightAnother": null, "tradeUnionCrime": null, "tradeUnionCrimeAnother": null, "meetingsRight": null, "meetingsRightAnother": null, "сonvention87": null, "tradeUnionBuildingsRight": null, "tradeUnionBuildingsRightAnother": null, "createOrganizationRight": null, "createOrganizationRightAnother": null, "createTradeUnionRight": null, "createTradeUnionRightAnother": null, "electionsRight": null, "electionsRightAnother": null, "tradeUnionActivityRight": null, "tradeUnionActivityRightAnother": null, "createStrikeRight": null, "createStrikeRightAnother": null, "сonvention98": 2, "antiTradeUnionDiscrimination": null, "antiTradeUnionDiscriminationAnother": null, "conversationRight": 5, "conversationRightAnother": null, "сonvention135": null, "сonvention135Another": null, "consultationRight": null, "consultationRightAnother": null, "principleOfNonDiscrimination": null, "discriminatiOnVariousGrounds": null, "discriminationInVariousAreas": null, "discriminationInVariousAreasAnother": null, "publicPolicyDiscrimination": null, "childLabor": null, "сonvention138": null, "convention182": null, "prohibitionOfForcedLabor": null, "useOfForcedLabor": null, "governmentCoercion": null, "violationsUsingCompulsoryLabor": null, "failureSystemicMeasures": null, "start_date": "2021-09-13T18:00:00Z", "end_date": null, "date_type": false, "victim": 2, "tradeUnionInfo": null, "groupOfPersons": null, "intruderAnother": null, "government_agency_name": "РГУ \"Учреждение УК 161/11\" КУИС МВД РК", "local_agency_name": null, "police_agency_name": null, "company": null, "exact_data": "Заявитель сообщил, что трудоустроен на должность повара в УК 161/11. В июле 2021г. из-за увольнения второго повара Сайдлер АЛ. работал ежедневно. Дополнительные смены ему не были оплачены.", "case_description": "", "tradeunion_actions": "", "case_result": "Направлено обращение в Департамент УИС МВД по Костанайской области с требованием провести проверку нарушений со стороны исправительного учреждения. Сайдлер А. были выплачена ЗП за дополнительные смены.", "violation_nature": 1, "rights_state": 1, "rights_state_another": null, "victim_situation": 1, "victim_situation_another": null, "tradeUnionSituation": null, "tradeUnionSituation_another": null, "tradeUnionCount": null, "case_text": "", "trade_union_activities": 17, "trade_union_activities_another": null, "user": 21, "active": true, "comment": null, "source": [10], "intruder": [1]}}, {"model": "work.case", "pk": 55, "fields": {"case_name": "Кусниярова Г.", "date_create": "2021-10-25T09:29:17.805Z", "date_update": "2021-10-25T09:29:17.805Z", "source_another": null, "source_url": null, "source_content": "", "country": 3, "region": 69, "city_name": "Костанай", "case_company_name": "АОО «Назарбаев Интеллектуальные школы»", "groupOfRights": 6, "tradeUnionRight": null, "tradeUnionRightAnother": null, "tradeUnionCrime": null, "tradeUnionCrimeAnother": null, "meetingsRight": null, "meetingsRightAnother": null, "сonvention87": null, "tradeUnionBuildingsRight": null, "tradeUnionBuildingsRightAnother": null, "createOrganizationRight": null, "createOrganizationRightAnother": null, "createTradeUnionRight": null, "createTradeUnionRightAnother": null, "electionsRight": null, "electionsRightAnother": null, "tradeUnionActivityRight": null, "tradeUnionActivityRightAnother": null, "createStrikeRight": null, "createStrikeRightAnother": null, "сonvention98": null, "antiTradeUnionDiscrimination": null, "antiTradeUnionDiscriminationAnother": null, "conversationRight": null, "conversationRightAnother": null, "сonvention135": null, "сonvention135Another": null, "consultationRight": null, "consultationRightAnother": null, "principleOfNonDiscrimination": 1, "discriminatiOnVariousGrounds": 1, "discriminationInVariousAreas": null, "discriminationInVariousAreasAnother": null, "publicPolicyDiscrimination": null, "childLabor": null, "сonvention138": null, "convention182": null, "prohibitionOfForcedLabor": null, "useOfForcedLabor": null, "governmentCoercion": null, "violationsUsingCompulsoryLabor": null, "failureSystemicMeasures": null, "start_date": "2021-08-18T18:00:00Z", "end_date": null, "date_type": true, "victim": 2, "tradeUnionInfo": null, "groupOfPersons": null, "intruderAnother": null, "government_agency_name": null, "local_agency_name": null, "police_agency_name": null, "company": null, "exact_data": "Женщина работает учителем в Назарбаевской школе, в которой она не совершала каких-либо действий аморального поведения. Причиной давления на Кусниярову Г.Б. послужили другие обстоятельства: \r\n15 ноября 2020г. Исмагамбетова А.А. и Кусниярова Г.Б. (мать с дочерью) приобретали продовольственные товары в супермаркете. Во время оплаты товаров к кассе подошла гр-ка Ахметова Д.М. Между женщинами произошел конфликт, в результате чего Ахметовой Д.М. и Куснияровой Г.Б. нанесен вред здоровью. \r\nВ отношении 3-х женщин начато административное производство. Кусниярову Г.Б. и Исмагамбетову А.А. обвинили в совершении правонарушения, предусмотренного ст. 73-1 КоАП РК. \r\n4 февраля 2021г. Специализированным административным судом г. Костанай вынесены постановления в отношении Куснияровой Г.Б и в отношении Исмагамбетовой А.А. о привлечении их к административной ответственности за совершение административного правонарушения, предусмотренного ч.1 ст. 73-1 КоАП РК.", "case_description": "С момента совершения административного правонарушения дело Куснияровой Г. было под пристальным наблюдением средств массовой информации (далее - СМИ). Распространение информации имело масштабный характер. Информация была опубликована не только в региональных СМИ, но и в республиканских изданиях. В заголовках делали акцент на профессии и на месте работы - «Из-за чего подрались учитель искусств Назарбаевской интеллектуальной школы и врач поликлиники» ( https://www.ng.kz/modules/news/article.php?storyid=41131).\r\nСоздание публичного резонанса и привлечения внимания СМИ способствовало незаконному привлечению Кусниярову Г. к административной ответственности. Женщина была вынуждена уволиться по собственному желанию.", "tradeunion_actions": "", "case_result": "В части незаконного увольнения данное дело сложно доказуемо, поскольку работодатель провел беседу с учителем,  давления на неё не было оказано. На решение женщины в большей степени повлияло общественное давление, комментарии в социальных сетях.", "violation_nature": 1, "rights_state": 2, "rights_state_another": null, "victim_situation": 3, "victim_situation_another": null, "tradeUnionSituation": null, "tradeUnionSituation_another": null, "tradeUnionCount": null, "case_text": "", "trade_union_activities": null, "trade_union_activities_another": null, "user": 21, "active": true, "comment": null, "source": [1, 2], "intruder": [4]}}, {"model": "work.case", "pk": 56, "fields": {"case_name": "удержание из ЗП", "date_create": "2021-10-25T09:38:33.215Z", "date_update": "2021-10-25T09:38:33.215Z", "source_another": null, "source_url": null, "source_content": "", "country": 3, "region": 69, "city_name": "Костанай", "case_company_name": "Заявитель не сообщил наименование организации", "groupOfRights": 3, "tradeUnionRight": null, "tradeUnionRightAnother": null, "tradeUnionCrime": null, "tradeUnionCrimeAnother": null, "meetingsRight": null, "meetingsRightAnother": null, "сonvention87": null, "tradeUnionBuildingsRight": null, "tradeUnionBuildingsRightAnother": null, "createOrganizationRight": null, "createOrganizationRightAnother": null, "createTradeUnionRight": null, "createTradeUnionRightAnother": null, "electionsRight": null, "electionsRightAnother": null, "tradeUnionActivityRight": null, "tradeUnionActivityRightAnother": null, "createStrikeRight": null, "createStrikeRightAnother": null, "сonvention98": 2, "antiTradeUnionDiscrimination": null, "antiTradeUnionDiscriminationAnother": null, "conversationRight": 5, "conversationRightAnother": null, "сonvention135": null, "сonvention135Another": null, "consultationRight": null, "consultationRightAnother": null, "principleOfNonDiscrimination": null, "discriminatiOnVariousGrounds": null, "discriminationInVariousAreas": null, "discriminationInVariousAreasAnother": null, "publicPolicyDiscrimination": null, "childLabor": null, "сonvention138": null, "convention182": null, "prohibitionOfForcedLabor": null, "useOfForcedLabor": null, "governmentCoercion": null, "violationsUsingCompulsoryLabor": null, "failureSystemicMeasures": null, "start_date": "2021-09-19T18:00:00Z", "end_date": null, "date_type": false, "victim": 2, "tradeUnionInfo": null, "groupOfPersons": null, "intruderAnother": null, "government_agency_name": null, "local_agency_name": null, "police_agency_name": null, "company": null, "exact_data": "Заявитель сообщил, что израсходовал большее количество бензина при осуществления трудовых обязанностей. Работодатель грозиться оставить работника без ЗП.", "case_description": "", "tradeunion_actions": "", "case_result": "После предоставлении консультации по урегулированию спора с работодателем, заявитель повторно не обращался", "violation_nature": 1, "rights_state": null, "rights_state_another": null, "victim_situation": null, "victim_situation_another": null, "tradeUnionSituation": null, "tradeUnionSituation_another": null, "tradeUnionCount": null, "case_text": "", "trade_union_activities": 12, "trade_union_activities_another": null, "user": 21, "active": true, "comment": null, "source": [2], "intruder": [4]}}, {"model": "work.case", "pk": 57, "fields": {"case_name": "Исляева А.А.", "date_create": "2021-10-25T10:05:20.795Z", "date_update": "2021-10-25T10:05:20.795Z", "source_another": null, "source_url": null, "source_content": "", "country": 3, "region": 69, "city_name": "Карабалык", "case_company_name": "КГП \"Карабалыкская районная больница Управления здравоохранения Костанайской области\"", "groupOfRights": 3, "tradeUnionRight": null, "tradeUnionRightAnother": null, "tradeUnionCrime": null, "tradeUnionCrimeAnother": null, "meetingsRight": null, "meetingsRightAnother": null, "сonvention87": null, "tradeUnionBuildingsRight": null, "tradeUnionBuildingsRightAnother": null, "createOrganizationRight": null, "createOrganizationRightAnother": null, "createTradeUnionRight": null, "createTradeUnionRightAnother": null, "electionsRight": null, "electionsRightAnother": null, "tradeUnionActivityRight": null, "tradeUnionActivityRightAnother": null, "createStrikeRight": null, "createStrikeRightAnother": null, "сonvention98": 2, "antiTradeUnionDiscrimination": null, "antiTradeUnionDiscriminationAnother": null, "conversationRight": 5, "conversationRightAnother": null, "сonvention135": null, "сonvention135Another": null, "consultationRight": null, "consultationRightAnother": null, "principleOfNonDiscrimination": null, "discriminatiOnVariousGrounds": null, "discriminationInVariousAreas": null, "discriminationInVariousAreasAnother": null, "publicPolicyDiscrimination": null, "childLabor": null, "сonvention138": null, "convention182": null, "prohibitionOfForcedLabor": null, "useOfForcedLabor": null, "governmentCoercion": null, "violationsUsingCompulsoryLabor": null, "failureSystemicMeasures": null, "start_date": "2021-09-16T18:00:00Z", "end_date": null, "date_type": true, "victim": 2, "tradeUnionInfo": null, "groupOfPersons": null, "intruderAnother": null, "government_agency_name": "РГУ \"Карабалыкская районная больница Управления здравоохранения Костанайской области\"", "local_agency_name": null, "police_agency_name": null, "company": null, "exact_data": "В период с 01.04.2021 года по 03.06.2021 года работодатель  не допускал ИсляевуА.А. к исполнению своих трудовых обязанностей, также за этот период не произведена выплата ЗП.", "case_description": "В июле 2021г.  трудовой инспекцией открыты 2 проверки, по результатам которых установлено, что Исляеву А.А. незаконно отстранили от работы, а также не своевременно выплатили ЗП. Работница восстановлена на работу, а также ей выплачена ЗП за отсутствующий период, а также оздоровительные, предоставлен отпуск.\r\nВ августе 2021г. Исляева А.А. подает исковое обращение в суд на работодателя за отсутствие социальных выплат (по Covid-19). Карабалыкским районным судом Костанайской области было отказано в удовлетворении исковых требований. \r\nВ сентябре 2021г. Исляева А.А. подала апелляционную жалобу в Костанайский областной суд.", "tradeunion_actions": "", "case_result": "", "violation_nature": 1, "rights_state": 3, "rights_state_another": null, "victim_situation": 1, "victim_situation_another": null, "tradeUnionSituation": null, "tradeUnionSituation_another": null, "tradeUnionCount": null, "case_text": "", "trade_union_activities": 2, "trade_union_activities_another": null, "user": 21, "active": true, "comment": null, "source": [1, 2], "intruder": [1]}}, {"model": "work.case", "pk": 58, "fields": {"case_name": "законность увольнения", "date_create": "2021-10-25T10:13:41.774Z", "date_update": "2021-10-25T10:13:41.774Z", "source_another": null, "source_url": null, "source_content": "", "country": 3, "region": 69, "city_name": "Костанай", "case_company_name": "Заявитель не сообщил наименование организации", "groupOfRights": 3, "tradeUnionRight": null, "tradeUnionRightAnother": null, "tradeUnionCrime": null, "tradeUnionCrimeAnother": null, "meetingsRight": null, "meetingsRightAnother": null, "сonvention87": null, "tradeUnionBuildingsRight": null, "tradeUnionBuildingsRightAnother": null, "createOrganizationRight": null, "createOrganizationRightAnother": null, "createTradeUnionRight": null, "createTradeUnionRightAnother": null, "electionsRight": null, "electionsRightAnother": null, "tradeUnionActivityRight": null, "tradeUnionActivityRightAnother": null, "createStrikeRight": null, "createStrikeRightAnother": null, "сonvention98": 2, "antiTradeUnionDiscrimination": null, "antiTradeUnionDiscriminationAnother": null, "conversationRight": 5, "conversationRightAnother": null, "сonvention135": null, "сonvention135Another": null, "consultationRight": null, "consultationRightAnother": null, "principleOfNonDiscrimination": null, "discriminatiOnVariousGrounds": null, "discriminationInVariousAreas": null, "discriminationInVariousAreasAnother": null, "publicPolicyDiscrimination": null, "childLabor": null, "сonvention138": null, "convention182": null, "prohibitionOfForcedLabor": null, "useOfForcedLabor": null, "governmentCoercion": null, "violationsUsingCompulsoryLabor": null, "failureSystemicMeasures": null, "start_date": "2021-09-21T18:00:00Z", "end_date": null, "date_type": false, "victim": 2, "tradeUnionInfo": null, "groupOfPersons": null, "intruderAnother": null, "government_agency_name": null, "local_agency_name": null, "police_agency_name": null, "company": null, "exact_data": "Заявительница сообщила,  что в сентябре 2021г. у нее умерла мать, из-за чего она взяла несколько дней выходных. По истечению выходных не смогла выйти на работу, так как не с кем было оставить детей.  Из-за отсутствия на рабочем месте она была уволена.", "case_description": "Заявительница сообщила, что не информировала работодателя в день отсутствия на работе, и не желает вести коммуникации с работодателем.", "tradeunion_actions": "", "case_result": "", "violation_nature": 1, "rights_state": null, "rights_state_another": null, "victim_situation": null, "victim_situation_another": null, "tradeUnionSituation": null, "tradeUnionSituation_another": null, "tradeUnionCount": null, "case_text": "", "trade_union_activities": 4, "trade_union_activities_another": null, "user": 21, "active": true, "comment": null, "source": [1, 2], "intruder": [4]}}, {"model": "work.case", "pk": 59, "fields": {"case_name": "незаконное увольнение Муратова Д.", "date_create": "2021-10-25T10:34:21.197Z", "date_update": "2021-10-25T10:34:21.197Z", "source_another": null, "source_url": null, "source_content": "", "country": 3, "region": 69, "city_name": "Костанай", "case_company_name": "Филиал НАО \"Государственная корпорация \"Правительство для граждан\" Костанайской области", "groupOfRights": 3, "tradeUnionRight": null, "tradeUnionRightAnother": null, "tradeUnionCrime": null, "tradeUnionCrimeAnother": null, "meetingsRight": null, "meetingsRightAnother": null, "сonvention87": null, "tradeUnionBuildingsRight": null, "tradeUnionBuildingsRightAnother": null, "createOrganizationRight": null, "createOrganizationRightAnother": null, "createTradeUnionRight": null, "createTradeUnionRightAnother": null, "electionsRight": null, "electionsRightAnother": null, "tradeUnionActivityRight": null, "tradeUnionActivityRightAnother": null, "createStrikeRight": null, "createStrikeRightAnother": null, "сonvention98": 2, "antiTradeUnionDiscrimination": null, "antiTradeUnionDiscriminationAnother": null, "conversationRight": 3, "conversationRightAnother": null, "сonvention135": null, "сonvention135Another": null, "consultationRight": null, "consultationRightAnother": null, "principleOfNonDiscrimination": null, "discriminatiOnVariousGrounds": null, "discriminationInVariousAreas": null, "discriminationInVariousAreasAnother": null, "publicPolicyDiscrimination": null, "childLabor": null, "сonvention138": null, "convention182": null, "prohibitionOfForcedLabor": null, "useOfForcedLabor": null, "governmentCoercion": null, "violationsUsingCompulsoryLabor": null, "failureSystemicMeasures": null, "start_date": "2021-09-23T18:00:00Z", "end_date": null, "date_type": true, "victim": 2, "tradeUnionInfo": null, "groupOfPersons": null, "intruderAnother": null, "government_agency_name": "Филиал НАО \"Государственная корпорация \"Правительство для граждан\" Костанайской области\"", "local_agency_name": null, "police_agency_name": null, "company": null, "exact_data": "с 10 июня 2021г. Муратова Д.  переведена на должность оператора Кол-центра государственной корпорации для граждан.  По служебной записки зам. директора кол-центра Муратова в период с 14-18 июня 2021г. отсутствовала на рабочем месте.  12,13 июля 2021г. Муратова Д.  получила  выговора  за нарушения трудовой дисциплины.", "case_description": "Муратова Д. утверждает, что в период с 14-18 июня 2021г отсутствовала на рабочем месте так как была на больничном, имеется больничный лист. Также замечания, которые привели по нарушению трудовой дисциплины безосновательны, выражающие личную неприязнь. \r\n4 октября 2021г. Муратова Д. обратилась с исковым заявлением в Костанайский городской суд о восстановлении на работу и возмещении морального вреда.", "tradeunion_actions": "", "case_result": "", "violation_nature": 1, "rights_state": 2, "rights_state_another": null, "victim_situation": null, "victim_situation_another": null, "tradeUnionSituation": null, "tradeUnionSituation_another": null, "tradeUnionCount": null, "case_text": "", "trade_union_activities": null, "trade_union_activities_another": null, "user": 21, "active": true, "comment": null, "source": [1, 2], "intruder": [1]}}, {"model": "work.case", "pk": 60, "fields": {"case_name": "невыплата ЗП 17 строителям", "date_create": "2021-10-25T10:40:48.983Z", "date_update": "2021-10-25T10:40:48.983Z", "source_another": null, "source_url": null, "source_content": "", "country": 3, "region": 69, "city_name": "Костанай", "case_company_name": "Заявитель не сообщил наименование организации", "groupOfRights": 3, "tradeUnionRight": null, "tradeUnionRightAnother": null, "tradeUnionCrime": null, "tradeUnionCrimeAnother": null, "meetingsRight": null, "meetingsRightAnother": null, "сonvention87": null, "tradeUnionBuildingsRight": null, "tradeUnionBuildingsRightAnother": null, "createOrganizationRight": null, "createOrganizationRightAnother": null, "createTradeUnionRight": null, "createTradeUnionRightAnother": null, "electionsRight": null, "electionsRightAnother": null, "tradeUnionActivityRight": null, "tradeUnionActivityRightAnother": null, "createStrikeRight": null, "createStrikeRightAnother": null, "сonvention98": 2, "antiTradeUnionDiscrimination": null, "antiTradeUnionDiscriminationAnother": null, "conversationRight": 5, "conversationRightAnother": null, "сonvention135": null, "сonvention135Another": null, "consultationRight": null, "consultationRightAnother": null, "principleOfNonDiscrimination": null, "discriminatiOnVariousGrounds": null, "discriminationInVariousAreas": null, "discriminationInVariousAreasAnother": null, "publicPolicyDiscrimination": null, "childLabor": null, "сonvention138": null, "convention182": null, "prohibitionOfForcedLabor": null, "useOfForcedLabor": null, "governmentCoercion": null, "violationsUsingCompulsoryLabor": null, "failureSystemicMeasures": null, "start_date": "2021-09-27T18:00:00Z", "end_date": null, "date_type": false, "victim": 2, "tradeUnionInfo": null, "groupOfPersons": null, "intruderAnother": null, "government_agency_name": null, "local_agency_name": null, "police_agency_name": null, "company": null, "exact_data": "Обратилась женщина в интересах своего мужа, который работал вместе в строительной компании без заключения трудового договора. По результатам работы её мужу и еще 16 человекам ЗП не выплачена.", "case_description": "", "tradeunion_actions": "", "case_result": "Заявительнице предоставлена консультация по защите прав, назначен прием. Однако, сами работники не явились на прием, удаленно (направление электронного заявления) также отказали обращаться.", "violation_nature": 2, "rights_state": 2, "rights_state_another": null, "victim_situation": null, "victim_situation_another": null, "tradeUnionSituation": null, "tradeUnionSituation_another": null, "tradeUnionCount": null, "case_text": "", "trade_union_activities": 4, "trade_union_activities_another": null, "user": 21, "active": true, "comment": null, "source": [2], "intruder": [4]}}, {"model": "work.case", "pk": 61, "fields": {"case_name": "обязательная вакцинация работников", "date_create": "2021-10-25T10:47:49.195Z", "date_update": "2021-10-25T10:47:49.195Z", "source_another": null, "source_url": null, "source_content": "", "country": 3, "region": 69, "city_name": "Костанай", "case_company_name": "Заявитель не сообщил наименование организации", "groupOfRights": 6, "tradeUnionRight": null, "tradeUnionRightAnother": null, "tradeUnionCrime": null, "tradeUnionCrimeAnother": null, "meetingsRight": null, "meetingsRightAnother": null, "сonvention87": null, "tradeUnionBuildingsRight": null, "tradeUnionBuildingsRightAnother": null, "createOrganizationRight": null, "createOrganizationRightAnother": null, "createTradeUnionRight": null, "createTradeUnionRightAnother": null, "electionsRight": null, "electionsRightAnother": null, "tradeUnionActivityRight": null, "tradeUnionActivityRightAnother": null, "createStrikeRight": null, "createStrikeRightAnother": null, "сonvention98": null, "antiTradeUnionDiscrimination": null, "antiTradeUnionDiscriminationAnother": null, "conversationRight": null, "conversationRightAnother": null, "сonvention135": null, "сonvention135Another": null, "consultationRight": null, "consultationRightAnother": null, "principleOfNonDiscrimination": 1, "discriminatiOnVariousGrounds": 2, "discriminationInVariousAreas": null, "discriminationInVariousAreasAnother": null, "publicPolicyDiscrimination": null, "childLabor": null, "сonvention138": null, "convention182": null, "prohibitionOfForcedLabor": null, "useOfForcedLabor": null, "governmentCoercion": null, "violationsUsingCompulsoryLabor": null, "failureSystemicMeasures": null, "start_date": "2021-09-12T18:00:00Z", "end_date": null, "date_type": false, "victim": 2, "tradeUnionInfo": null, "groupOfPersons": null, "intruderAnother": null, "government_agency_name": null, "local_agency_name": null, "police_agency_name": null, "company": null, "exact_data": "Заявительница сообщила, что работодатель принуждает всех работников вакцинироваться или предоставлять ПЦР- тест. Считает, что данные действия незаконны.", "case_description": "", "tradeunion_actions": "", "case_result": "Заявительнице разъяснен порядок увольнения по инициативе работника, а также разъяснено к каким последствиям может привести не исполнения работодателем, работником санитарно-эпидемиологических действий (вакцинирование)", "violation_nature": 2, "rights_state": null, "rights_state_another": null, "victim_situation": null, "victim_situation_another": null, "tradeUnionSituation": null, "tradeUnionSituation_another": null, "tradeUnionCount": null, "case_text": "", "trade_union_activities": 4, "trade_union_activities_another": null, "user": 21, "active": true, "comment": null, "source": [2], "intruder": [4]}}, {"model": "work.case", "pk": 62, "fields": {"case_name": "невыплата заработной платы", "date_create": "2021-10-25T10:55:58.528Z", "date_update": "2021-10-25T10:55:58.528Z", "source_another": null, "source_url": null, "source_content": "", "country": 3, "region": 69, "city_name": "Костанай", "case_company_name": "ТОО \"Шахристан Агро\"", "groupOfRights": 3, "tradeUnionRight": null, "tradeUnionRightAnother": null, "tradeUnionCrime": null, "tradeUnionCrimeAnother": null, "meetingsRight": null, "meetingsRightAnother": null, "сonvention87": null, "tradeUnionBuildingsRight": null, "tradeUnionBuildingsRightAnother": null, "createOrganizationRight": null, "createOrganizationRightAnother": null, "createTradeUnionRight": null, "createTradeUnionRightAnother": null, "electionsRight": null, "electionsRightAnother": null, "tradeUnionActivityRight": null, "tradeUnionActivityRightAnother": null, "createStrikeRight": null, "createStrikeRightAnother": null, "сonvention98": 2, "antiTradeUnionDiscrimination": null, "antiTradeUnionDiscriminationAnother": null, "conversationRight": 5, "conversationRightAnother": null, "сonvention135": null, "сonvention135Another": null, "consultationRight": null, "consultationRightAnother": null, "principleOfNonDiscrimination": null, "discriminatiOnVariousGrounds": null, "discriminationInVariousAreas": null, "discriminationInVariousAreasAnother": null, "publicPolicyDiscrimination": null, "childLabor": null, "сonvention138": null, "convention182": null, "prohibitionOfForcedLabor": null, "useOfForcedLabor": null, "governmentCoercion": null, "violationsUsingCompulsoryLabor": null, "failureSystemicMeasures": null, "start_date": "2021-10-12T18:00:00Z", "end_date": null, "date_type": true, "victim": 2, "tradeUnionInfo": null, "groupOfPersons": null, "intruderAnother": null, "government_agency_name": null, "local_agency_name": null, "police_agency_name": null, "company": null, "exact_data": "Заявитель сообщил, что в период с 30 сентября по 8 октября 2021г. работал на кирпичном заводе, расположенному по адресу; Северная промбаза 2/1, г. Костанай.\r\n8 октября 2021г. работодатель уволил Абдулина Е. без сообщения причин увольнения, а также без расчета за отработанное время в период с 30 сентября по 8 октября 2021г.", "case_description": "", "tradeunion_actions": "", "case_result": "", "violation_nature": 2, "rights_state": 2, "rights_state_another": null, "victim_situation": null, "victim_situation_another": null, "tradeUnionSituation": null, "tradeUnionSituation_another": null, "tradeUnionCount": null, "case_text": "", "trade_union_activities": 4, "trade_union_activities_another": null, "user": 21, "active": true, "comment": null, "source": [1, 2], "intruder": [4]}}, {"model": "work.case", "pk": 63, "fields": {"case_name": "права педагогов", "date_create": "2021-10-25T11:15:24.773Z", "date_update": "2021-10-25T11:15:56.701Z", "source_another": null, "source_url": "https://inbusiness.kz/ru/last/47-oproshennyh-pedagogov-v-kostanajskoj-oblasti-pozhalovalis-na-narushenie-svoih-prav", "source_content": "Такую информацию озвучили в департаменте по обеспечению качества в сфере образования региона.  С целью определения проблемных зон в реализации прав педагогов посредством telegram-канала  в Костанайской области проведено анкетирование педагогов, передает корреспондент inbusiness.kz.  Наиболее активное участие приняли учителя – 72%, доля заместителей директоров составила 16%, директоров и заведующих дошкольными организациями – по 7%, методисты составили 3% от числа участников анкетирования. – На вопрос о привлечении педагогов к несвойственным функциям 33% опрошенных ответили, что привлекаются к проведению субботников, 43% указали о том, что имеются случаи принуждения к подписке на периодические издания, 9% указали о привлечении к дежурству, к работе избирательных комиссий, переписи населения. В целом 47% респондентов указали на наличие случаев нарушения прав педагогов, – отметил руководитель департамента по обеспечению качества в сфере образования Костанайской области Орал Каппасов. Также, по его словам, в большей части, а это 68% педагогов, не обращаются в соответствующие органы по нарушениям своих прав, 27% педагогов обратились в устной форме. Помимо этого, все еще имеются случаи истребования от педагогов излишней отчетности или информации, о чем отметили 70% педагогов. 25% опрошенных указали на несвоевременность оплаты труда.  – Данные результаты свидетельствуют о нарушении норм Закона РК \"О статусе педагога\", что влечет административную и дисциплинарную ответственность первых руководителей организаций образования. Каждый педагог в случае нарушения своих прав, осознавая гражданскую ответственность по формированию коллективного восприятия обновленного статуса педагога, должен открыто заявлять о фактах нарушений прав, – подчеркнул Орал Каппасов\r\n\r\nПодробнее: https://inbusiness.kz/ru/last/47-oproshennyh-pedagogov-v-kostanajskoj-oblasti-pozhalovalis-na-narushenie-svoih-prav\r\nЛюбое использование материалов допускается только при наличии гиперссылки на inbusiness.kz", "country": 3, "region": 69, "city_name": "Костанай", "case_company_name": "школы", "groupOfRights": 3, "tradeUnionRight": null, "tradeUnionRightAnother": null, "tradeUnionCrime": null, "tradeUnionCrimeAnother": null, "meetingsRight": null, "meetingsRightAnother": null, "сonvention87": null, "tradeUnionBuildingsRight": null, "tradeUnionBuildingsRightAnother": null, "createOrganizationRight": null, "createOrganizationRightAnother": null, "createTradeUnionRight": null, "createTradeUnionRightAnother": null, "electionsRight": null, "electionsRightAnother": null, "tradeUnionActivityRight": null, "tradeUnionActivityRightAnother": null, "createStrikeRight": null, "createStrikeRightAnother": null, "сonvention98": 2, "antiTradeUnionDiscrimination": null, "antiTradeUnionDiscriminationAnother": null, "conversationRight": 5, "conversationRightAnother": null, "сonvention135": null, "сonvention135Another": null, "consultationRight": null, "consultationRightAnother": null, "principleOfNonDiscrimination": null, "discriminatiOnVariousGrounds": null, "discriminationInVariousAreas": null, "discriminationInVariousAreasAnother": null, "publicPolicyDiscrimination": null, "childLabor": null, "сonvention138": null, "convention182": null, "prohibitionOfForcedLabor": null, "useOfForcedLabor": null, "governmentCoercion": null, "violationsUsingCompulsoryLabor": null, "failureSystemicMeasures": null, "start_date": "2021-08-25T18:00:00Z", "end_date": null, "date_type": false, "victim": 3, "tradeUnionInfo": null, "groupOfPersons": 25, "intruderAnother": null, "government_agency_name": "Школы Костанайской области", "local_agency_name": null, "police_agency_name": null, "company": null, "exact_data": "В Костанайской области произведен опрос педагогов, который показал виды нарушения их прав, такие как: - принуждения к подписке на периодические издания,  о привлечении к дежурству, к работе избирательных комиссий, переписи населения.", "case_description": "", "tradeunion_actions": "", "case_result": "", "violation_nature": 2, "rights_state": 2, "rights_state_another": null, "victim_situation": 1, "victim_situation_another": null, "tradeUnionSituation": null, "tradeUnionSituation_another": null, "tradeUnionCount": null, "case_text": "", "trade_union_activities": 3, "trade_union_activities_another": null, "user": 21, "active": true, "comment": null, "source": [3], "intruder": [1]}}, {"model": "work.case", "pk": 64, "fields": {"case_name": "незаконное увольнение учительницы за видео", "date_create": "2021-10-25T11:32:44.257Z", "date_update": "2021-10-25T11:32:44.257Z", "source_another": null, "source_url": "https://www.instagram.com/p/CVUyUX7g4TC/?utm_medium=copy_link", "source_content": "По словам девушки, это произошло из-за видео, которые родители учеников увидели у нее на странице.\r\n\r\nПубликация об учительнице из Алматинской области, которая написала заявление на увольнение после участия в ток-шоу о поиске второй половинки, вызвала большой отклик среди наших подписчиков. Очень многие поддержали девушку.\r\n\r\nОдна из подписчиц @kostanay_news поделилась своей историей, но попросила не называть ее имя и номер школы. Публикуем с разрешения автора.\r\n\r\n«Я пошла работать в школу в этом году. Никаких нареканий не было. Но тут родители учеников нашли меня в соцсетях. Их смутили мои видео в Tik-Tok, снятые в студенческие годы. На видео была наложена звуковая дорожка, содержащая матерное слово. Меня попросили написать заявление об увольнении по собственному желанию. Грозили увольнением по статье. По какой именно не уточняли. Меня даже успели оскорбить и называть «проституткой».\r\n\r\nЯ не стала поднимать бучу только потому, что это моя родная школа, где я сама училась. Но у меня больше нет никакого желания заниматься преподаванием. Потому что однажды учителям совсем перекроют кислород».", "country": 3, "region": 69, "city_name": "Костанай", "case_company_name": "школа", "groupOfRights": 6, "tradeUnionRight": null, "tradeUnionRightAnother": null, "tradeUnionCrime": null, "tradeUnionCrimeAnother": null, "meetingsRight": null, "meetingsRightAnother": null, "сonvention87": null, "tradeUnionBuildingsRight": null, "tradeUnionBuildingsRightAnother": null, "createOrganizationRight": null, "createOrganizationRightAnother": null, "createTradeUnionRight": null, "createTradeUnionRightAnother": null, "electionsRight": null, "electionsRightAnother": null, "tradeUnionActivityRight": null, "tradeUnionActivityRightAnother": null, "createStrikeRight": null, "createStrikeRightAnother": null, "сonvention98": null, "antiTradeUnionDiscrimination": null, "antiTradeUnionDiscriminationAnother": null, "conversationRight": null, "conversationRightAnother": null, "сonvention135": null, "сonvention135Another": null, "consultationRight": null, "consultationRightAnother": null, "principleOfNonDiscrimination": 1, "discriminatiOnVariousGrounds": 1, "discriminationInVariousAreas": null, "discriminationInVariousAreasAnother": null, "publicPolicyDiscrimination": null, "childLabor": null, "сonvention138": null, "convention182": null, "prohibitionOfForcedLabor": null, "useOfForcedLabor": null, "governmentCoercion": null, "violationsUsingCompulsoryLabor": null, "failureSystemicMeasures": null, "start_date": "2021-10-21T18:00:00Z", "end_date": null, "date_type": false, "victim": 2, "tradeUnionInfo": null, "groupOfPersons": null, "intruderAnother": null, "government_agency_name": "Костанайская школа", "local_agency_name": null, "police_agency_name": null, "company": null, "exact_data": "Девушка работала учителем. В социальных сетях TicToc - на личной учетной записи разместила видео, которое не понравилось родителям учеников школы, в которой работала девушка. Администрация школы из-за содержания видео вынудила уволиться девушку.", "case_description": "", "tradeunion_actions": "", "case_result": "", "violation_nature": 2, "rights_state": 2, "rights_state_another": null, "victim_situation": 2, "victim_situation_another": null, "tradeUnionSituation": null, "tradeUnionSituation_another": null, "tradeUnionCount": null, "case_text": "", "trade_union_activities": 3, "trade_union_activities_another": null, "user": 21, "active": true, "comment": null, "source": [3], "intruder": [1]}}, {"model": "work.case", "pk": 65, "fields": {"case_name": "Учителя ВКО принудительно работают на переписи нас", "date_create": "2021-10-25T15:21:44.643Z", "date_update": "2021-10-25T18:07:58.310Z", "source_another": null, "source_url": "https://altaynews.kz/ru/detail-v-ustkamenogorske-uchiteley-zastavlyayut-v-vykhodnye-rabotat-na-perepisi/", "source_content": "В Усть-Каменогорске учителей «заставляют» в выходные работать на переписи\r\n22.10.2021 | 16.48 \r\nВчера в социальных сетях появилось анонимное сообщение от преподавателей школ города. В частности, в нем говорится, что учителей принуждают в выходные дни работать интервьюерами на переписи населения.\r\n«Сейчас с акимата преподавателей заставляют в выходные дни в обязательном порядке идти на перепись, при этом совершенно бесплатно», - выдержка из текста.\r\nВ городском акимате комментировать ситуацию отказались, сославшись на то, что вопрос лучше направить в управление образования области.  Привлечение педагогов к несвойственным функциям является нарушением Закона «О статусе педагога». Никаких распоряжений о привлечение учителей к переписи населения не было, - отметили в Управлении образования ВКО. Напомним, 16 октября в социальных сетях появились публикации о том, что в школе № 43 Семея учителей сняли с уроков и отправили на субботник подметать улицы.\r\nПосле того как сообщение опубликовали в социальных сетях, к административной ответственности привлекли должностные лица, заместителя акима Семея Димитрия Гарикова. Руководитель отдела образования города Фесенко Н. А. получила дисциплинарное наказание в виде выговора, а также директор и замдиректора школы № 9.", "country": 3, "region": 65, "city_name": "г Усть-Каменогорск", "case_company_name": "Общеобразовательные школы Усть-Каменогорска", "groupOfRights": 8, "tradeUnionRight": null, "tradeUnionRightAnother": null, "tradeUnionCrime": null, "tradeUnionCrimeAnother": null, "meetingsRight": null, "meetingsRightAnother": null, "сonvention87": null, "tradeUnionBuildingsRight": null, "tradeUnionBuildingsRightAnother": null, "createOrganizationRight": null, "createOrganizationRightAnother": null, "createTradeUnionRight": null, "createTradeUnionRightAnother": null, "electionsRight": null, "electionsRightAnother": null, "tradeUnionActivityRight": null, "tradeUnionActivityRightAnother": null, "createStrikeRight": null, "createStrikeRightAnother": null, "сonvention98": null, "antiTradeUnionDiscrimination": null, "antiTradeUnionDiscriminationAnother": null, "conversationRight": null, "conversationRightAnother": null, "сonvention135": null, "сonvention135Another": null, "consultationRight": null, "consultationRightAnother": null, "principleOfNonDiscrimination": null, "discriminatiOnVariousGrounds": null, "discriminationInVariousAreas": null, "discriminationInVariousAreasAnother": null, "publicPolicyDiscrimination": null, "childLabor": null, "сonvention138": null, "convention182": null, "prohibitionOfForcedLabor": 3, "useOfForcedLabor": null, "governmentCoercion": null, "violationsUsingCompulsoryLabor": null, "failureSystemicMeasures": null, "start_date": "0021-01-31T18:52:00Z", "end_date": null, "date_type": false, "victim": 3, "tradeUnionInfo": null, "groupOfPersons": 27, "intruderAnother": null, "government_agency_name": "акимат Усть-Каменогорска и Управление образования ВКО", "local_agency_name": null, "police_agency_name": null, "company": null, "exact_data": "Анонимное обращение в социальных сетях города Усть-Каменогорска и СМИ, 22.10.2021 г., Усть-Каменогорска", "case_description": "21.10. 2021 г. в социальных сетях города Усть-Каменогорска появилось анонимное сообщение от преподавателей школ города. В частности, в нем говорится, что учителей принуждают в выходные дни работать интервьюерами на переписи населения. «Сейчас с акимата преподавателей заставляют в выходные дни в обязательном порядке идти на перепись, при этом совершенно бесплатно», - выдержка из текста. В городском акимате комментировать ситуацию отказались, сославшись на то, что вопрос лучше направить в управление образования области. Привлечение педагогов к несвойственным функциям является нарушением Закона «О статусе педагога». Никаких распоряжений о привлечение учителей к переписи населения не было, - отметили в Управлении образования ВКО. Власти города Усть-Каменогорска \"испугались\" огласки факта, который является секретом \"полишинеля\", так все знают, что учителей общеобразовательных школ города местные исполнительные органы власти привлекают к переписи населения в качестве \"переписчиков\",  в том числе и в выходные дни. Учителя школ города и области боятся вступать в конфликт в руководством школ и управления образования ВКО.\r\nНапомним, 16 октября в социальных сетях появились публикации о том, что в школе № 43 Семея учителей сняли с уроков и отправили на субботник подметать улицы. После того как сообщение опубликовали в социальных сетях, к административной ответственности привлекли должностные лица, заместителя акима Семея Димитрия Гарикова.\r\nРуководитель отдела образования города Фесенко Н. А. получила дисциплинарное наказание в виде выговора, а также директор и замдиректора школы № 9.", "tradeunion_actions": "Управление образования ВКО и Акимат города  Усть-Каменогорска.", "case_result": "Управление образование ВКО ответило на запрос журналистов формальной отпиской - \"Привлечение педагогов к несвойственным функциям является нарушением Закона «О статусе педагога». Никаких распоряжений о привлечение учителей к переписи населения не было\".", "violation_nature": 2, "rights_state": 2, "rights_state_another": null, "victim_situation": 1, "victim_situation_another": null, "tradeUnionSituation": null, "tradeUnionSituation_another": null, "tradeUnionCount": null, "case_text": "", "trade_union_activities": 3, "trade_union_activities_another": null, "user": 28, "active": true, "comment": null, "source": [3], "intruder": [1]}}, {"model": "work.casecomment", "pk": 9, "fields": {"comment": "hhhhhh", "active": true, "date_create": "2021-10-15T06:48:52.436Z", "case": 39}}, {"model": "work.tradeunionactivities", "pk": 1, "fields": {"name": "текстильная и легкая промышленность"}}, {"model": "work.tradeunionactivities", "pk": 2, "fields": {"name": "здравоохранение"}}, {"model": "work.tradeunionactivities", "pk": 3, "fields": {"name": "образование и наука "}}, {"model": "work.tradeunionactivities", "pk": 4, "fields": {"name": "строительство и производство ПСМ"}}, {"model": "work.tradeunionactivities", "pk": 5, "fields": {"name": "горнодобывающая и металлургическая"}}, {"model": "work.tradeunionactivities", "pk": 6, "fields": {"name": "государственная и муниципальная служба"}}, {"model": "work.tradeunionactivities", "pk": 7, "fields": {"name": "коммунально-бытового обслуживания и предпринимательства"}}, {"model": "work.tradeunionactivities", "pk": 8, "fields": {"name": "автомобильного и сельскохозяйственного машиностроения"}}, {"model": "work.tradeunionactivities", "pk": 9, "fields": {"name": "энергетики и электротехнической промышленности"}}, {"model": "work.tradeunionactivities", "pk": 10, "fields": {"name": "железнодорожников и транспортных строителей"}}, {"model": "work.tradeunionactivities", "pk": 11, "fields": {"name": "лесного хозяйства"}}, {"model": "work.tradeunionactivities", "pk": 12, "fields": {"name": "транспорт и дорожного хозяйства"}}, {"model": "work.tradeunionactivities", "pk": 13, "fields": {"name": "агропромышленный комплекс"}}, {"model": "work.tradeunionactivities", "pk": 14, "fields": {"name": "пищевой и перерабатывающей промышленности"}}, {"model": "work.tradeunionactivities", "pk": 15, "fields": {"name": "связь"}}, {"model": "work.tradeunionactivities", "pk": 16, "fields": {"name": "авиация"}}, {"model": "work.tradeunionactivities", "pk": 17, "fields": {"name": "торговля, общественное питание, потребкооперация и другие формы предпринимательства"}}, {"model": "work.tradeunionactivities", "pk": 18, "fields": {"name": "культура"}}, {"model": "work.tradeunionactivities", "pk": 19, "fields": {"name": "Другое"}}, {"model": "strike.ownershiptype", "pk": 1, "fields": {"name": "Национальная, государственная", "active": true}}, {"model": "strike.ownershiptype", "pk": 2, "fields": {"name": "Национальная, частная", "active": true}}, {"model": "strike.ownershiptype", "pk": 3, "fields": {"name": "Смешанная", "active": true}}, {"model": "strike.ownershiptype", "pk": 4, "fields": {"name": "Иностранная", "active": true}}, {"model": "strike.employeescount", "pk": 1, "fields": {"choice": "до 50 человек", "active": true}}, {"model": "strike.employeescount", "pk": 2, "fields": {"choice": "от 50 до 200 человек", "active": true}}, {"model": "strike.employeescount", "pk": 3, "fields": {"choice": "от 200 до 1500 человек", "active": true}}, {"model": "strike.employeescount", "pk": 4, "fields": {"choice": "более 1500 человек", "active": true}}, {"model": "strike.participantscount", "pk": 1, "fields": {"choice": "менее 10 человек", "active": true}}, {"model": "strike.participantscount", "pk": 2, "fields": {"choice": "10-50 человек", "active": true}}, {"model": "strike.participantscount", "pk": 3, "fields": {"choice": "51-100 человек", "active": true}}, {"model": "strike.participantscount", "pk": 4, "fields": {"choice": "101-1000 человек", "active": true}}, {"model": "strike.participantscount", "pk": 5, "fields": {"choice": "более 1000 человек", "active": true}}, {"model": "strike.demandcategory", "pk": 1, "fields": {"demand_cat_name": "Экономический", "active": true}}, {"model": "strike.demandcategory", "pk": 2, "fields": {"demand_cat_name": "Политический", "active": true}}, {"model": "strike.demandcategory", "pk": 3, "fields": {"demand_cat_name": "Смешанный", "active": true}}, {"model": "strike.country", "pk": 1, "fields": {"name": "Россия", "active": true}}, {"model": "strike.country", "pk": 2, "fields": {"name": "Кыргызстан", "active": true}}, {"model": "strike.country", "pk": 3, "fields": {"name": "Казахстан", "active": true}}, {"model": "strike.country", "pk": 4, "fields": {"name": "Таджикистан", "active": true}}, {"model": "strike.country", "pk": 5, "fields": {"name": "Туркменистан", "active": true}}, {"model": "strike.country", "pk": 6, "fields": {"name": "Узбекистан", "active": true}}, {"model": "strike.region", "pk": 1, "fields": {"name": "г.Москва", "active": true, "country": 1}}, {"model": "strike.region", "pk": 2, "fields": {"name": "Амурскаяобласть(Благовещенск)", "active": true, "country": 1}}, {"model": "strike.region", "pk": 3, "fields": {"name": "Архангельскаяобласть(Архангельск)", "active": true, "country": 1}}, {"model": "strike.region", "pk": 4, "fields": {"name": "Астраханскаяобласть(Астрахань)", "active": true, "country": 1}}, {"model": "strike.region", "pk": 5, "fields": {"name": "Белгородскаяобласть(Белгород)", "active": true, "country": 1}}, {"model": "strike.region", "pk": 6, "fields": {"name": "Брянскаяобласть(Брянск)", "active": true, "country": 1}}, {"model": "strike.region", "pk": 7, "fields": {"name": "Челябинскаяобласть(Челябинск)", "active": true, "country": 1}}, {"model": "strike.region", "pk": 8, "fields": {"name": "Иркутскаяобласть(Иркутск)", "active": true, "country": 1}}, {"model": "strike.region", "pk": 9, "fields": {"name": "Ивановскаяобласть(Иваново)", "active": true, "country": 1}}, {"model": "strike.region", "pk": 10, "fields": {"name": "Калининградскаяобласть(Калининград)", "active": true, "country": 1}}, {"model": "strike.region", "pk": 11, "fields": {"name": "Калужскаяобласть(Калуга)", "active": true, "country": 1}}, {"model": "strike.region", "pk": 12, "fields": {"name": "Кемеровскаяобласть—Кузбасс(Кемерово)", "active": true, "country": 1}}, {"model": "strike.region", "pk": 13, "fields": {"name": "Кировскаяобласть(Киров)", "active": true, "country": 1}}, {"model": "strike.region", "pk": 14, "fields": {"name": "Костромскаяобласть(Кострома)", "active": true, "country": 1}}, {"model": "strike.region", "pk": 15, "fields": {"name": "Курганскаяобласть(Курган)", "active": true, "country": 1}}, {"model": "strike.region", "pk": 16, "fields": {"name": "Курскаяобласть(Курск)", "active": true, "country": 1}}, {"model": "strike.region", "pk": 17, "fields": {"name": "Ленинградскаяобласть(Санкт Петербург)", "active": true, "country": 1}}, {"model": "strike.region", "pk": 18, "fields": {"name": "Липецкаяобласть(Липецк)", "active": true, "country": 1}}, {"model": "strike.region", "pk": 19, "fields": {"name": "Магаданскаяобласть(Магадан)", "active": true, "country": 1}}, {"model": "strike.region", "pk": 20, "fields": {"name": "Московскаяобласть(Москва)", "active": true, "country": 1}}, {"model": "strike.region", "pk": 21, "fields": {"name": "Мурманскаяобласть(Мурманск)", "active": true, "country": 1}}, {"model": "strike.region", "pk": 22, "fields": {"name": "Нижегородскаяобласть(НижнийНовгород)", "active": true, "country": 1}}, {"model": "strike.region", "pk": 23, "fields": {"name": "Новгородскаяобласть(ВеликийНовгород)", "active": true, "country": 1}}, {"model": "strike.region", "pk": 24, "fields": {"name": "Новосибирскаяобласть(Новосибирск)", "active": true, "country": 1}}, {"model": "strike.region", "pk": 25, "fields": {"name": "Омскаяобласть(Омск)", "active": true, "country": 1}}, {"model": "strike.region", "pk": 26, "fields": {"name": "Оренбургскаяобласть(Оренбург)", "active": true, "country": 1}}, {"model": "strike.region", "pk": 27, "fields": {"name": "Орловскаяобласть(Орёл)", "active": true, "country": 1}}, {"model": "strike.region", "pk": 28, "fields": {"name": "Пензенскаяобласть(Пенза)", "active": true, "country": 1}}, {"model": "strike.region", "pk": 29, "fields": {"name": "Псковскаяобласть(Псков)", "active": true, "country": 1}}, {"model": "strike.region", "pk": 30, "fields": {"name": "Ростовскаяобласть(Ростов на Дону)", "active": true, "country": 1}}, {"model": "strike.region", "pk": 31, "fields": {"name": "Рязанскаяобласть(Рязань)", "active": true, "country": 1}}, {"model": "strike.region", "pk": 32, "fields": {"name": "Сахалинскаяобласть(Южно Сахалинск)", "active": true, "country": 1}}, {"model": "strike.region", "pk": 33, "fields": {"name": "Самарскаяобласть(Самара)", "active": true, "country": 1}}, {"model": "strike.region", "pk": 34, "fields": {"name": "Саратовскаяобласть(Саратов)", "active": true, "country": 1}}, {"model": "strike.region", "pk": 35, "fields": {"name": "Смоленскаяобласть(Смоленск)", "active": true, "country": 1}}, {"model": "strike.region", "pk": 36, "fields": {"name": "Свердловскаяобласть(Екатеринбург)", "active": true, "country": 1}}, {"model": "strike.region", "pk": 37, "fields": {"name": "Тамбовскаяобласть(Тамбов)", "active": true, "country": 1}}, {"model": "strike.region", "pk": 38, "fields": {"name": "Томскаяобласть(Томск)", "active": true, "country": 1}}, {"model": "strike.region", "pk": 39, "fields": {"name": "Тверскаяобласть(Тверь)", "active": true, "country": 1}}, {"model": "strike.region", "pk": 40, "fields": {"name": "Тульскаяобласть(Тула)", "active": true, "country": 1}}, {"model": "strike.region", "pk": 41, "fields": {"name": "Тюменскаяобласть(Тюмень)", "active": true, "country": 1}}, {"model": "strike.region", "pk": 42, "fields": {"name": "Ульяновскаяобласть(Ульяновск)", "active": true, "country": 1}}, {"model": "strike.region", "pk": 43, "fields": {"name": "Владимирскаяобласть(Владимир)", "active": true, "country": 1}}, {"model": "strike.region", "pk": 44, "fields": {"name": "Волгоградскаяобласть(Волгоград)", "active": true, "country": 1}}, {"model": "strike.region", "pk": 45, "fields": {"name": "Вологодскаяобласть(Вологда)", "active": true, "country": 1}}, {"model": "strike.region", "pk": 46, "fields": {"name": "Воронежскаяобласть(Воронеж)", "active": true, "country": 1}}, {"model": "strike.region", "pk": 47, "fields": {"name": "Ярославскаяобласть(Ярославль)", "active": true, "country": 1}}, {"model": "strike.region", "pk": 48, "fields": {"name": "г. Бишкек", "active": true, "country": 2}}, {"model": "strike.region", "pk": 49, "fields": {"name": "г. Ош", "active": true, "country": 2}}, {"model": "strike.region", "pk": 50, "fields": {"name": "Баткенская область", "active": true, "country": 2}}, {"model": "strike.region", "pk": 51, "fields": {"name": "Джалал-Абадская область", "active": true, "country": 2}}, {"model": "strike.region", "pk": 52, "fields": {"name": "Иссык-Кульская область", "active": true, "country": 2}}, {"model": "strike.region", "pk": 53, "fields": {"name": "Нарынская область", "active": true, "country": 2}}, {"model": "strike.region", "pk": 54, "fields": {"name": "Ошская область", "active": true, "country": 2}}, {"model": "strike.region", "pk": 55, "fields": {"name": "Таласская область", "active": true, "country": 2}}, {"model": "strike.region", "pk": 56, "fields": {"name": "Чуйская область", "active": true, "country": 2}}, {"model": "strike.region", "pk": 57, "fields": {"name": "Нур-Султан (Астана)", "active": true, "country": 3}}, {"model": "strike.region", "pk": 58, "fields": {"name": "Алматы", "active": true, "country": 3}}, {"model": "strike.region", "pk": 59, "fields": {"name": "Шымкент", "active": true, "country": 3}}, {"model": "strike.region", "pk": 60, "fields": {"name": "Байконыр", "active": true, "country": 3}}, {"model": "strike.region", "pk": 61, "fields": {"name": "Акмолинская область", "active": true, "country": 3}}, {"model": "strike.region", "pk": 62, "fields": {"name": "Актюбинская область", "active": true, "country": 3}}, {"model": "strike.region", "pk": 63, "fields": {"name": "Алматинская область", "active": true, "country": 3}}, {"model": "strike.region", "pk": 64, "fields": {"name": "Атырауская область", "active": true, "country": 3}}, {"model": "strike.region", "pk": 65, "fields": {"name": "Восточно-Казахстанская область", "active": true, "country": 3}}, {"model": "strike.region", "pk": 66, "fields": {"name": "Жамбылская область", "active": true, "country": 3}}, {"model": "strike.region", "pk": 67, "fields": {"name": "Западно-Казахстанская область", "active": true, "country": 3}}, {"model": "strike.region", "pk": 68, "fields": {"name": "Карагандинская область", "active": true, "country": 3}}, {"model": "strike.region", "pk": 69, "fields": {"name": "Костанайская область", "active": true, "country": 3}}, {"model": "strike.region", "pk": 70, "fields": {"name": "Кызылординская область", "active": true, "country": 3}}, {"model": "strike.region", "pk": 71, "fields": {"name": "Мангистауская область", "active": true, "country": 3}}, {"model": "strike.region", "pk": 72, "fields": {"name": "Павлодарская область", "active": true, "country": 3}}, {"model": "strike.region", "pk": 73, "fields": {"name": "Севрено-Казахстанская область", "active": true, "country": 3}}, {"model": "strike.region", "pk": 74, "fields": {"name": "Туркестанская область", "active": true, "country": 3}}, {"model": "strike.region", "pk": 75, "fields": {"name": "г. Душанбе", "active": true, "country": 4}}, {"model": "strike.region", "pk": 76, "fields": {"name": "Горно - Бажахшанская область", "active": true, "country": 4}}, {"model": "strike.region", "pk": 77, "fields": {"name": "Согдийская область", "active": true, "country": 4}}, {"model": "strike.region", "pk": 78, "fields": {"name": "Хатлонская область", "active": true, "country": 4}}, {"model": "strike.region", "pk": 79, "fields": {"name": "Районы республиканского подчинения", "active": true, "country": 4}}, {"model": "strike.region", "pk": 80, "fields": {"name": "г. Ашхабад", "active": true, "country": 5}}, {"model": "strike.region", "pk": 81, "fields": {"name": "Ахалский велаят", "active": true, "country": 5}}, {"model": "strike.region", "pk": 82, "fields": {"name": "Балканский велаят", "active": true, "country": 5}}, {"model": "strike.region", "pk": 83, "fields": {"name": "Дашогузский велаят", "active": true, "country": 5}}, {"model": "strike.region", "pk": 84, "fields": {"name": "Лебапский велаят", "active": true, "country": 5}}, {"model": "strike.region", "pk": 85, "fields": {"name": "Марыйский велаят", "active": true, "country": 5}}, {"model": "strike.region", "pk": 86, "fields": {"name": "Андижанская область", "active": true, "country": 6}}, {"model": "strike.region", "pk": 87, "fields": {"name": "Бухарская область", "active": true, "country": 6}}, {"model": "strike.region", "pk": 88, "fields": {"name": "Джизакская область", "active": true, "country": 6}}, {"model": "strike.region", "pk": 89, "fields": {"name": "Кашкадарьинская область", "active": true, "country": 6}}, {"model": "strike.region", "pk": 90, "fields": {"name": "Навоийская область", "active": true, "country": 6}}, {"model": "strike.region", "pk": 91, "fields": {"name": "Наманганская область ", "active": true, "country": 6}}, {"model": "strike.region", "pk": 92, "fields": {"name": "Республика Каракалпакстан", "active": true, "country": 6}}, {"model": "strike.region", "pk": 93, "fields": {"name": "Самаркандская область", "active": true, "country": 6}}, {"model": "strike.region", "pk": 94, "fields": {"name": "Сурхандарьинская область", "active": true, "country": 6}}, {"model": "strike.region", "pk": 95, "fields": {"name": "Сырдарьинская область", "active": true, "country": 6}}, {"model": "strike.region", "pk": 96, "fields": {"name": "Ташкент область", "active": true, "country": 6}}, {"model": "strike.region", "pk": 97, "fields": {"name": "Ферганская область", "active": true, "country": 6}}, {"model": "strike.region", "pk": 98, "fields": {"name": "Хорезмская область", "active": true, "country": 6}}, {"model": "strike.source", "pk": 1, "fields": {"name": "СМИ/Блогер/Лидер мнения", "active": true}}, {"model": "strike.source", "pk": 2, "fields": {"name": "Работники/участники протеста", "active": true}}, {"model": "strike.source", "pk": 3, "fields": {"name": "Профсоюз", "active": true}}, {"model": "strike.source", "pk": 4, "fields": {"name": "Представитель коллектива", "active": true}}, {"model": "strike.source", "pk": 5, "fields": {"name": "Государственные органы", "active": true}}, {"model": "strike.source", "pk": 6, "fields": {"name": "Не правительственные организации /гражданские активисты", "active": true}}, {"model": "strike.groupcharacter", "pk": 1, "fields": {"name": "Бригада или производственная группа", "active": true}}, {"model": "strike.groupcharacter", "pk": 2, "fields": {"name": "Определенная категория работников", "active": true}}, {"model": "strike.groupcharacter", "pk": 3, "fields": {"name": "Другое", "active": true}}, {"model": "strike.tradeuniongroupmembership", "pk": 1, "fields": {"name": "Все состоят в профсоюзе", "active": true}}, {"model": "strike.tradeuniongroupmembership", "pk": 2, "fields": {"name": "В профсоюзе состоят не все", "active": true}}, {"model": "strike.tradeuniongroupmembership", "pk": 3, "fields": {"name": "Никто не состоит в профсоюзе", "active": true}}, {"model": "strike.persongroupinfo", "pk": 1, "fields": {"groupCharacter": 1, "groupCharacter_another": null, "tradeUnionMembership": 2}}, {"model": "strike.persongroupinfo", "pk": 2, "fields": {"groupCharacter": 1, "groupCharacter_another": null, "tradeUnionMembership": 2}}, {"model": "strike.persongroupinfo", "pk": 3, "fields": {"groupCharacter": 2, "groupCharacter_another": null, "tradeUnionMembership": 2}}, {"model": "strike.persongroupinfo", "pk": 4, "fields": {"groupCharacter": 2, "groupCharacter_another": null, "tradeUnionMembership": 2}}, {"model": "strike.persongroupinfo", "pk": 5, "fields": {"groupCharacter": 2, "groupCharacter_another": null, "tradeUnionMembership": 2}}, {"model": "strike.persongroupinfo", "pk": 6, "fields": {"groupCharacter": 2, "groupCharacter_another": null, "tradeUnionMembership": 2}}, {"model": "strike.persongroupinfo", "pk": 7, "fields": {"groupCharacter": 2, "groupCharacter_another": null, "tradeUnionMembership": 2}}, {"model": "strike.persongroupinfo", "pk": 8, "fields": {"groupCharacter": 1, "groupCharacter_another": null, "tradeUnionMembership": 3}}, {"model": "strike.persongroupinfo", "pk": 9, "fields": {"groupCharacter": 1, "groupCharacter_another": null, "tradeUnionMembership": 3}}, {"model": "strike.persongroupinfo", "pk": 10, "fields": {"groupCharacter": 1, "groupCharacter_another": null, "tradeUnionMembership": 3}}, {"model": "strike.persongroupinfo", "pk": 11, "fields": {"groupCharacter": 1, "groupCharacter_another": null, "tradeUnionMembership": 3}}, {"model": "strike.persongroupinfo", "pk": 12, "fields": {"groupCharacter": 1, "groupCharacter_another": null, "tradeUnionMembership": 3}}, {"model": "strike.persongroupinfo", "pk": 13, "fields": {"groupCharacter": 1, "groupCharacter_another": null, "tradeUnionMembership": 3}}, {"model": "strike.persongroupinfo", "pk": 14, "fields": {"groupCharacter": 2, "groupCharacter_another": null, "tradeUnionMembership": 2}}, {"model": "strike.persongroupinfo", "pk": 15, "fields": {"groupCharacter": 2, "groupCharacter_another": null, "tradeUnionMembership": 2}}, {"model": "strike.persongroupinfo", "pk": 16, "fields": {"groupCharacter": 1, "groupCharacter_another": null, "tradeUnionMembership": 1}}, {"model": "strike.persongroupinfo", "pk": 17, "fields": {"groupCharacter": 1, "groupCharacter_another": null, "tradeUnionMembership": 1}}, {"model": "strike.persongroupinfo", "pk": 18, "fields": {"groupCharacter": 2, "groupCharacter_another": null, "tradeUnionMembership": 3}}, {"model": "strike.tradeuniondata", "pk": 1, "fields": {"tradeUnion_name": "1.1\t{{card|var_verbose_name(”id”)}}\t{{ card.id }} 1.2\t{{card|var_verbose_name(”name”)}}\t{{ card.name", "tradeUnion_contacts": "1.1\t{{card|var_verbose_name(”id”)}}\t{{ card.id }} 1.2\t{{card|var_verbose_name(”name”)}}\t{{ card.name }} 1.3\t{{card|var_verbose_name(”card_sources”)}} \t{% for item in card_sources %} {% if item.name%}"}}, {"model": "strike.tradeuniondata", "pk": 2, "fields": {"tradeUnion_name": "1.1\t{{card|var_verbose_name(”id”)}}\t{{ card.id }} 1.2\t{{card|var_verbose_name(”name”)}}\t{{ card.name", "tradeUnion_contacts": "1.1\t{{card|var_verbose_name(”id”)}}\t{{ card.id }} 1.2\t{{card|var_verbose_name(”name”)}}\t{{ card.name }} 1.3\t{{card|var_verbose_name(”card_sources”)}} \t{% for item in card_sources %} {% if item.name%}"}}, {"model": "strike.tradeuniondata", "pk": 3, "fields": {"tradeUnion_name": "1.1\t{{card|var_verbose_name(”id”)}}\t{{ card.id }} 1.2\t{{card|var_verbose_name(”name”)}}\t{{ card.name", "tradeUnion_contacts": "1.1\t{{card|var_verbose_name(”id”)}}\t{{ card.id }} 1.2\t{{card|var_verbose_name(”name”)}}\t{{ card.name }} 1.3\t{{card|var_verbose_name(”card_sources”)}} \t{% for item in card_sources %} {% if item.name%}"}}, {"model": "strike.tradeuniondata", "pk": 4, "fields": {"tradeUnion_name": "1.1\t{{card|var_verbose_name(”id”)}}\t{{ card.id }} 1.2\t{{card|var_verbose_name(”name”)}}\t{{ card.name", "tradeUnion_contacts": "1.1\t{{card|var_verbose_name(”id”)}}\t{{ card.id }} 1.2\t{{card|var_verbose_name(”name”)}}\t{{ card.name }} 1.3\t{{card|var_verbose_name(”card_sources”)}} \t{% for item in card_sources %} {% if item.name%}"}}, {"model": "strike.tradeuniondata", "pk": 5, "fields": {"tradeUnion_name": "1.1\t{{card|var_verbose_name(”id”)}}\t{{ card.id }} 1.2\t{{card|var_verbose_name(”name”)}}\t{{ card.name", "tradeUnion_contacts": "1.1\t{{card|var_verbose_name(”id”)}}\t{{ card.id }} 1.2\t{{card|var_verbose_name(”name”)}}\t{{ card.name }} 1.3\t{{card|var_verbose_name(”card_sources”)}} \t{% for item in card_sources %} {% if item.name%}"}}, {"model": "strike.tradeuniondata", "pk": 6, "fields": {"tradeUnion_name": "1.1\t{{card|var_verbose_name(”id”)}}\t{{ card.id }} 1.2\t{{card|var_verbose_name(”name”)}}\t{{ card.name", "tradeUnion_contacts": "1.1\t{{card|var_verbose_name(”id”)}}\t{{ card.id }} 1.2\t{{card|var_verbose_name(”name”)}}\t{{ card.name }} 1.3\t{{card|var_verbose_name(”card_sources”)}} \t{% for item in card_sources %} {% if item.name%}"}}, {"model": "strike.tradeuniondata", "pk": 7, "fields": {"tradeUnion_name": "1.1\t{{card|var_verbose_name(”id”)}}\t{{ card.id }} 1.2\t{{card|var_verbose_name(”name”)}}\t{{ card.name", "tradeUnion_contacts": "1.1\t{{card|var_verbose_name(”id”)}}\t{{ card.id }} 1.2\t{{card|var_verbose_name(”name”)}}\t{{ card.name }} 1.3\t{{card|var_verbose_name(”card_sources”)}} \t{% for item in card_sources %} {% if item.name%}"}}, {"model": "strike.tradeuniondata", "pk": 8, "fields": {"tradeUnion_name": "1.1\t{{card|var_verbose_name(”id”)}}\t{{ card.id }} 1.2\t{{card|var_verbose_name(”name”)}}\t{{ card.name", "tradeUnion_contacts": "1.1\t{{card|var_verbose_name(”id”)}}\t{{ card.id }} 1.2\t{{card|var_verbose_name(”name”)}}\t{{ card.name }} 1.3\t{{card|var_verbose_name(”card_sources”)}} \t{% for item in card_sources %} {% if item.name%}"}}, {"model": "strike.tradeuniondata", "pk": 9, "fields": {"tradeUnion_name": "1.1\t{{card|var_verbose_name(”id”)}}\t{{ card.id }} 1.2\t{{card|var_verbose_name(”name”)}}\t{{ card.name", "tradeUnion_contacts": "1.1\t{{card|var_verbose_name(”id”)}}\t{{ card.id }} 1.2\t{{card|var_verbose_name(”name”)}}\t{{ card.name }} 1.3\t{{card|var_verbose_name(”card_sources”)}} \t{% for item in card_sources %} {% if item.name%}"}}, {"model": "strike.tradeuniondata", "pk": 10, "fields": {"tradeUnion_name": "1.1\t{{card|var_verbose_name(”id”)}}\t{{ card.id }} 1.2\t{{card|var_verbose_name(”name”)}}\t{{ card.name", "tradeUnion_contacts": "1.1\t{{card|var_verbose_name(”id”)}}\t{{ card.id }} 1.2\t{{card|var_verbose_name(”name”)}}\t{{ card.name }} 1.3\t{{card|var_verbose_name(”card_sources”)}} \t{% for item in card_sources %} {% if item.name%}"}}, {"model": "strike.tradeuniondata", "pk": 11, "fields": {"tradeUnion_name": "1.1\t{{card|var_verbose_name(”id”)}}\t{{ card.id }} 1.2\t{{card|var_verbose_name(”name”)}}\t{{ card.name", "tradeUnion_contacts": "1.1\t{{card|var_verbose_name(”id”)}}\t{{ card.id }} 1.2\t{{card|var_verbose_name(”name”)}}\t{{ card.name }} 1.3\t{{card|var_verbose_name(”card_sources”)}} \t{% for item in card_sources %} {% if item.name%}"}}, {"model": "strike.tradeuniondata", "pk": 12, "fields": {"tradeUnion_name": "1.1\t{{card|var_verbose_name(”id”)}}\t{{ card.id }} 1.2\t{{card|var_verbose_name(”name”)}}\t{{ card.name", "tradeUnion_contacts": "1.1\t{{card|var_verbose_name(”id”)}}\t{{ card.id }} 1.2\t{{card|var_verbose_name(”name”)}}\t{{ card.name }} 1.3\t{{card|var_verbose_name(”card_sources”)}} \t{% for item in card_sources %} {% if item.name%}"}}, {"model": "strike.tradeuniondata", "pk": 13, "fields": {"tradeUnion_name": "1.1\t{{card|var_verbose_name(”id”)}}\t{{ card.id }} 1.2\t{{card|var_verbose_name(”name”)}}\t{{ card.name", "tradeUnion_contacts": "1.1\t{{card|var_verbose_name(”id”)}}\t{{ card.id }} 1.2\t{{card|var_verbose_name(”name”)}}\t{{ card.name }} 1.3\t{{card|var_verbose_name(”card_sources”)}} \t{% for item in card_sources %} {% if item.name%}"}}, {"model": "strike.tradeuniondata", "pk": 14, "fields": {"tradeUnion_name": "1.1\t{{card|var_verbose_name(”id”)}}\t{{ card.id }} 1.2\t{{card|var_verbose_name(”name”)}}\t{{ card.name", "tradeUnion_contacts": "1.1\t{{card|var_verbose_name(”id”)}}\t{{ card.id }} 1.2\t{{card|var_verbose_name(”name”)}}\t{{ card.name }} 1.3\t{{card|var_verbose_name(”card_sources”)}} \t{% for item in card_sources %} {% if item.name%}"}}, {"model": "strike.tradeuniondata", "pk": 15, "fields": {"tradeUnion_name": "1.1\t{{card|var_verbose_name(”id”)}}\t{{ card.id }} 1.2\t{{card|var_verbose_name(”name”)}}\t{{ card.name", "tradeUnion_contacts": "1.1\t{{card|var_verbose_name(”id”)}}\t{{ card.id }} 1.2\t{{card|var_verbose_name(”name”)}}\t{{ card.name }} 1.3\t{{card|var_verbose_name(”card_sources”)}} \t{% for item in card_sources %} {% if item.name%}"}}, {"model": "strike.tradeuniondata", "pk": 16, "fields": {"tradeUnion_name": "1.1\t{{card|var_verbose_name(”id”)}}\t{{ card.id }} 1.2\t{{card|var_verbose_name(”name”)}}\t{{ card.name", "tradeUnion_contacts": "1.1\t{{card|var_verbose_name(”id”)}}\t{{ card.id }} 1.2\t{{card|var_verbose_name(”name”)}}\t{{ card.name }} 1.3\t{{card|var_verbose_name(”card_sources”)}} \t{% for item in card_sources %} {% if item.name%}"}}, {"model": "strike.tradeuniondata", "pk": 17, "fields": {"tradeUnion_name": "профсоюз работников железных дорог", "tradeUnion_contacts": "ЗКО, г.Уральск, ул.Жукова, 5"}}, {"model": "strike.tradeuniondata", "pk": 18, "fields": {"tradeUnion_name": "Профсоюз работников железных дорог", "tradeUnion_contacts": "Западно-Казахстанская область, г. Уральск, ул. Жукова, д. 5"}}, {"model": "strike.tradeuniondata", "pk": 19, "fields": {"tradeUnion_name": "Профсоюз работников железных дорог", "tradeUnion_contacts": "г. Уральск, ул. Жукова 5"}}, {"model": "strike.tradeuniondata", "pk": 20, "fields": {"tradeUnion_name": "Профсоюз работников железных дорог", "tradeUnion_contacts": "г. Уральск, ул. Жукова 5"}}, {"model": "strike.employer", "pk": 1, "fields": {"emp_name": "photoForm = CardPhotoForm(request.POST)         fileForm = CardFileForm(request.POST)", "emp_contacts": "photoForm = CardPhotoForm(request.POST)         fileForm = CardFileForm(request.POST)"}}, {"model": "strike.age", "pk": 1, "fields": {"name": "менее 18 лет", "active": true}}, {"model": "strike.age", "pk": 2, "fields": {"name": "19-62", "active": true}}, {"model": "strike.age", "pk": 3, "fields": {"name": "63 и старше", "active": true}}, {"model": "strike.initiator", "pk": 1, "fields": {"name": "Профсоюз"}}, {"model": "strike.initiator", "pk": 2, "fields": {"name": "Группа лиц"}}, {"model": "strike.initiator", "pk": 3, "fields": {"name": "Физическое лицо"}}, {"model": "strike.initiator", "pk": 4, "fields": {"name": "Работодатель"}}, {"model": "strike.cardphoto", "pk": 8, "fields": {"photo": "document/2021/10/04/1611047514_c972f57b-5a69-4977-9829-aa65fd4fa54b.jpg", "card": 5}}, {"model": "strike.cardphoto", "pk": 9, "fields": {"photo": "document/2021/10/04/aktau-zabastovka.png", "card": 5}}, {"model": "strike.tradeunionchoice", "pk": 1, "fields": {"name": "Да", "active": true}}, {"model": "strike.tradeunionchoice", "pk": 2, "fields": {"name": "Отсутствует", "active": true}}, {"model": "strike.tradeunionchoice", "pk": 3, "fields": {"name": "Неизвестно", "active": true}}, {"model": "strike.tradeunionchoice", "pk": 4, "fields": {"name": "Другое", "active": true}}, {"model": "strike.strikecharacter", "pk": 1, "fields": {"name": "кратковременная", "active": true}}, {"model": "strike.strikecharacter", "pk": 2, "fields": {"name": "длящаяся", "active": true}}, {"model": "strike.economicdemand", "pk": 1, "fields": {"name": "Оплата труда", "active": true}}, {"model": "strike.economicdemand", "pk": 2, "fields": {"name": "Охрана труда и здоровье", "active": true}}, {"model": "strike.economicdemand", "pk": 3, "fields": {"name": "Вопросы занятости уволенных/сокращенных работников, безработных", "active": true}}, {"model": "strike.economicdemand", "pk": 4, "fields": {"name": "Сокращение рабочего времени", "active": true}}, {"model": "strike.economicdemand", "pk": 5, "fields": {"name": "Другое", "active": true}}, {"model": "strike.politicdemand", "pk": 1, "fields": {"name": "Смена руководства предприятия", "active": true}}, {"model": "strike.politicdemand", "pk": 2, "fields": {"name": "Смена руководителей исполнительной власти", "active": true}}, {"model": "strike.politicdemand", "pk": 3, "fields": {"name": "Проведение политических реформ в стране", "active": true}}, {"model": "strike.politicdemand", "pk": 4, "fields": {"name": "Другое", "active": true}}, {"model": "strike.combodemand", "pk": 1, "fields": {"name": "Требования связанные с профсоюзной деятельностью", "active": true}}, {"model": "strike.combodemand", "pk": 2, "fields": {"name": "Другое", "active": true}}, {"model": "strike.meetingrequirment", "pk": 1, "fields": {"name": "удовлетворены", "active": true}}, {"model": "strike.meetingrequirment", "pk": 2, "fields": {"name": "не удовлетворены", "active": true}}, {"model": "strike.meetingrequirment", "pk": 3, "fields": {"name": "удовлетворены частично", "active": true}}, {"model": "strike.card", "pk": 5, "fields": {"name": "Забастовка в ТОО «Инженерная буровая компания «Си Бу» в Актау", "source_url": "https://kaztag.kz/ru/news/rabotniki-burovoy-kompanii-proveli-zabastovku-v-aktau", "source_content": "15 января сотрудники ТОО «Инженерная буровая компания «Си Бу» в Актау провели забастовку. Работники выразили недовольство размером ежегодной премии. 19 января работники вновь вышли на забастовку.", "country": 3, "region": 71, "city_name": "Актау", "company_name": "ТОО «Инженерная буровая компания «Си Бу»", "company_ownership_type": 3, "company_country_name": "", "company_is_tnk_member": null, "company_tnk_name": null, "company_employees_count": 3, "count_strike_participants": 3, "economic_another": null, "politic_another": null, "combo_another": null, "start_date": "2021-01-14T18:00:00Z", "end_date": "2021-09-24T18:00:00Z", "date_type": true, "tradeunionChoice": 2, "tradeunionChoiceAnother": null, "date_create": "2021-10-04T08:41:42.484Z", "date_update": "2021-10-04T08:41:42.484Z", "active": true, "comment": null, "added_by": 17, "initiator": 2, "tradeunion_data": null, "personGroupInfo": 8, "employear": null, "duration": 2, "meeting_requirements": 1, "story": "15 января сотрудники ТОО «Инженерная буровая компания «Си Бу» в Актау провели забастовку. Работники выразили недовольство размером ежегодной премии. Об этом сообщил Нуралы Баулыбаев, заместитель руководителя управления государственной инспекции труда Мангистауской области. \r\n\r\nПо словам работодателя, в 2020 году из-за пандемии работа часто простаивала, поскольку размер премии напрямую зависит от количества выполненной работы, она была меньше, чем в прошлые годы. Сотрудники компании решили оспорить это решение акцией протеста.\r\n\r\nВ 2020 году у работников компании уже возникали претензии к размеру выплат. В период карантина они просили выплачивать по 50% от заработной платы. Работодатель это требование не удовлетворил. После этого 65 сотрудников компании написали заявление в трудовую инспекцию, работодателю выдали предписание. Управление настаивало на том, чтобы работодатель произвел перерасчет и выплатил работникам недостающие средства. Представители компании попытались обжаловать это предписание в суде, но суд отказал им в иске. Выплаты получили те 65 сотрудников, которые подавали жалобу.\r\n\r\n19 января работники вновь вышли на забастовку с требованиями:\r\n\r\n- поднять заработную плату на 200 тысяч тенге;\r\n- премии в праздничные дни поднять на 70 МРП;\r\n- тринадцатую зарплату начислять в соответствии с первым требованием;\r\n- в случае простоя работодатель обязан выплатить 50 процентов заработной платы;\r\n- в случае сокращения в первую очередь сокращать граждан Китая; \r\n- в случае невыполнения требований, ТОО «СиБу» должно признать себя банкротом.", "reasons_for_strike": "Низкие доходы, снижение платежеспособности работников за период пандемии, сокращение надбавок и премий", "change_number_participants": "Весь период протестов, количество работников находилось на одном уровне", "initiators_and_participants": "Продолжают работать", "state_position": "Государство частично содействовало требованиям рабочих.", "results_so_far": "Требования работников были удовлетворены частично", "additional_information": "", "case_text": "", "card_sources": [1], "card_demand_categories": [1], "economic_demands": [1], "politic_demands": [], "combo_demands": []}}, {"model": "strike.card", "pk": 7, "fields": {"name": "забастовка группа 3", "source_url": null, "source_content": "", "country": 3, "region": 57, "city_name": "Нур-Султан", "company_name": "ТОО \"ЖБИ\"", "company_ownership_type": 2, "company_country_name": "", "company_is_tnk_member": null, "company_tnk_name": null, "company_employees_count": 2, "count_strike_participants": 1, "economic_another": null, "politic_another": null, "combo_another": null, "start_date": "2021-09-30T18:00:00Z", "end_date": "2021-09-24T18:00:00Z", "date_type": false, "tradeunionChoice": 1, "tradeunionChoiceAnother": null, "date_create": "2021-10-08T08:01:29.981Z", "date_update": "2021-10-08T08:01:29.981Z", "active": true, "comment": null, "added_by": 19, "initiator": 2, "tradeunion_data": null, "personGroupInfo": 10, "employear": null, "duration": 1, "meeting_requirements": 2, "story": "Бригада работников ТОО \"ЖБИ\", в составе 4 стропальщиков и одного крановщика несправедливо не дополучали объём работы, то есть меньше ранее установленного. От этого у них  снизилась ЗП. При этом, у других бригад сохранились и объёмы и оплата. \r\nВ связи с этой дискриминацией эта бригада на прошлой неделе 01.10.2021 года отказались о  работы и пошли к генеральному директору. \r\nОднако, его не было на работе целый день и только вечером приехав он обещал разобраться. \r\nОднако, по факту он повешал на эту бригаду все убытки, которое понесло предприятие, которые вычтет из ЗП.\r\nНа сегодняшний день проблема не решена, попытки бригады попасть к генеральному директору не успешны, так как вход в контору не доступен в связи с  поставленной охраной у входа.", "reasons_for_strike": "условия труда, дискриминация", "change_number_participants": "количество участников забастовки состоял из 5 человек, который не менялся.", "initiators_and_participants": "ситуация с участниками забастовки неизменна, в инспекцию труда не обращались. НПО занимается сбором информации для оказания правовой помощи.", "state_position": "уполномоченный орган не реагировал так как работники к ним не обратились в связи с отсутствием трудовых договоров.", "results_so_far": "не разрешена", "additional_information": "", "case_text": "", "card_sources": [6], "card_demand_categories": [1], "economic_demands": [1], "politic_demands": [], "combo_demands": []}}, {"model": "strike.card", "pk": 8, "fields": {"name": "тест 2 (задание 3)", "source_url": null, "source_content": "", "country": 3, "region": 67, "city_name": "Уральск", "company_name": "АО Казахстан темиржолы", "company_ownership_type": 3, "company_country_name": "", "company_is_tnk_member": null, "company_tnk_name": null, "company_employees_count": 4, "count_strike_participants": 4, "economic_another": null, "politic_another": null, "combo_another": "улучшение условий труда", "start_date": "2021-08-24T18:00:00Z", "end_date": "2021-09-24T18:00:00Z", "date_type": true, "tradeunionChoice": 1, "tradeunionChoiceAnother": null, "date_create": "2021-10-08T08:01:52.930Z", "date_update": "2021-10-08T08:01:52.930Z", "active": true, "comment": null, "added_by": 25, "initiator": 1, "tradeunion_data": 17, "personGroupInfo": null, "employear": null, "duration": 2, "meeting_requirements": 2, "story": "Профсоюз работников железных дорог проголосовал за забастовку, она начнется уже во вторник вечером и затронет основного железнодорожного оператора. 95% членов профсоюза проголосовали за забастовку. Забастовку планируют провести во вторник с 19:00 до 2:00 среды. \r\nОсновные требования участников забастовки: улучшение условий труда, обновление аварийных вагонов, т.к. из частных поломок сотрудников отправляют в отпуск без сохранения заработной платы. А всем остальным снижают премии, т.к. нет перевозок и все сотрудники переведены на 4 дневный график работы.  Сотрудники пытались договориться с руководством, но они не шли на контакт.", "reasons_for_strike": "Основные требования участников забастовки: улучшение условий труда, обновление аварийных вагонов, т.к. из частных поломок сотрудников отправляют в отпуск без сохранения заработной платы. А всем остальным снижают премии, т.к. нет перевозок.", "change_number_participants": "с момента планирования забастовки постепенно возрастало количество бастующих", "initiators_and_participants": "продолжают работать, административных взысканий не применялось", "state_position": "позиция государства на данный момент неизвестна, т.к. забастовка еще планируется", "results_so_far": "забастовка планируется и итоги пока неизвестны", "additional_information": "", "case_text": "", "card_sources": [3], "card_demand_categories": [3], "economic_demands": [], "politic_demands": [], "combo_demands": [2]}}, {"model": "strike.card", "pk": 9, "fields": {"name": "Группа Тест 2 задание 3", "source_url": null, "source_content": "", "country": 3, "region": 67, "city_name": "г. Уральск", "company_name": "АО \"Казхстан Темиржолы\"", "company_ownership_type": 3, "company_country_name": "", "company_is_tnk_member": null, "company_tnk_name": null, "company_employees_count": 4, "count_strike_participants": 4, "economic_another": null, "politic_another": null, "combo_another": "Основное требование улучшение условий труда", "start_date": "2021-08-24T18:00:00Z", "end_date": "2021-09-24T18:00:00Z", "date_type": true, "tradeunionChoice": 1, "tradeunionChoiceAnother": null, "date_create": "2021-10-08T08:01:59.507Z", "date_update": "2021-10-08T08:01:59.507Z", "active": true, "comment": null, "added_by": 24, "initiator": 1, "tradeunion_data": 18, "personGroupInfo": null, "employear": null, "duration": 2, "meeting_requirements": 2, "story": "1. В начале августа 2021 года к нам обратился член Профсоюза работников железных дорог г. Уральск по номеру +7--777-366-09-13.\r\n2. С его слов, члены профсоюза проголосовали на собрании за забастовку, забастовка начнется уже во вторник вечером и затронет основного железнодорожного оператора АО \"Казахстан Темиржолы\".\r\n3. С его слов 95% членов профсоюза проголосовали за забастовку но по его мнению это незаконно.\r\n4. По их плану, с 19:00 начнется забастовка сотрудников грузового транспорта, в ночь на среду с 02:00 будут бастовать сотрудники пассажирского железнодорожного транспорта.\r\n5. Основное требование это улучшение условий труда в виде:\r\n- аварийного состояния вагонов;\r\n- частый ремонт аварийных вагонов;\r\n- при отправке на ремонт вагона, проводников отправляют в отпуск без содержания;\r\n- снижение премии в связи с отсутствие перевозок;\r\n- перевод работников управления на 4 дневный график работы.\r\n6. Со слов члена профсоюза, это незаконно и забастовку поддерживает сам председатель профсоюза.", "reasons_for_strike": "Отсутствие условий труда, продолжительность рабочего времени и оплата труда.", "change_number_participants": "С момента планирования и начала забастовки их количество возрастало.", "initiators_and_participants": "Продолжают работать без применения на них административных санкции, в связи с тем, что в забастовке принимало участие почти все члены профсоюза железнодорожных работников.", "state_position": "Позиция государства неизвестна в связи с планированием забастовки.", "results_so_far": "Забастовка планируется и результат по выдвинутым требованиям неизвестна.", "additional_information": "", "case_text": "", "card_sources": [3], "card_demand_categories": [3], "economic_demands": [], "politic_demands": [], "combo_demands": [2]}}, {"model": "strike.card", "pk": 10, "fields": {"name": "Тестовое задание №3 Забастовка", "source_url": null, "source_content": "", "country": 3, "region": 57, "city_name": "Нур-Султан", "company_name": "ЖБИ", "company_ownership_type": 2, "company_country_name": "", "company_is_tnk_member": null, "company_tnk_name": null, "company_employees_count": 2, "count_strike_participants": 1, "economic_another": null, "politic_another": null, "combo_another": null, "start_date": "2021-09-30T18:00:00Z", "end_date": "2021-09-24T18:00:00Z", "date_type": false, "tradeunionChoice": 1, "tradeunionChoiceAnother": null, "date_create": "2021-10-08T08:02:43.594Z", "date_update": "2021-10-08T08:12:34.501Z", "active": true, "comment": null, "added_by": 22, "initiator": 2, "tradeunion_data": null, "personGroupInfo": 13, "employear": null, "duration": 1, "meeting_requirements": 2, "story": "1.Обратилась бригада из 5 человек, работающие на заводе ЖБИ.\r\n2. Раньше ЗП завесила от выработки. В течении 2-х месяцев нагрузка уменьшилась. \r\n3. Обратились к начальнику предприятия - не дает объяснений.\r\n4. 01.10.2021г устроили забастовку.\r\n5. Начальник предприятия  пообещал разобраться.", "reasons_for_strike": "Раньше ЗП завесила от выработки. В течении 2-х месяцев нагрузка уменьшилась, следовательно это отразилось на ЗП.", "change_number_participants": "Не менялось", "initiators_and_participants": "Работу продолжают. Работодатель угрожает повесить все убытки завода.", "state_position": "Не обращались", "results_so_far": "Проблема не решена в адрес бастовавших поступают угрозы.", "additional_information": "Продолжают работать", "case_text": "", "card_sources": [6], "card_demand_categories": [1], "economic_demands": [1], "politic_demands": [], "combo_demands": []}}, {"model": "strike.card", "pk": 12, "fields": {"name": "группа 4 3 задание", "source_url": null, "source_content": "", "country": 3, "region": 58, "city_name": "Алмата", "company_name": "ОсОО\"ДОМ\"", "company_ownership_type": 2, "company_country_name": "", "company_is_tnk_member": null, "company_tnk_name": null, "company_employees_count": 1, "count_strike_participants": 2, "economic_another": null, "politic_another": null, "combo_another": null, "start_date": "2021-10-03T18:00:00Z", "end_date": "2021-09-24T18:00:00Z", "date_type": false, "tradeunionChoice": 3, "tradeunionChoiceAnother": null, "date_create": "2021-10-08T08:14:37.318Z", "date_update": "2021-10-08T08:14:37.318Z", "active": true, "comment": null, "added_by": 21, "initiator": 2, "tradeunion_data": null, "personGroupInfo": 14, "employear": null, "duration": 1, "meeting_requirements": 2, "story": "ОсОО \"Дом\"  не производил невыплату заработной платы работникам (консьержам) за 5 месяцев. Часть работников трудоустроены нелегально без заключения письменного трудового договора, так как они являются мигрантами. Оплата с работниками-мигрантами осуществляется посредством выдачи денежных средств на руки. С остальными сотрудниками, имеющих гражданство Республики Казахстан, заключен письменный трудовой договор.\r\n4 октября 2021г. работницы ОсОО \"Дом\" устроили на забастовку возле офиса организации  из -за невыплаты заработной платы за 5 месяцев.", "reasons_for_strike": "Работодатель не произвел выплату заработной платы.", "change_number_participants": "", "initiators_and_participants": "Работодатель запугивает Работников -мигрантов выгнать с организации \r\nРаботники-гражданине РК уволены, заработная плата не выплачена.", "state_position": "", "results_so_far": "", "additional_information": "", "case_text": "", "card_sources": [2], "card_demand_categories": [1], "economic_demands": [1], "politic_demands": [], "combo_demands": []}}, {"model": "strike.card", "pk": 13, "fields": {"name": "группа 4", "source_url": null, "source_content": "", "country": 3, "region": 58, "city_name": "Алматы", "company_name": "ОсОО Дом", "company_ownership_type": 2, "company_country_name": "", "company_is_tnk_member": null, "company_tnk_name": null, "company_employees_count": 1, "count_strike_participants": 2, "economic_another": null, "politic_another": null, "combo_another": null, "start_date": "2021-10-03T18:00:00Z", "end_date": "2021-09-24T18:00:00Z", "date_type": false, "tradeunionChoice": 3, "tradeunionChoiceAnother": null, "date_create": "2021-10-08T08:18:07.786Z", "date_update": "2021-10-08T08:18:07.786Z", "active": true, "comment": null, "added_by": 17, "initiator": 2, "tradeunion_data": null, "personGroupInfo": 15, "employear": null, "duration": 1, "meeting_requirements": 2, "story": "В течении дня 4.10.2021 сотрудники (легальные и нелегальные) устроили забастовку, и сидели возле офиса, с требованиями выплаты з/п..", "reasons_for_strike": "Не выплата з/п в течении 5 месяцев, после участия в забастовке перед офисом компании произошло массовое увольнение.\r\nУ большинства сотрудников отсутствуют трудовые договора.\r\nУ обратившейся сотрудницы на руках отсутствует трудовой договор, но он подписан.", "change_number_participants": "Количество участников не менялось.", "initiators_and_participants": "Не местным сотрудницам грозит возвращение в страну происхождения. Легального сотрудника уволили с работы,", "state_position": "не известна", "results_so_far": "Итог забастовки привел к увольнению и возвращению нелегальных сотрудников в страну происхождения", "additional_information": "у легальных работников имеются доказательства выплаты з\\п, для обращения в судебные органы. (з/п отправляли на банковскую карту).\r\nу нелегальных работников при  обращении в суд, при наличии свидетелей существует возможность взыскать з/п. (з/п. получалась наличным расчетом.)", "case_text": "", "card_sources": [2], "card_demand_categories": [1], "economic_demands": [1], "politic_demands": [], "combo_demands": []}}, {"model": "strike.card", "pk": 14, "fields": {"name": "Забастовка работников ТОО  \"Семей тазалык\"  в городе Семей", "source_url": "https://www.youtube.com/watch?v=JcCOMK1vo_Q", "source_content": "22 октября 2021 г. работники ТОО \"Семей тазалык\" города Семей бастуют третий день. Требования работников - повышение размера тарифа на вывоз мусора.", "country": 3, "region": 65, "city_name": "г. Семей", "company_name": "ТОО «СЕМЕЙ ТАЗАЛЫК»", "company_ownership_type": 2, "company_country_name": "", "company_is_tnk_member": null, "company_tnk_name": null, "company_employees_count": 2, "count_strike_participants": 2, "economic_another": null, "politic_another": null, "combo_another": null, "start_date": "2021-10-21T18:00:00Z", "end_date": "2021-10-14T18:00:00Z", "date_type": false, "tradeunionChoice": 1, "tradeunionChoiceAnother": null, "date_create": "2021-10-22T08:30:15.529Z", "date_update": "2021-10-24T14:23:45.750Z", "active": true, "comment": null, "added_by": 28, "initiator": 2, "tradeunion_data": null, "personGroupInfo": 17, "employear": null, "duration": 2, "meeting_requirements": 2, "story": "22.10.2021 г. работники товарищества с ограниченной ответственностью \"СЕМЕЙ ТАЗАЛЫК\" выложили на канале ЖКХ Семей (508 подписчиков) видеоролики с информацией о том, что они уже бастуют уже третий день. Обращались во все государственные органы, но никто не реагируют. Работники заявили, что главное требования забастовки - повышение тарифа на вывоз мусора в городе Семей. Работники говорят, что они обратились к руководству ТОО  \"СЕМЕЙ ТАЗАЛЫК\", чтобы они повысили размер заработной платы. Руководители ТОО \"СЕМЕЙ ТАЗАЛЫК\" поставили условие работникам предприятия, если вы добьётесь повышения тарифа, то мы повысим размер заработной платы. Поэтому работники предприятия вышли на забастовку.", "reasons_for_strike": "Работники заявили, что главное требования забастовки - повышение тарифа на вывоз мусора в городе Семей. Работники говорят, что они обратились к руководству ТОО  \"СЕМЕЙ ТАЗАЛЫК\", чтобы они повысили размер заработной платы. Руководители ТОО \"СЕМЕЙ ТАЗАЛЫК\" поставили условие работникам предприятия, если вы добьётесь повышения тарифа, то мы повысим размер заработной платы. Поэтому работники предприятия вышли на забастовку.", "change_number_participants": "количество участников стабильное", "initiators_and_participants": "продолжают работать", "state_position": "государственные органы пока не реагируют.", "results_so_far": "На 22.10.2021 г. забастовка продолжается.", "additional_information": "Юрист Проекта Рахимбердин К.Х. подготовил материал по забастовке и разместил его на сайте КМБПЧ и СЗ \r\nhttps://bureau.kz/novosti/gorod-na-grani-musornogo-kollapsa/\r\nСтатья называется: Город на грани мусорного коллапса. Материал был первой статьей освещающей забастовку работников ТОО \"Семей Тазалык\".", "case_text": "https://www.youtube.com/watch?v=xCX56xFL-6E\r\nНовый ролики по забастовке\r\nhttps://bureau.kz/novosti/gorod-na-grani-musornogo-kollapsa/", "card_sources": [1], "card_demand_categories": [1], "economic_demands": [1], "politic_demands": [], "combo_demands": []}}, {"model": "strike.card", "pk": 15, "fields": {"name": "Забастовка курьеров Glovo в г. Нур-Султан", "source_url": "https://informburo.kz/novosti/v-nur-sultane-kurery-glovo-ustroili-zabastovku", "source_content": "В Нур-Султане курьеры Glovo устроили забастовку\r\n 20 октября 2021, 14:47  38417 #фото  Написать автору\r\nКурьеры столицы не хотят работать по картам 2GIS.\r\nВ Нур-Султане 70 курьеров Glovo не вышли на работу в знак протеста. Они требуют вернуть прежнюю систему работы с использованием приложения \"Google Карты\", по которому считается километраж. \r\n\r\nЗабастовка курьеров Glovo / Фото informburo.kz\r\n\"Раньше, когда работали по Google-карте, у нас заработок другой был. А сейчас по 2GIS работаем – он считает через дом, я же на транспорте, взять парк – он считает проезд через парк, хотя мы не имеем право там ездить. Мы не можем пешком идти, соответственно, заработок меньше\", – рассказал Ербол Жакенов, курьер, работающий в Glovo два года.\r\n\r\nПо его словам, потери в заработке ощутимы. Курьеры решили дать руководству компании 2-3 дня на рассмотрение их требований, в этот период они не будут работать.\r\n\r\n\"Руководство с Алматы прислало людей, мы вопрос задали. Они говорят – это ваше дело, хотите работаете, хотите нет. Рабочие всегда найдутся\", – отметил Ербол Жакенов.\r\n\r\n\r\nКурьеры не вышли на работу / Фото informburo.kz\r\nВ Алматы курьеры Glovo собрались возле здания городского акимата. Однако никаких выступлений с заявлениями с их стороны не было.\r\n\r\n\r\nКурьеры Glovo в Алматы / Фото informburo.kz\r\nВ компании Glovo сообщили, что перешли на использование карт 2GIS в октябре 2021 года \"в связи с пожеланиями курьеров\". Сейчас использование карт тестируется в Нур-Султане, позже по ним будут работать курьеры по всей стране.\r\n\r\n\"В коммуникации с компанией курьеры часто говорили про дискомфорт при использовании карт Google Maps. Для нас важно обеспечить максимум удобства в использовании приложения не только пользователями, но и курьерами. Для имплементации новых карт компании понадобилось детальное изучение вопроса, после чего техническая служба в головном офисе внедрила 2GIS\", – прокомментировал генеральный менеджер Glovo в Казахстане Карим Богуспаев.\r\n\r\n\r\nЗабастовка курьеров Glovo в Нур-Султане / Фото informburo.kz\r\nВ компании отметили, что по всему миру Glovo работает с картами Google Maps. Существуют также опции выбора других карт, когда курьер может выбирать между 2GIS, Yandex.Maps и Google Maps, чтобы проложить маршрут, но при этом необходимо выйти из приложения, что, по словам курьеров, создавало неудобства. Сейчас же у курьеров в Казахстане появилась возможность использовать карты 2GIS, оставаясь в приложении, заявили в компании.\r\n\r\n7 июля более 80 курьеров службы доставки Glovo устроили забастовку возле офиса в Алматы. Одним из требований был отказ от использования приложения \"Google Карты\".\r\n\r\n\"Эти карты не оптимизированы под город Алматы, под Казахстан. Здесь правила дорожного движения меняются часто, и Google не учитывает их\", – говорили тогда бастующие.\r\n\r\nБизнес-модель Glovo предполагает построение отношений со всеми участниками в режиме партнёрства. Курьеры, партнёры Glovo, на этапе подключения к платформе самостоятельно выбирают для себя режим  взаимодействия по часам, датам и локациям, то есть сами регулируют часы и дни своей занятости. Месячный доход курьера, работающего в среднем до восьми часов в сутки, составляет около 277 200-290 400 тенге.", "country": 3, "region": 57, "city_name": "Нур-Султан", "company_name": "ТОО \"GLOVO KAZAKHSTAN\" (ГЛОВО КАЗАХСТАН)", "company_ownership_type": 4, "company_country_name": "", "company_is_tnk_member": "YES", "company_tnk_name": "Glovoapp23, S.L.", "company_employees_count": 2, "count_strike_participants": 3, "economic_another": "использование навигационных систем", "politic_another": null, "combo_another": null, "start_date": "2021-10-19T18:00:00Z", "end_date": "2021-10-14T18:00:00Z", "date_type": false, "tradeunionChoice": 2, "tradeunionChoiceAnother": null, "date_create": "2021-10-25T09:12:32.323Z", "date_update": "2021-10-25T09:12:32.323Z", "active": true, "comment": null, "added_by": 31, "initiator": 2, "tradeunion_data": null, "personGroupInfo": 18, "employear": null, "duration": 2, "meeting_requirements": 2, "story": "В октябре 2021 года компания Glovo перешла на использование карт 2GIS, взамен ранее используемых ей карт Google Maps.\r\n\r\n20 октября 2021 года около 70 курьеров GLOVO пришли к офису компании с требованиями вернуть использование системы Google Maps для расчета пройденного курьером пути.\r\n\r\n22 октября стало известно, что трех бастующих курьеров (одних из самых активных) заблокировали в системе без объяснения причин.\r\n\r\n24 октября часть бастующих вернулись к работе.", "reasons_for_strike": "Заработок курьера Glovo рассчитывается на основании пройденного им пути от заведения (кафе, ресторана) до адресата. Одни курьеры выполняют заказы пешком, другие используют транспортные средства.\r\n\r\nВ результате изменения навигационной системы, заработок курьера упал на 30-40%, поскольку система 2GIS рассматривает каждого курьера как пешехода и, соответственно, прокладывает маршруты через дворы, парки и иные места в которых проезд транспортных средств запрещен.\r\n\r\nВ результате этого, маршрут пешего курьера может быть меньше чем маршрут курьера на транспорте на 30-40%. Из-за этого, снизился доход курьеров пользующихся транспортом.\r\n\r\nВ то время как Google Maps могли рассматривать курьеров как автомобилистов и, соответственно, выстраивали маршрут для транспортного средства.", "change_number_participants": "Часть бастующих вышла на работу 24 октября. Причинами называют необходимость в заработке (пусть и уменьшенном).", "initiators_and_participants": "Трое бастующих были заблокированы в системе без объяснения причин.", "state_position": "Отсутствует.", "results_so_far": "Требования бастующих остались неудовлетворенными.", "additional_information": "", "case_text": "", "card_sources": [1, 2], "card_demand_categories": [1], "economic_demands": [1, 5], "politic_demands": [], "combo_demands": []}}]